{"display":{"head":{"rotation":[0.0,0.0,0.0],"scale":[3.8095,3.8095,3.8095],"translation":[0.0,-6.4,0.0]}},"elements":[{"faces":{"down":{"rotation":0,"texture":"#0","tintindex":0,"uv":[9.7375,2.6375,9.2625,3.2375]},"east":{"rotation":0,"texture":"#0","tintindex":0,"uv":[7.8875,5.3875,8.4875,6.2375]},"north":{"rotation":0,"texture":"#0","tintindex":0,"uv":[2.5125,9.0125,2.9875,9.8625]},"south":{"rotation":0,"texture":"#0","tintindex":0,"uv":[8.7625,2.8875,9.2375,3.7375]},"up":{"rotation":0,"texture":"#0","tintindex":0,"uv":[9.7375,3.2375,9.2625,2.6375]},"west":{"rotation":0,"texture":"#0","tintindex":0,"uv":[8.1375,3.1375,8.7375,3.9875]}},"from":[6.8,3.7677388,8.045227],"name":"cube","rotation":{"angle":0.0,"axis":"x","origin":[5.6,10.1,12.650001]},"to":[9.2,7.967739,11.045227]},{"faces":{"down":{"rotation":0,"texture":"#0","tintindex":0,"uv":[9.9875,7.7625,9.5125,7.8625]},"east":{"rotation":0,"texture":"#0","tintindex":0,"uv":[9.6375,5.5125,9.7375,5.7375]},"north":{"rotation":0,"texture":"#0","tintindex":0,"uv":[9.3875,9.0125,9.8625,9.2375]},"south":{"rotation":0,"texture":"#0","tintindex":0,"uv":[9.3875,9.2625,9.8625,9.4875]},"up":{"rotation":0,"texture":"#0","tintindex":0,"uv":[9.9875,4.6125,9.5125,4.5125]},"west":{"rotation":0,"texture":"#0","tintindex":0,"uv":[9.6375,5.7625,9.7375,5.9875]}},"from":[6.8,3.7677388,7.445227],"name":"cube","rotation":{"angle":0.0,"axis":"x","origin":[5.6,10.1,9.65]},"to":[9.2,4.967739,8.045227]}],"textures":{"0":"modelengine:entity/king"}}