{"display":{"head":{"rotation":[0.0,0.0,0.0],"scale":[3.8095,3.8095,3.8095],"translation":[0.0,-6.4,0.0]}},"elements":[{"faces":{"down":{"rotation":0,"texture":"#0","tintindex":0,"uv":[8.7625,9.0125,9.3625,9.8625]},"east":{"rotation":0,"texture":"#0","tintindex":0,"uv":[8.1125,7.2625,7.2625,8.3625]},"north":{"rotation":0,"texture":"#0","tintindex":0,"uv":[6.2375,8.2625,5.6375,9.3625]},"south":{"rotation":0,"texture":"#0","tintindex":0,"uv":[8.7375,8.2625,8.1375,9.3625]},"up":{"rotation":0,"texture":"#0","tintindex":0,"uv":[8.8875,7.8625,9.4875,7.0125]},"west":{"rotation":0,"texture":"#0","tintindex":0,"uv":[7.2375,7.2625,6.3875,8.3625]}},"from":[6.5,2.6,3.7999997],"name":"cube","rotation":{"angle":0.0,"axis":"x","origin":[11.3,3.7999997,8.0]},"to":[9.5,8.0,8.0]},{"faces":{"down":{"rotation":0,"texture":"#0","tintindex":0,"uv":[7.8875,2.7625,8.1125,3.2375]},"east":{"rotation":0,"texture":"#0","tintindex":0,"uv":[9.9875,7.0125,9.5125,7.2375]},"north":{"rotation":0,"texture":"#0","tintindex":0,"uv":[9.7375,8.2625,9.5125,8.4875]},"south":{"rotation":0,"texture":"#0","tintindex":0,"uv":[9.7375,8.5125,9.5125,8.7375]},"up":{"rotation":0,"texture":"#0","tintindex":0,"uv":[7.6375,5.4875,7.8625,5.0125]},"west":{"rotation":0,"texture":"#0","tintindex":0,"uv":[9.9875,4.2625,9.5125,4.4875]}},"from":[8.0,0.7999997,4.3999996],"name":"cube","rotation":{"angle":0.0,"axis":"x","origin":[8.0,0.7999997,5.6]},"to":[9.2,1.9999998,6.8]},{"faces":{"down":{"rotation":0,"texture":"#0","tintindex":0,"uv":[9.2625,3.2625,9.7375,3.7375]},"east":{"rotation":0,"texture":"#0","tintindex":0,"uv":[9.9875,4.0125,9.5125,4.2375]},"north":{"rotation":0,"texture":"#0","tintindex":0,"uv":[3.4875,9.5125,3.0125,9.7375]},"south":{"rotation":0,"texture":"#0","tintindex":0,"uv":[4.4875,9.5125,4.0125,9.7375]},"up":{"rotation":0,"texture":"#0","tintindex":0,"uv":[9.1375,5.9875,9.6125,5.5125]},"west":{"rotation":0,"texture":"#0","tintindex":0,"uv":[9.9875,3.7625,9.5125,3.9875]}},"from":[6.8,1.9999998,4.3999996],"name":"cube","rotation":{"angle":0.0,"axis":"x","origin":[8.0,1.3999997,5.6]},"to":[9.2,3.1999998,6.8]},{"faces":{"down":{"rotation":0,"texture":"#0","tintindex":0,"uv":[9.2625,0.6375,9.9875,1.2375]},"east":{"rotation":0,"texture":"#0","tintindex":0,"uv":[9.7375,6.2625,9.1375,6.9875]},"north":{"rotation":0,"texture":"#0","tintindex":0,"uv":[0.7375,8.8875,0.0125,9.6125]},"south":{"rotation":0,"texture":"#0","tintindex":0,"uv":[1.4875,8.8875,0.7625,9.6125]},"up":{"rotation":0,"texture":"#0","tintindex":0,"uv":[6.8875,9.7375,7.6125,9.1375]},"west":{"rotation":0,"texture":"#0","tintindex":0,"uv":[6.8625,9.1375,6.2625,9.8625]}},"from":[6.2,0.19999981,-1.0000005],"name":"cube","rotation":{"angle":0.0,"axis":"x","origin":[8.0,0.7999997,-6.4000006]},"to":[9.8,3.7999997,1.9999998]},{"faces":{"down":{"rotation":0,"texture":"#0","tintindex":0,"uv":[9.5125,7.5125,9.9875,7.7375]},"east":{"rotation":0,"texture":"#0","tintindex":0,"uv":[2.3625,8.8875,2.1375,9.3625]},"north":{"rotation":0,"texture":"#0","tintindex":0,"uv":[5.3625,9.2625,4.8875,9.7375]},"south":{"rotation":0,"texture":"#0","tintindex":0,"uv":[5.8625,9.3875,5.3875,9.8625]},"up":{"rotation":0,"texture":"#0","tintindex":0,"uv":[9.5125,7.4875,9.9875,7.2625]},"west":{"rotation":0,"texture":"#0","tintindex":0,"uv":[8.1125,3.2625,7.8875,3.7375]}},"from":[6.8,0.7999997,-2.2000003],"name":"cube","rotation":{"angle":0.0,"axis":"x","origin":[8.0,0.7999997,-9.400001]},"to":[9.2,0.7999997,-1.0000005]},{"faces":{"down":{"rotation":0,"texture":"#0","tintindex":0,"uv":[9.5125,7.5125,9.9875,7.7375]},"east":{"rotation":0,"texture":"#0","tintindex":0,"uv":[2.3625,8.8875,2.1375,9.3625]},"north":{"rotation":0,"texture":"#0","tintindex":0,"uv":[5.3625,9.2625,4.8875,9.7375]},"south":{"rotation":0,"texture":"#0","tintindex":0,"uv":[5.8625,9.3875,5.3875,9.8625]},"up":{"rotation":0,"texture":"#0","tintindex":0,"uv":[9.5125,7.4875,9.9875,7.2625]},"west":{"rotation":0,"texture":"#0","tintindex":0,"uv":[8.1125,3.2625,7.8875,3.7375]}},"from":[6.8,3.1999998,-2.2000003],"name":"cube","rotation":{"angle":0.0,"axis":"x","origin":[8.0,0.7999997,-9.400001]},"to":[9.2,3.1999998,-1.0000005]},{"faces":{"down":{"rotation":0,"texture":"#0","tintindex":0,"uv":[9.5125,7.5125,9.9875,7.7375]},"east":{"rotation":0,"texture":"#0","tintindex":0,"uv":[2.3625,8.8875,2.1375,9.3625]},"north":{"rotation":0,"texture":"#0","tintindex":0,"uv":[5.3625,9.2625,4.8875,9.7375]},"south":{"rotation":0,"texture":"#0","tintindex":0,"uv":[5.8625,9.3875,5.3875,9.8625]},"up":{"rotation":0,"texture":"#0","tintindex":0,"uv":[9.5125,7.4875,9.9875,7.2625]},"west":{"rotation":0,"texture":"#0","tintindex":0,"uv":[8.1125,3.2625,7.8875,3.7375]}},"from":[6.8,0.7999997,-2.2000003],"name":"cube","rotation":{"angle":0.0,"axis":"x","origin":[8.0,0.7999997,-9.400001]},"to":[6.8,3.1999998,-1.0000005]},{"faces":{"down":{"rotation":0,"texture":"#0","tintindex":0,"uv":[9.5125,7.5125,9.9875,7.7375]},"east":{"rotation":0,"texture":"#0","tintindex":0,"uv":[2.3625,8.8875,2.1375,9.3625]},"north":{"rotation":0,"texture":"#0","tintindex":0,"uv":[5.3625,9.2625,4.8875,9.7375]},"south":{"rotation":0,"texture":"#0","tintindex":0,"uv":[5.8625,9.3875,5.3875,9.8625]},"up":{"rotation":0,"texture":"#0","tintindex":0,"uv":[9.5125,7.4875,9.9875,7.2625]},"west":{"rotation":0,"texture":"#0","tintindex":0,"uv":[8.1125,3.2625,7.8875,3.7375]}},"from":[9.2,0.7999997,-2.2000003],"name":"cube","rotation":{"angle":0.0,"axis":"x","origin":[8.0,0.7999997,-9.400001]},"to":[9.2,3.1999998,-1.0000005]},{"faces":{"down":{"rotation":0,"texture":"#0","tintindex":0,"uv":[3.7625,8.7625,3.9875,10.7375]},"east":{"rotation":0,"texture":"#0","tintindex":0,"uv":[10.8625,4.6375,8.8875,4.8625]},"north":{"rotation":0,"texture":"#0","tintindex":0,"uv":[1.2375,9.6375,1.0125,9.8625]},"south":{"rotation":0,"texture":"#0","tintindex":0,"uv":[1.4875,9.6375,1.2625,9.8625]},"up":{"rotation":0,"texture":"#0","tintindex":0,"uv":[4.6375,10.4875,4.8625,8.5125]},"west":{"rotation":0,"texture":"#0","tintindex":0,"uv":[10.4875,6.0125,8.5125,6.2375]}},"from":[7.4,1.3999997,1.9999998],"name":"cube","rotation":{"angle":0.0,"axis":"x","origin":[8.0,0.7999997,3.1999998]},"to":[8.6,2.6,11.6]},{"faces":{"down":{"rotation":0,"texture":"#0","tintindex":0,"uv":[0.7625,9.6375,0.9875,9.8625]},"east":{"rotation":0,"texture":"#0","tintindex":0,"uv":[0.4875,9.6375,0.2625,9.8625]},"north":{"rotation":0,"texture":"#0","tintindex":0,"uv":[9.7375,8.7625,9.5125,8.9875]},"south":{"rotation":0,"texture":"#0","tintindex":0,"uv":[0.2375,9.6375,0.0125,9.8625]},"up":{"rotation":0,"texture":"#0","tintindex":0,"uv":[0.5125,9.8625,0.7375,9.6375]},"west":{"rotation":0,"texture":"#0","tintindex":0,"uv":[9.6125,9.5125,9.3875,9.7375]}},"from":[6.8,0.7999997,4.3999996],"name":"cube","rotation":{"angle":0.0,"axis":"x","origin":[6.8,0.7999997,5.6]},"to":[8.0,1.9999998,5.6]}],"textures":{"0":"modelengine:entity/king"}}