{"display":{"head":{"rotation":[0.0,0.0,0.0],"scale":[3.8095,3.8095,3.8095],"translation":[0.0,-6.4,0.0]}},"elements":[{"faces":{"down":{"rotation":0,"texture":"#0","tintindex":0,"uv":[8.59375,8.84375,8.40625,9.15625]},"east":{"rotation":0,"texture":"#0","tintindex":0,"uv":[7.625,1.75,7.9375,1.875]},"north":{"rotation":0,"texture":"#0","tintindex":0,"uv":[1.71875,9.34375,1.90625,9.46875]},"south":{"rotation":0,"texture":"#0","tintindex":0,"uv":[9.34375,3.1875,9.53125,3.3125]},"up":{"rotation":0,"texture":"#0","tintindex":0,"uv":[4.5,9.15625,4.3125,8.84375]},"west":{"rotation":0,"texture":"#0","tintindex":0,"uv":[8.15625,1.375,8.46875,1.5]}},"from":[6.3088036,7.938753,5.3292665],"name":"cube","rotation":{"angle":0.0,"axis":"x","origin":[13.738114,1.5728914,25.210495]},"to":[9.428803,9.858752,10.849268]},{"faces":{"down":{"rotation":0,"texture":"#0","tintindex":0,"uv":[0.0,0.0,0.0,0.3125]},"east":{"rotation":0,"texture":"#0","tintindex":0,"uv":[0.75,8.875,1.0625,9.0625]},"north":{"rotation":0,"texture":"#0","tintindex":0,"uv":[0.0,0.0,0.0,0.1875]},"south":{"rotation":0,"texture":"#0","tintindex":0,"uv":[0.0,0.0,0.0,0.1875]},"up":{"rotation":0,"texture":"#0","tintindex":0,"uv":[0.0,0.3125,0.0,0.0]},"west":{"rotation":0,"texture":"#0","tintindex":0,"uv":[1.65625,8.875,1.96875,9.0625]}},"from":[9.490289,7.114875,5.089268],"name":"cube","rotation":{"angle":22.5,"axis":"z","origin":[13.738114,1.5728914,25.210495]},"to":[9.490289,10.714875,11.089269]}],"textures":{"0":"modelengine:entity/nocsy_dragon_full"}}