{"textures":{"0":"modelengine:entity/nocsy_dragon_full"},"elements":[{"name":"cube","from":[6.5711966,7.938753,5.3292665],"to":[9.691196,9.858752,10.849268],"rotation":{"angle":0.0,"axis":"x","origin":[2.2618852,1.5728914,25.210495]},"faces":{"down":{"uv":[3.71875,8.875,3.53125,9.1875],"rotation":0,"texture":"#0","tintindex":0},"east":{"uv":[8.96875,5.21875,9.28125,5.34375],"rotation":0,"texture":"#0","tintindex":0},"north":{"uv":[3.34375,9.34375,3.53125,9.46875],"rotation":0,"texture":"#0","tintindex":0},"south":{"uv":[9.34375,4.28125,9.53125,4.40625],"rotation":0,"texture":"#0","tintindex":0},"up":{"uv":[1.25,9.1875,1.0625,8.875],"rotation":0,"texture":"#0","tintindex":0},"west":{"uv":[8.96875,5.75,9.28125,5.875],"rotation":0,"texture":"#0","tintindex":0}}},{"name":"cube","from":[6.5097113,7.114875,5.089268],"to":[6.5097113,10.714875,11.089269],"rotation":{"angle":-22.5,"axis":"z","origin":[2.2618852,1.5728914,25.210495]},"faces":{"down":{"uv":[0.0,0.0,0.0,0.3125],"rotation":0,"texture":"#0","tintindex":0},"east":{"uv":[1.96875,8.90625,2.28125,9.09375],"rotation":0,"texture":"#0","tintindex":0},"north":{"uv":[0.0,0.0,0.0,0.1875],"rotation":0,"texture":"#0","tintindex":0},"south":{"uv":[0.0,0.0,0.0,0.1875],"rotation":0,"texture":"#0","tintindex":0},"up":{"uv":[0.0,0.3125,0.0,0.0],"rotation":0,"texture":"#0","tintindex":0},"west":{"uv":[2.5625,8.90625,2.875,9.09375],"rotation":0,"texture":"#0","tintindex":0}}}],"display":{"head":{"translation":[0.0,-6.4,0.0],"rotation":[0.0,0.0,0.0],"scale":[3.8095,3.8095,3.8095]}}}