{"display":{"head":{"rotation":[0.0,0.0,0.0],"scale":[3.8095,3.8095,3.8095],"translation":[0.0,-6.4,0.0]}},"elements":[{"faces":{"down":{"rotation":0,"texture":"#0","tintindex":0,"uv":[7.21875,8.9375,7.09375,9.3125]},"east":{"rotation":0,"texture":"#0","tintindex":0,"uv":[8.9375,4.71875,9.3125,4.84375]},"north":{"rotation":0,"texture":"#0","tintindex":0,"uv":[9.59375,7.40625,9.71875,7.53125]},"south":{"rotation":0,"texture":"#0","tintindex":0,"uv":[7.46875,9.59375,7.59375,9.71875]},"up":{"rotation":0,"texture":"#0","tintindex":0,"uv":[4.28125,9.3125,4.15625,8.9375]},"west":{"rotation":0,"texture":"#0","tintindex":0,"uv":[0.0,8.96875,0.375,9.09375]}},"from":[13.231979,4.020053,7.2423844],"name":"cube","rotation":{"angle":45.0,"axis":"z","origin":[7.910605,-1.301322,26.725452]},"to":[15.871979,6.6600533,14.682384]}],"textures":{"0":"modelengine:entity/nocsy_dragon_full"}}