{"display":{"head":{"rotation":[0.0,0.0,0.0],"scale":[3.8095,3.8095,3.8095],"translation":[0.0,-6.4,0.0]}},"elements":[{"faces":{"down":{"rotation":0,"texture":"#0","tintindex":0,"uv":[0.0,0.0,0.0,0.3125]},"east":{"rotation":0,"texture":"#0","tintindex":0,"uv":[6.75,2.125,7.0625,2.3125]},"north":{"rotation":0,"texture":"#0","tintindex":0,"uv":[0.0,0.0,0.0,0.1875]},"south":{"rotation":0,"texture":"#0","tintindex":0,"uv":[0.0,0.0,0.0,0.1875]},"up":{"rotation":0,"texture":"#0","tintindex":0,"uv":[0.0,0.3125,0.0,0.0]},"west":{"rotation":0,"texture":"#0","tintindex":0,"uv":[7.15625,6.9375,7.46875,7.125]}},"from":[5.6572723,3.8299994,-0.97000074],"name":"cube","rotation":{"angle":0.0,"axis":"x","origin":[9.887273,9.559999,-3.7599998]},"to":[5.6572723,7.4299994,5.0299993]},{"faces":{"down":{"rotation":0,"texture":"#0","tintindex":0,"uv":[0.0,0.0,0.0,0.125]},"east":{"rotation":0,"texture":"#0","tintindex":0,"uv":[6.5625,9.28125,6.6875,9.46875]},"north":{"rotation":0,"texture":"#0","tintindex":0,"uv":[0.0,0.0,0.0,0.1875]},"south":{"rotation":0,"texture":"#0","tintindex":0,"uv":[0.0,0.0,0.0,0.1875]},"up":{"rotation":0,"texture":"#0","tintindex":0,"uv":[0.0,0.125,0.0,0.0]},"west":{"rotation":0,"texture":"#0","tintindex":0,"uv":[6.6875,9.28125,6.8125,9.46875]}},"from":[5.2372723,3.8299994,-2.6500006],"name":"cube","rotation":{"angle":-22.5,"axis":"y","origin":[7.367273,8.629999,0.34999967]},"to":[5.2372723,7.4299994,-0.25000024]},{"faces":{"down":{"rotation":0,"texture":"#0","tintindex":0,"uv":[0.0,0.0,0.0,0.125]},"east":{"rotation":0,"texture":"#0","tintindex":0,"uv":[9.28125,6.875,9.40625,7.0625]},"north":{"rotation":0,"texture":"#0","tintindex":0,"uv":[0.0,0.0,0.0,0.1875]},"south":{"rotation":0,"texture":"#0","tintindex":0,"uv":[0.0,0.0,0.0,0.1875]},"up":{"rotation":0,"texture":"#0","tintindex":0,"uv":[0.0,0.125,0.0,0.0]},"west":{"rotation":0,"texture":"#0","tintindex":0,"uv":[9.28125,7.28125,9.40625,7.46875]}},"from":[10.762728,3.8299994,-2.6500006],"name":"cube","rotation":{"angle":22.5,"axis":"y","origin":[8.632727,8.629999,0.34999967]},"to":[10.762728,7.4299994,-0.25000024]},{"faces":{"down":{"rotation":0,"texture":"#0","tintindex":0,"uv":[0.0,0.0,0.0,0.3125]},"east":{"rotation":0,"texture":"#0","tintindex":0,"uv":[8.1875,1.9375,8.5,2.125]},"north":{"rotation":0,"texture":"#0","tintindex":0,"uv":[0.0,0.0,0.0,0.1875]},"south":{"rotation":0,"texture":"#0","tintindex":0,"uv":[0.0,0.0,0.0,0.1875]},"up":{"rotation":0,"texture":"#0","tintindex":0,"uv":[0.0,0.3125,0.0,0.0]},"west":{"rotation":0,"texture":"#0","tintindex":0,"uv":[8.46875,1.3125,8.78125,1.5]}},"from":[10.342728,3.8299994,-0.97000074],"name":"cube","rotation":{"angle":0.0,"axis":"x","origin":[6.112727,9.559999,-3.7599998]},"to":[10.342728,7.4299994,5.0299993]},{"faces":{"down":{"rotation":0,"texture":"#0","tintindex":0,"uv":[0.1875,0.0,0.0,0.0]},"east":{"rotation":0,"texture":"#0","tintindex":0,"uv":[0.0,0.0,0.0,0.21875]},"north":{"rotation":0,"texture":"#0","tintindex":0,"uv":[6.0,8.96875,6.1875,9.1875]},"south":{"rotation":0,"texture":"#0","tintindex":0,"uv":[8.96875,6.28125,9.15625,6.5]},"up":{"rotation":0,"texture":"#0","tintindex":0,"uv":[0.1875,0.0,0.0,0.0]},"west":{"rotation":0,"texture":"#0","tintindex":0,"uv":[0.0,0.0,0.0,0.21875]}},"from":[6.2,3.7999997,-3.13],"name":"cube","rotation":{"angle":0.0,"axis":"x","origin":[6.8,8.929999,-2.5000005]},"to":[9.8,7.7,-3.13]},{"faces":{"down":{"rotation":0,"texture":"#0","tintindex":0,"uv":[7.875,4.0,7.8125,4.1875]},"east":{"rotation":0,"texture":"#0","tintindex":0,"uv":[6.75,5.4375,6.9375,5.5]},"north":{"rotation":0,"texture":"#0","tintindex":0,"uv":[7.59375,8.65625,7.65625,8.71875]},"south":{"rotation":0,"texture":"#0","tintindex":0,"uv":[8.78125,1.40625,8.84375,1.46875]},"up":{"rotation":0,"texture":"#0","tintindex":0,"uv":[2.0625,7.9375,2.0,7.75]},"west":{"rotation":0,"texture":"#0","tintindex":0,"uv":[6.78125,5.0,6.96875,5.0625]}},"from":[7.342727,7.4299994,0.2299993],"name":"cube","rotation":{"angle":22.5,"axis":"y","origin":[5.5127273,9.559999,-2.5599995]},"to":[8.542727,8.629999,3.8299994]},{"faces":{"down":{"rotation":0,"texture":"#0","tintindex":0,"uv":[9.53125,5.875,9.34375,6.0]},"east":{"rotation":0,"texture":"#0","tintindex":0,"uv":[9.15625,3.1875,9.28125,3.25]},"north":{"rotation":0,"texture":"#0","tintindex":0,"uv":[0.9375,6.875,1.125,6.9375]},"south":{"rotation":0,"texture":"#0","tintindex":0,"uv":[3.3125,6.875,3.5,6.9375]},"up":{"rotation":0,"texture":"#0","tintindex":0,"uv":[5.125,9.46875,4.9375,9.34375]},"west":{"rotation":0,"texture":"#0","tintindex":0,"uv":[9.15625,6.875,9.28125,6.9375]}},"from":[7.3397293,9.83,2.6299994],"name":"cube","rotation":{"angle":0.0,"axis":"x","origin":[6.709729,9.559999,-3.7599998]},"to":[10.93973,11.03,5.0299993]},{"faces":{"down":{"rotation":0,"texture":"#0","tintindex":0,"uv":[0.5625,8.96875,0.5,9.09375]},"east":{"rotation":0,"texture":"#0","tintindex":0,"uv":[9.59375,9.28125,9.71875,9.40625]},"north":{"rotation":0,"texture":"#0","tintindex":0,"uv":[7.21875,8.5625,7.28125,8.6875]},"south":{"rotation":0,"texture":"#0","tintindex":0,"uv":[7.21875,8.6875,7.28125,8.8125]},"up":{"rotation":0,"texture":"#0","tintindex":0,"uv":[8.78125,6.46875,8.71875,6.34375]},"west":{"rotation":0,"texture":"#0","tintindex":0,"uv":[9.59375,9.40625,9.71875,9.53125]}},"from":[9.562727,7.4299994,-2.6500006],"name":"cube","rotation":{"angle":22.5,"axis":"y","origin":[8.632727,8.629999,0.34999967]},"to":[10.762728,9.83,-0.25000024]},{"faces":{"down":{"rotation":0,"texture":"#0","tintindex":0,"uv":[3.6875,7.875,3.625,8.0625]},"east":{"rotation":0,"texture":"#0","tintindex":0,"uv":[6.9375,6.0625,7.125,6.125]},"north":{"rotation":0,"texture":"#0","tintindex":0,"uv":[7.21875,8.8125,7.28125,8.875]},"south":{"rotation":0,"texture":"#0","tintindex":0,"uv":[8.34375,9.09375,8.40625,9.15625]},"up":{"rotation":0,"texture":"#0","tintindex":0,"uv":[7.875,4.375,7.8125,4.1875]},"west":{"rotation":0,"texture":"#0","tintindex":0,"uv":[6.96875,5.0,7.15625,5.0625]}},"from":[7.342727,7.4299994,0.2299993],"name":"cube","rotation":{"angle":22.5,"axis":"y","origin":[5.5127273,9.559999,-2.5599995]},"to":[8.542727,8.629999,3.8299994]},{"faces":{"down":{"rotation":0,"texture":"#0","tintindex":0,"uv":[6.4375,9.03125,6.3125,9.34375]},"east":{"rotation":0,"texture":"#0","tintindex":0,"uv":[9.0,2.5,9.3125,2.625]},"north":{"rotation":0,"texture":"#0","tintindex":0,"uv":[0.375,9.625,0.5,9.75]},"south":{"rotation":0,"texture":"#0","tintindex":0,"uv":[0.5,9.625,0.625,9.75]},"up":{"rotation":0,"texture":"#0","tintindex":0,"uv":[6.3125,9.34375,6.1875,9.03125]},"west":{"rotation":0,"texture":"#0","tintindex":0,"uv":[9.0,2.625,9.3125,2.75]}},"from":[7.9426675,7.4299393,-0.9700608],"name":"cube","rotation":{"angle":0.0,"axis":"x","origin":[6.112727,9.559999,-3.7599998]},"to":[10.342788,9.830059,5.0300593]},{"faces":{"down":{"rotation":0,"texture":"#0","tintindex":0,"uv":[0.375,9.21875,0.3125,9.28125]},"east":{"rotation":0,"texture":"#0","tintindex":0,"uv":[3.4375,9.125,3.5,9.1875]},"north":{"rotation":0,"texture":"#0","tintindex":0,"uv":[0.6875,9.125,0.75,9.1875]},"south":{"rotation":0,"texture":"#0","tintindex":0,"uv":[4.40625,9.15625,4.46875,9.21875]},"up":{"rotation":0,"texture":"#0","tintindex":0,"uv":[0.75,9.25,0.6875,9.1875]},"west":{"rotation":0,"texture":"#0","tintindex":0,"uv":[7.03125,9.15625,7.09375,9.21875]}},"from":[9.562727,7.4299994,2.1499996],"name":"cube","rotation":{"angle":0.0,"axis":"x","origin":[7.732727,9.559999,-3.0400014]},"to":[10.762728,8.629999,3.35]},{"faces":{"down":{"rotation":0,"texture":"#0","tintindex":0,"uv":[2.46875,8.96875,2.28125,9.21875]},"east":{"rotation":0,"texture":"#0","tintindex":0,"uv":[3.75,5.4375,4.0,5.5]},"north":{"rotation":0,"texture":"#0","tintindex":0,"uv":[7.15625,3.375,7.34375,3.4375]},"south":{"rotation":0,"texture":"#0","tintindex":0,"uv":[7.15625,5.0,7.34375,5.0625]},"up":{"rotation":0,"texture":"#0","tintindex":0,"uv":[9.15625,2.28125,8.96875,2.03125]},"west":{"rotation":0,"texture":"#0","tintindex":0,