{"display":{"head":{"rotation":[0.0,0.0,0.0],"scale":[3.8095,3.8095,3.8095],"translation":[0.0,-6.4,0.0]}},"elements":[{"faces":{"down":{"rotation":0,"texture":"#0","tintindex":0,"uv":[9.25,9.1875,9.09375,9.34375]},"east":{"rotation":0,"texture":"#0","tintindex":0,"uv":[7.6875,9.1875,7.84375,9.34375]},"north":{"rotation":0,"texture":"#0","tintindex":0,"uv":[7.53125,9.1875,7.6875,9.34375]},"south":{"rotation":0,"texture":"#0","tintindex":0,"uv":[7.84375,9.1875,8.0,9.34375]},"up":{"rotation":0,"texture":"#0","tintindex":0,"uv":[8.3125,9.34375,8.15625,9.1875]},"west":{"rotation":0,"texture":"#0","tintindex":0,"uv":[8.0,9.1875,8.15625,9.34375]}},"from":[6.2211485,7.3924055,6.100706],"name":"cube","rotation":{"angle":0.0,"axis":"x","origin":[15.491042,12.48914,14.345566]},"to":[9.221149,10.392406,9.100708]},{"faces":{"down":{"rotation":0,"texture":"#0","tintindex":0,"uv":[2.09375,9.21875,1.9375,9.375]},"east":{"rotation":0,"texture":"#0","tintindex":0,"uv":[0.15625,9.21875,0.3125,9.375]},"north":{"rotation":0,"texture":"#0","tintindex":0,"uv":[0.0,9.21875,0.15625,9.375]},"south":{"rotation":0,"texture":"#0","tintindex":0,"uv":[9.21875,0.84375,9.375,1.0]},"up":{"rotation":0,"texture":"#0","tintindex":0,"uv":[9.375,1.3125,9.21875,1.15625]},"west":{"rotation":0,"texture":"#0","tintindex":0,"uv":[9.21875,1.0,9.375,1.15625]}},"from":[6.341149,9.912405,6.9407067],"name":"cube","rotation":{"angle":22.5,"axis":"x","origin":[7.7211485,11.532407,7.6007066]},"to":[9.101149,12.672406,9.7007065]},{"faces":{"down":{"rotation":0,"texture":"#0","tintindex":0,"uv":[2.875,9.21875,2.71875,9.375]},"east":{"rotation":0,"texture":"#0","tintindex":0,"uv":[2.25,9.21875,2.40625,9.375]},"north":{"rotation":0,"texture":"#0","tintindex":0,"uv":[2.09375,9.21875,2.25,9.375]},"south":{"rotation":0,"texture":"#0","tintindex":0,"uv":[9.21875,2.3125,9.375,2.46875]},"up":{"rotation":0,"texture":"#0","tintindex":0,"uv":[2.71875,9.375,2.5625,9.21875]},"west":{"rotation":0,"texture":"#0","tintindex":0,"uv":[2.40625,9.21875,2.5625,9.375]}},"from":[6.5211487,12.312407,6.820707],"name":"cube","rotation":{"angle":45.0,"axis":"x","origin":[7.7211485,11.532407,7.6007066]},"to":[8.921148,14.712406,9.220707]},{"faces":{"down":{"rotation":0,"texture":"#0","tintindex":0,"uv":[8.71875,7.90625,8.59375,8.0]},"east":{"rotation":0,"texture":"#0","tintindex":0,"uv":[4.59375,9.71875,4.6875,9.875]},"north":{"rotation":0,"texture":"#0","tintindex":0,"uv":[3.21875,9.40625,3.34375,9.5625]},"south":{"rotation":0,"texture":"#0","tintindex":0,"uv":[9.40625,3.5,9.53125,3.65625]},"up":{"rotation":0,"texture":"#0","tintindex":0,"uv":[8.0,4.875,7.875,4.78125]},"west":{"rotation":0,"texture":"#0","tintindex":0,"uv":[4.6875,9.71875,4.78125,9.875]}},"from":[6.581149,12.612407,9.040708],"name":"cube","rotation":{"angle":0.0,"axis":"x","origin":[7.4811487,11.532407,7.6007066]},"to":[8.981149,15.612407,10.840708]},{"faces":{"down":{"rotation":0,"texture":"#0","tintindex":0,"uv":[9.15625,6.0,9.03125,6.09375]},"east":{"rotation":0,"texture":"#0","tintindex":0,"uv":[4.78125,9.71875,4.875,9.875]},"north":{"rotation":0,"texture":"#0","tintindex":0,"uv":[3.53125,9.40625,3.65625,9.5625]},"south":{"rotation":0,"texture":"#0","tintindex":0,"uv":[3.65625,9.40625,3.78125,9.5625]},"up":{"rotation":0,"texture":"#0","tintindex":0,"uv":[8.90625,7.25,8.78125,7.15625]},"west":{"rotation":0,"texture":"#0","tintindex":0,"uv":[4.875,9.71875,4.96875,9.875]}},"from":[6.6411486,14.592407,9.400707],"name":"cube","rotation":{"angle":-22.5,"axis":"x","origin":[7.4811487,14.112407,9.940708]},"to":[8.921148,17.472406,11.080708]},{"faces":{"down":{"rotation":0,"texture":"#0","tintindex":0,"uv":[9.53125,3.09375,9.40625,3.1875]},"east":{"rotation":0,"texture":"#0","tintindex":0,"uv":[6.1875,9.71875,6.28125,9.875]},"north":{"rotation":0,"texture":"#0","tintindex":0,"uv":[3.78125,9.40625,3.90625,9.5625]},"south":{"rotation":0,"texture":"#0","tintindex":0,"uv":[4.28125,9.40625,4.40625,9.5625]},"up":{"rotation":0,"texture":"#0","tintindex":0,"uv":[9.28125,9.0,9.15625,8.90625]},"west":{"rotation":0,"texture":"#0","tintindex":0,"uv":[6.28125,9.71875,6.375,9.875]}},"from":[6.701149,16.541061,9.063119],"name":"cube","rotation":{"angle":-45.0,"axis":"x","origin":[7.4811487,16.00106,9.483119]},"to":[8.741148,19.18106,10.5031185]},{"faces":{"down":{"rotation":0,"texture":"#0","tintindex":0,"uv":[4.65625,9.40625,4.53125,9.5625]},"east":{"rotation":0,"texture":"#0","tintindex":0,"uv":[9.6875,5.53125,9.84375,5.625]},"north":{"rotation":0,"texture":"#0","tintindex":0,"uv":[9.46875,2.09375,9.59375,2.1875]},"south":{"rotation":0,"texture":"#0","tintindex":0,"uv":[8.84375,9.75,8.96875,9.84375]},"up":{"rotation":0,"texture":"#0","tintindex":0,"uv":[9.53125,4.5625,9.40625,4.40625]},"west":{"rotation":0,"texture":"#0","tintindex":0,"uv":[9.71875,0.25,9.875,0.34375]}},"from":[6.761149,17.57978,5.415898],"name":"cube","rotation":{"angle":0.0,"axis":"x","origin":[7.421149,17.69978,7.155897]},"to":[8.681149,18.89978,7.935898]},{"faces":{"down":{"rotation":0,"texture":"#0","tintindex":0,"uv":[8.5,8.71875,8.40625,8.84375]},"east":{"rotation":0,"texture":"#0","tintindex":0,"uv":[9.75,8.84375,9.875,8.9375]},"north":{"rotation":0,"texture":"#0","tintindex":0,"uv":[9.8125,4.0,9.90625,4.09375]},"south":{"rotation":0,"texture":"#0","tintindex":0,"uv":[9.8125,5.375,9.90625,5.46875]},"up":{"rotation":0,"texture":"#0","tintindex":0,"uv":[3.0,6.875,2.90625,6.75]},"west":{"rotation":0,"texture":"#0","tintindex":0,"uv":[9.75,8.9375,9.875,9.03125]}},"from":[6.8061485,17.69978,3.9158988],"name":"cube","rotation":{"angle":-45.0,"axis":"x","origin":[7.421149,18.11978,6.6758976]},"to":[8.606149,19.499779,6.315899]},{"faces":{"down":{"rotation":0,"texture":"#0","tintindex":0,"uv":[6.71875,9.71875,6.625,9.875]},"east":{"rotation":0,"texture":"#0","tintindex":0,"uv":[9.71875,3.5625,9.875,3.65625]},"north":{"rotation":0,"texture":"#0","tintindex":0,"uv":[6.375,9.8125,6.46875,9.90625]},"south":{"rotation":0,"texture":"#0","tintindex":0,"uv":[6.84375,9.8125,6.9375,9.90625]},"up":{"rotation":0,"texture":"#0","tintindex":0,"uv":[6.625,9.875,6.53125,9.71875]},"west":{"rotation":0,"texture":"#0","tintindex":0,"uv":[6.375,9.71875,6.53125,9.8125]}},"from":[6.881149,16.79978,1.5158975],"name":"cube","rotation":{"angle":-22.5,"axis":"x","origin":[7.421149,18.11978,6.6758976]},"to":[8.561149,18.47978,4.3958974]},{"faces":{"down":{"rotation":0,"texture":"#0","tintindex":0,"uv":[9.8125,7.375,9.71875,7.53125]},"east":{"rotation":0,"texture":"#0","tintindex":0,"uv":[9.71875,6.53125,9.875,6.625]},"north":{"rotation":0,"texture":"#0","tintindex":0,"uv":[9.8125,6.90625,9.90625,7.0]},"south":{"rotation":0,"texture":"#0","tintindex":0,"uv":[9.8125,7.34375,9.90625,7.4375]},"up":{"rotation":0,"texture":"#0","tintindex":0,"uv":[7.3125,9.875,7.21875,9.71875]},"west":{"rotation":0,"texture":"#0","tintindex":0,"uv":[6.84375,9.71875,7.0,9.8125]}},"from":[6.887149,14.998735,-0.29124546],"name":"cube","rotation":{"angle":0.0,"axis":"x","origin":[7.421149,16.252735,3.4227545]},"to":[8.555149,16.666735,2.576755]},{"faces":{"down":{"rotation":0,"texture":"#0","tintindex":0,"uv":[3.3125,7.4375,3.25,7.5625]},"east":{"rotation":0,"texture":"#0","tintindex":0,"uv":[1.125,6.875,1.25,6.9375]},"north":{"rotation":0,"texture":"#0","tintindex":0,"uv":[7.3125,4.9375,7.375,5.0]},"south":{"rotation":0,"texture":"#0","tintindex":0,"uv":[7.34375,3.375,7.40625,3.4375]},"up":{"rotation":0,"texture":"#0","tintindex":0,"uv":[7.375,1.375,7.3125,1.25]},"west":{"rotation":0,"texture":"#0","tintindex":0,"uv":[0.78125,7.375,0.90625,7.4375]}},"from":[7.0011487,15.172734,-2.2172456],"name":"cube","rotation":{"angle":0.0,"axis":"x","origin":[7.421149,16.252735,3.4227545]},"to":[8.321149,16.492735,0.30275512]},{"faces":{"down":{"rotation":0,"texture":"#0","tintindex":0,"uv":[7.96875,7.5625,7.90625,7.65625]},"east":{"rotation":0,"texture":"#0","tintindex":0,"uv":[8.0625,0.75,8.15625,0.8125]},"north":{"rotation":0,"texture":"#0","tintindex":0,