{"textures":{"0":"modelengine:entity/nocsy_dragon_full"},"elements":[{"name":"cube","from":[4.4711056,6.885193,6.9488263],"to":[7.3511057,9.765194,9.828827],"rotation":{"angle":0.0,"axis":"x","origin":[13.860998,12.101927,15.313686]},"faces":{"down":{"uv":[9.71875,1.5,9.59375,1.625],"rotation":0,"texture":"#0","tintindex":0},"east":{"uv":[9.4375,9.5625,9.5625,9.6875],"rotation":0,"texture":"#0","tintindex":0},"north":{"uv":[8.65625,9.5625,8.78125,9.6875],"rotation":0,"texture":"#0","tintindex":0},"south":{"uv":[9.5625,9.5625,9.6875,9.6875],"rotation":0,"texture":"#0","tintindex":0},"up":{"uv":[9.71875,0.6875,9.59375,0.5625],"rotation":0,"texture":"#0","tintindex":0},"west":{"uv":[9.59375,0.25,9.71875,0.375],"rotation":0,"texture":"#0","tintindex":0}}},{"name":"cube","from":[4.831105,3.1828852,11.663452],"to":[6.991105,5.702886,14.183453],"rotation":{"angle":22.5,"axis":"x","origin":[9.630999,17.171928,25.303688]},"faces":{"down":{"uv":[3.15625,9.59375,3.03125,9.71875],"rotation":0,"texture":"#0","tintindex":0},"east":{"uv":[9.59375,1.90625,9.71875,2.03125],"rotation":0,"texture":"#0","tintindex":0},"north":{"uv":[9.59375,1.78125,9.71875,1.90625],"rotation":0,"texture":"#0","tintindex":0},"south":{"uv":[9.59375,2.03125,9.71875,2.15625],"rotation":0,"texture":"#0","tintindex":0},"up":{"uv":[2.90625,9.71875,2.78125,9.59375],"rotation":0,"texture":"#0","tintindex":0},"west":{"uv":[9.59375,2.15625,9.71875,2.28125],"rotation":0,"texture":"#0","tintindex":0}}},{"name":"cube","from":[4.9511056,1.4927868,17.421604],"to":[6.6311054,3.1727853,19.101604],"rotation":{"angle":45.0,"axis":"x","origin":[9.630999,17.171928,25.303688]},"faces":{"down":{"uv":[1.875,9.8125,1.78125,9.90625],"rotation":0,"texture":"#0","tintindex":0},"east":{"uv":[9.8125,1.28125,9.90625,1.375],"rotation":0,"texture":"#0","tintindex":0},"north":{"uv":[0.71875,9.8125,0.8125,9.90625],"rotation":0,"texture":"#0","tintindex":0},"south":{"uv":[9.8125,1.375,9.90625,1.46875],"rotation":0,"texture":"#0","tintindex":0},"up":{"uv":[9.90625,1.78125,9.8125,1.6875],"rotation":0,"texture":"#0","tintindex":0},"west":{"uv":[9.8125,1.46875,9.90625,1.5625],"rotation":0,"texture":"#0","tintindex":0}}},{"name":"cube","from":[5.1911054,11.685192,9.708828],"to":[6.3911057,14.085193,10.908827],"rotation":{"angle":0.0,"axis":"x","origin":[9.630999,17.171928,25.303688]},"faces":{"down":{"uv":[1.96875,9.8125,1.875,9.90625],"rotation":0,"texture":"#0","tintindex":0},"east":{"uv":[6.75,9.6875,6.84375,9.84375],"rotation":0,"texture":"#0","tintindex":0},"north":{"uv":[5.78125,9.6875,5.875,9.84375],"rotation":0,"texture":"#0","tintindex":0},"south":{"uv":[8.65625,9.6875,8.75,9.84375],"rotation":0,"texture":"#0","tintindex":0},"up":{"uv":[9.90625,1.875,9.8125,1.78125],"rotation":0,"texture":"#0","tintindex":0},"west":{"uv":[9.40625,9.6875,9.5,9.84375],"rotation":0,"texture":"#0","tintindex":0}}},{"name":"cube","from":[5.431105,20.44896,8.289335],"to":[6.151106,22.368961,9.009336],"rotation":{"angle":-22.5,"axis":"x","origin":[9.510998,21.731926,27.223686]},"faces":{"down":{"uv":[2.0625,9.8125,1.96875,9.90625],"rotation":0,"texture":"#0","tintindex":0},"east":{"uv":[9.6875,9.53125,9.78125,9.6875],"rotation":0,"texture":"#0","tintindex":0},"north":{"uv":[9.5,9.6875,9.59375,9.84375],"rotation":0,"texture":"#0","tintindex":0},"south":{"uv":[9.59375,9.6875,9.6875,9.84375],"rotation":0,"texture":"#0","tintindex":0},"up":{"uv":[9.90625,1.96875,9.8125,1.875],"rotation":0,"texture":"#0","tintindex":0},"west":{"uv":[9.6875,9.6875,9.78125,9.84375],"rotation":0,"texture":"#0","tintindex":0}}}],"display":{"head":{"translation":[0.0,-6.4,0.0],"rotation":[0.0,0.0,0.0],"scale":[3.8095,3.8095,3.8095]}}}