{"display":{"head":{"rotation":[0.0,0.0,0.0],"scale":[3.8095,3.8095,3.8095],"translation":[0.0,-6.4,0.0]}},"elements":[{"faces":{"down":{"rotation":0,"texture":"#0","tintindex":0,"uv":[6.375,9.59375,6.25,9.71875]},"east":{"rotation":0,"texture":"#0","tintindex":0,"uv":[9.59375,3.5625,9.71875,3.6875]},"north":{"rotation":0,"texture":"#0","tintindex":0,"uv":[3.34375,9.59375,3.46875,9.71875]},"south":{"rotation":0,"texture":"#0","tintindex":0,"uv":[4.65625,9.59375,4.78125,9.71875]},"up":{"rotation":0,"texture":"#0","tintindex":0,"uv":[5.03125,9.71875,4.90625,9.59375]},"west":{"rotation":0,"texture":"#0","tintindex":0,"uv":[4.78125,9.59375,4.90625,9.71875]}},"from":[8.648894,6.885193,6.9488263],"name":"cube","rotation":{"angle":0.0,"axis":"x","origin":[2.1390018,12.101927,15.313686]},"to":[11.528894,9.765194,9.828827]},{"faces":{"down":{"rotation":0,"texture":"#0","tintindex":0,"uv":[7.34375,9.59375,7.21875,9.71875]},"east":{"rotation":0,"texture":"#0","tintindex":0,"uv":[6.5,9.59375,6.625,9.71875]},"north":{"rotation":0,"texture":"#0","tintindex":0,"uv":[6.375,9.59375,6.5,9.71875]},"south":{"rotation":0,"texture":"#0","tintindex":0,"uv":[9.59375,6.53125,9.71875,6.65625]},"up":{"rotation":0,"texture":"#0","tintindex":0,"uv":[7.0,9.71875,6.875,9.59375]},"west":{"rotation":0,"texture":"#0","tintindex":0,"uv":[6.625,9.59375,6.75,9.71875]}},"from":[9.008894,3.1828852,11.663452],"name":"cube","rotation":{"angle":22.5,"axis":"x","origin":[6.3690014,17.171928,25.303688]},"to":[11.168894,5.702886,14.183453]},{"faces":{"down":{"rotation":0,"texture":"#0","tintindex":0,"uv":[2.34375,9.8125,2.25,9.90625]},"east":{"rotation":0,"texture":"#0","tintindex":0,"uv":[2.0625,9.8125,2.15625,9.90625]},"north":{"rotation":0,"texture":"#0","tintindex":0,"uv":[9.8125,1.96875,9.90625,2.0625]},"south":{"rotation":0,"texture":"#0","tintindex":0,"uv":[9.8125,2.0625,9.90625,2.15625]},"up":{"rotation":0,"texture":"#0","tintindex":0,"uv":[9.90625,2.25,9.8125,2.15625]},"west":{"rotation":0,"texture":"#0","tintindex":0,"uv":[2.15625,9.8125,2.25,9.90625]}},"from":[9.368895,1.4927868,17.421604],"name":"cube","rotation":{"angle":45.0,"axis":"x","origin":[6.3690014,17.171928,25.303688]},"to":[11.048895,3.1727853,19.101604]},{"faces":{"down":{"rotation":0,"texture":"#0","tintindex":0,"uv":[2.4375,9.8125,2.34375,9.90625]},"east":{"rotation":0,"texture":"#0","tintindex":0,"uv":[9.71875,1.4375,9.8125,1.59375]},"north":{"rotation":0,"texture":"#0","tintindex":0,"uv":[9.71875,0.5,9.8125,0.65625]},"south":{"rotation":0,"texture":"#0","tintindex":0,"uv":[9.71875,1.75,9.8125,1.90625]},"up":{"rotation":0,"texture":"#0","tintindex":0,"uv":[9.90625,2.34375,9.8125,2.25]},"west":{"rotation":0,"texture":"#0","tintindex":0,"uv":[9.71875,1.90625,9.8125,2.0625]}},"from":[9.608894,11.685192,9.708828],"name":"cube","rotation":{"angle":0.0,"axis":"x","origin":[6.3690014,17.171928,25.303688]},"to":[10.808895,14.085193,10.908827]},{"faces":{"down":{"rotation":0,"texture":"#0","tintindex":0,"uv":[2.625,9.8125,2.53125,9.90625]},"east":{"rotation":0,"texture":"#0","tintindex":0,"uv":[2.78125,9.71875,2.875,9.875]},"north":{"rotation":0,"texture":"#0","tintindex":0,"uv":[9.71875,2.0625,9.8125,2.21875]},"south":{"rotation":0,"texture":"#0","tintindex":0,"uv":[3.03125,9.71875,3.125,9.875]},"up":{"rotation":0,"texture":"#0","tintindex":0,"uv":[2.53125,9.90625,2.4375,9.8125]},"west":{"rotation":0,"texture":"#0","tintindex":0,"uv":[3.34375,9.71875,3.4375,9.875]}},"from":[9.848894,20.44896,8.289335],"name":"cube","rotation":{"angle":-22.5,"axis":"x","origin":[6.4890013,21.731926,27.223686]},"to":[10.568895,22.368961,9.009336]}],"textures":{"0":"modelengine:entity/nocsy_dragon_full"}}