{"display":{"head":{"rotation":[0.0,0.0,0.0],"scale":[3.8095,3.8095,3.8095],"translation":[0.0,-6.4,0.0]}},"elements":[{"faces":{"down":{"rotation":0,"texture":"#0","tintindex":0,"uv":[9.375,5.0,9.21875,5.15625]},"east":{"rotation":0,"texture":"#0","tintindex":0,"uv":[9.21875,3.375,9.375,3.53125]},"north":{"rotation":0,"texture":"#0","tintindex":0,"uv":[9.21875,2.75,9.375,2.90625]},"south":{"rotation":0,"texture":"#0","tintindex":0,"uv":[9.21875,3.84375,9.375,4.0]},"up":{"rotation":0,"texture":"#0","tintindex":0,"uv":[9.375,5.0,9.21875,4.84375]},"west":{"rotation":0,"texture":"#0","tintindex":0,"uv":[4.40625,9.21875,4.5625,9.375]}},"from":[6.735695,6.6048784,6.4136543],"name":"cube","rotation":{"angle":0.0,"axis":"x","origin":[0.46580195,11.701612,14.658513]},"to":[9.735695,9.604878,9.413654]},{"faces":{"down":{"rotation":0,"texture":"#0","tintindex":0,"uv":[8.90625,9.21875,8.75,9.375]},"east":{"rotation":0,"texture":"#0","tintindex":0,"uv":[5.53125,9.21875,5.6875,9.375]},"north":{"rotation":0,"texture":"#0","tintindex":0,"uv":[5.375,9.21875,5.53125,9.375]},"south":{"rotation":0,"texture":"#0","tintindex":0,"uv":[9.21875,5.53125,9.375,5.6875]},"up":{"rotation":0,"texture":"#0","tintindex":0,"uv":[8.75,9.375,8.59375,9.21875]},"west":{"rotation":0,"texture":"#0","tintindex":0,"uv":[9.21875,7.125,9.375,7.28125]}},"from":[6.855695,9.124878,7.2536545],"name":"cube","rotation":{"angle":22.5,"axis":"x","origin":[8.235695,10.744879,7.9136543]},"to":[9.615696,11.884878,10.013655]},{"faces":{"down":{"rotation":0,"texture":"#0","tintindex":0,"uv":[3.90625,9.25,3.75,9.40625]},"east":{"rotation":0,"texture":"#0","tintindex":0,"uv":[2.875,9.25,3.03125,9.40625]},"north":{"rotation":0,"texture":"#0","tintindex":0,"uv":[9.25,0.3125,9.40625,0.46875]},"south":{"rotation":0,"texture":"#0","tintindex":0,"uv":[3.03125,9.25,3.1875,9.40625]},"up":{"rotation":0,"texture":"#0","tintindex":0,"uv":[3.75,9.40625,3.59375,9.25]},"west":{"rotation":0,"texture":"#0","tintindex":0,"uv":[3.1875,9.25,3.34375,9.40625]}},"from":[7.035695,11.5248785,7.1336546],"name":"cube","rotation":{"angle":45.0,"axis":"x","origin":[8.235695,10.744879,7.9136543]},"to":[9.435696,13.924879,9.533655]},{"faces":{"down":{"rotation":0,"texture":"#0","tintindex":0,"uv":[0.375,9.78125,0.25,9.875]},"east":{"rotation":0,"texture":"#0","tintindex":0,"uv":[7.46875,9.71875,7.5625,9.875]},"north":{"rotation":0,"texture":"#0","tintindex":0,"uv":[9.40625,5.09375,9.53125,5.25]},"south":{"rotation":0,"texture":"#0","tintindex":0,"uv":[5.125,9.40625,5.25,9.5625]},"up":{"rotation":0,"texture":"#0","tintindex":0,"uv":[9.90625,0.09375,9.78125,0.0]},"west":{"rotation":0,"texture":"#0","tintindex":0,"uv":[7.5625,9.71875,7.65625,9.875]}},"from":[6.9756947,11.824879,9.353655],"name":"cube","rotation":{"angle":0.0,"axis":"x","origin":[8.475695,10.744879,7.9136543]},"to":[9.375694,14.824879,11.153656]},{"faces":{"down":{"rotation":0,"texture":"#0","tintindex":0,"uv":[1.53125,9.78125,1.40625,9.875]},"east":{"rotation":0,"texture":"#0","tintindex":0,"uv":[7.65625,9.71875,7.75,9.875]},"north":{"rotation":0,"texture":"#0","tintindex":0,"uv":[9.40625,5.25,9.53125,5.40625]},"south":{"rotation":0,"texture":"#0","tintindex":0,"uv":[9.40625,5.65625,9.53125,5.8125]},"up":{"rotation":0,"texture":"#0","tintindex":0,"uv":[9.90625,0.4375,9.78125,0.34375]},"west":{"rotation":0,"texture":"#0","tintindex":0,"uv":[7.75,9.71875,7.84375,9.875]}},"from":[7.035695,13.804879,9.713655],"name":"cube","rotation":{"angle":-22.5,"axis":"x","origin":[8.475695,13.324879,10.253655]},"to":[9.315695,16.68488,11.393655]},{"faces":{"down":{"rotation":0,"texture":"#0","tintindex":0,"uv":[9.90625,1.59375,9.78125,1.6875]},"east":{"rotation":0,"texture":"#0","tintindex":0,"uv":[8.21875,9.71875,8.3125,9.875]},"north":{"rotation":0,"texture":"#0","tintindex":0,"uv":[5.75,9.40625,5.875,9.5625]},"south":{"rotation":0,"texture":"#0","tintindex":0,"uv":[5.875,9.40625,6.0,9.5625]},"up":{"rotation":0,"texture":"#0","tintindex":0,"uv":[1.65625,9.875,1.53125,9.78125]},"west":{"rotation":0,"texture":"#0","tintindex":0,"uv":[8.3125,9.71875,8.40625,9.875]}},"from":[7.215695,15.753532,9.376066],"name":"cube","rotation":{"angle":-45.0,"axis":"x","origin":[8.475695,15.2135315,9.796066]},"to":[9.255695,18.393534,10.816067]},{"faces":{"down":{"rotation":0,"texture":"#0","tintindex":0,"uv":[9.53125,6.15625,9.40625,6.3125]},"east":{"rotation":0,"texture":"#0","tintindex":0,"uv":[9.71875,9.28125,9.875,9.375]},"north":{"rotation":0,"texture":"#0","tintindex":0,"uv":[1.65625,9.78125,1.78125,9.875]},"south":{"rotation":0,"texture":"#0","tintindex":0,"uv":[9.78125,2.75,9.90625,2.84375]},"up":{"rotation":0,"texture":"#0","tintindex":0,"uv":[9.53125,6.15625,9.40625,6.0]},"west":{"rotation":0,"texture":"#0","tintindex":0,"uv":[9.71875,9.375,9.875,9.46875]}},"from":[7.275695,16.79225,5.7288456],"name":"cube","rotation":{"angle":0.0,"axis":"x","origin":[8.535695,16.91225,7.4688454]},"to":[9.195695,18.112251,8.248846]},{"faces":{"down":{"rotation":0,"texture":"#0","tintindex":0,"uv":[3.625,8.75,3.53125,8.875]},"east":{"rotation":0,"texture":"#0","tintindex":0,"uv":[9.78125,2.84375,9.90625,2.9375]},"north":{"rotation":0,"texture":"#0","tintindex":0,"uv":[9.8125,7.4375,9.90625,7.53125]},"south":{"rotation":0,"texture":"#0","tintindex":0,"uv":[9.8125,9.125,9.90625,9.21875]},"up":{"rotation":0,"texture":"#0","tintindex":0,"uv":[1.75,8.875,1.65625,8.75]},"west":{"rotation":0,"texture":"#0","tintindex":0,"uv":[2.875,9.78125,3.0,9.875]}},"from":[7.3506947,16.91225,4.2288465],"name":"cube","rotation":{"angle":-45.0,"axis":"x","origin":[8.535695,17.332249,6.988846]},"to":[9.150695,18.712252,6.6288466]},{"faces":{"down":{"rotation":0,"texture":"#0","tintindex":0,"uv":[0.625,9.75,0.53125,9.90625]},"east":{"rotation":0,"texture":"#0","tintindex":0,"uv":[0.375,9.75,0.53125,9.84375]},"north":{"rotation":0,"texture":"#0","tintindex":0,"uv":[0.375,9.84375,0.46875,9.9375]},"south":{"rotation":0,"texture":"#0","tintindex":0,"uv":[9.84375,0.9375,9.9375,1.03125]},"up":{"rotation":0,"texture":"#0","tintindex":0,"uv":[8.5,9.875,8.40625,9.71875]},"west":{"rotation":0,"texture":"#0","tintindex":0,"uv":[9.75,0.65625,9.90625,0.75]}},"from":[7.3956947,16.01225,1.8288454],"name":"cube","rotation":{"angle":-22.5,"axis":"x","origin":[8.535695,17.332249,6.988846]},"to":[9.075695,17.69225,4.708845]},{"faces":{"down":{"rotation":0,"texture":"#0","tintindex":0,"uv":[9.84375,0.9375,9.75,1.09375]},"east":{"rotation":0,"texture":"#0","tintindex":0,"uv":[9.75,0.75,9.90625,0.84375]},"north":{"rotation":0,"texture":"#0","tintindex":0,"uv":[0.96875,9.84375,1.0625,9.9375]},"south":{"rotation":0,"texture":"#0","tintindex":0,"uv":[9.84375,2.5,9.9375,2.59375]},"up":{"rotation":0,"texture":"#0","tintindex":0,"uv":[0.96875,9.90625,0.875,9.75]},"west":{"rotation":0,"texture":"#0","tintindex":0,"uv":[9.75,0.84375,9.90625,0.9375]}},"from":[7.401695,14.2112055,0.021702528],"name":"cube","rotation":{"angle":0.0,"axis":"x","origin":[8.535695,15.465206,3.7357023]},"to":[9.0696945,15.879205,2.889703]},{"faces":{"down":{"rotation":0,"texture":"#0","tintindex":0,"uv":[2.0625,8.125,2.0,8.25]},"east":{"rotation":0,"texture":"#0","tintindex":0,"uv":[7.625,0.4375,7.75,0.5]},"north":{"rotation":0,"texture":"#0","tintindex":0,"uv":[8.15625,5.8125,8.21875,5.875]},"south":{"rotation":0,"texture":"#0","tintindex":0,"uv":[3.875,8.3125,3.9375,8.375]},"up":{"rotation":0,"texture":"#0","tintindex":0,"uv":[3.9375,8.1875,3.875,8.0625]},"west":{"rotation":0,"texture":"#0","tintindex":0,"uv":[8.34375,4.28125,8.46875,4.34375]}},"from":[7.635695,14.385205,-1.9042978],"name":"cube","rotation":{"angle":0.0,"axis":"x","origin":[8.535695,15.465206,3.7357023]},"to":[8.955695,15.705206,0.61570287]},{"faces":{"down":{"rotation":0,"texture":"#0","tintindex":0,"uv":[8.5,6.40625,8.4375,6.5]},"east":{"rotation":0,"texture":"#0","tintindex":0,"uv":[8.6875,2.0625,8.78125,2.125]},"north":{"rotation":0,"texture":"#0","tintindex":0,"uv":[8.34375,8.0,8.40625,8.0625]},