{"textures":{"0":"modelengine:entity/nocsy_dragon_full"},"elements":[{"name":"cube","from":[6.735695,6.6048784,6.4136543],"to":[9.735695,9.604878,9.413654],"rotation":{"angle":0.0,"axis":"x","origin":[0.46580195,11.701612,14.658513]},"faces":{"down":{"uv":[9.375,5.0,9.21875,5.15625],"rotation":0,"texture":"#0","tintindex":0},"east":{"uv":[9.21875,3.375,9.375,3.53125],"rotation":0,"texture":"#0","tintindex":0},"north":{"uv":[9.21875,2.75,9.375,2.90625],"rotation":0,"texture":"#0","tintindex":0},"south":{"uv":[9.21875,3.84375,9.375,4.0],"rotation":0,"texture":"#0","tintindex":0},"up":{"uv":[9.375,5.0,9.21875,4.84375],"rotation":0,"texture":"#0","tintindex":0},"west":{"uv":[4.40625,9.21875,4.5625,9.375],"rotation":0,"texture":"#0","tintindex":0}}},{"name":"cube","from":[6.855695,9.124878,7.2536545],"to":[9.615696,11.884878,10.013655],"rotation":{"angle":22.5,"axis":"x","origin":[8.235695,10.744879,7.9136543]},"faces":{"down":{"uv":[8.90625,9.21875,8.75,9.375],"rotation":0,"texture":"#0","tintindex":0},"east":{"uv":[5.53125,9.21875,5.6875,9.375],"rotation":0,"texture":"#0","tintindex":0},"north":{"uv":[5.375,9.21875,5.53125,9.375],"rotation":0,"texture":"#0","tintindex":0},"south":{"uv":[9.21875,5.53125,9.375,5.6875],"rotation":0,"texture":"#0","tintindex":0},"up":{"uv":[8.75,9.375,8.59375,9.21875],"rotation":0,"texture":"#0","tintindex":0},"west":{"uv":[9.21875,7.125,9.375,7.28125],"rotation":0,"texture":"#0","tintindex":0}}},{"name":"cube","from":[7.035695,11.5248785,7.1336546],"to":[9.435696,13.924879,9.533655],"rotation":{"angle":45.0,"axis":"x","origin":[8.235695,10.744879,7.9136543]},"faces":{"down":{"uv":[3.90625,9.25,3.75,9.40625],"rotation":0,"texture":"#0","tintindex":0},"east":{"uv":[2.875,9.25,3.03125,9.40625],"rotation":0,"texture":"#0","tintindex":0},"north":{"uv":[9.25,0.3125,9.40625,0.46875],"rotation":0,"texture":"#0","tintindex":0},"south":{"uv":[3.03125,9.25,3.1875,9.40625],"rotation":0,"texture":"#0","tintindex":0},"up":{"uv":[3.75,9.40625,3.59375,9.25],"rotation":0,"texture":"#0","tintindex":0},"west":{"uv":[3.1875,9.25,3.34375,9.40625],"rotation":0,"texture":"#0","tintindex":0}}},{"name":"cube","from":[6.9756947,11.824879,9.353655],"to":[9.375694,14.824879,11.153656],"rotation":{"angle":0.0,"axis":"x","origin":[8.475695,10.744879,7.9136543]},"faces":{"down":{"uv":[0.375,9.78125,0.25,9.875],"rotation":0,"texture":"#0","tintindex":0},"east":{"uv":[7.46875,9.71875,7.5625,9.875],"rotation":0,"texture":"#0","tintindex":0},"north":{"uv":[9.40625,5.09375,9.53125,5.25],"rotation":0,"texture":"#0","tintindex":0},"south":{"uv":[5.125,9.40625,5.25,9.5625],"rotation":0,"texture":"#0","tintindex":0},"up":{"uv":[9.90625,0.09375,9.78125,0.0],"rotation":0,"texture":"#0","tintindex":0},"west":{"uv":[7.5625,9.71875,7.65625,9.875],"rotation":0,"texture":"#0","tintindex":0}}},{"name":"cube","from":[7.035695,13.804879,9.713655],"to":[9.315695,16.68488,11.393655],"rotation":{"angle":-22.5,"axis":"x","origin":[8.475695,13.324879,10.253655]},"faces":{"down":{"uv":[1.53125,9.78125,1.40625,9.875],"rotation":0,"texture":"#0","tintindex":0},"east":{"uv":[7.65625,9.71875,7.75,9.875],"rotation":0,"texture":"#0","tintindex":0},"north":{"uv":[9.40625,5.25,9.53125,5.40625],"rotation":0,"texture":"#0","tintindex":0},"south":{"uv":[9.40625,5.65625,9.53125,5.8125],"rotation":0,"texture":"#0","tintindex":0},"up":{"uv":[9.90625,0.4375,9.78125,0.34375],"rotation":0,"texture":"#0","tintindex":0},"west":{"uv":[7.75,9.71875,7.84375,9.875],"rotation":0,"texture":"#0","tintindex":0}}},{"name":"cube","from":[7.215695,15.753532,9.376066],"to":[9.255695,18.393534,10.816067],"rotation":{"angle":-45.0,"axis":"x","origin":[8.475695,15.2135315,9.796066]},"faces":{"down":{"uv":[9.90625,1.59375,9.78125,1.6875],"rotation":0,"texture":"#0","tintindex":0},"east":{"uv":[8.21875,9.71875,8.3125,9.875],"rotation":0,"texture":"#0","tintindex":0},"north":{"uv":[5.75,9.40625,5.875,9.5625],"rotation":0,"texture":"#0","tintindex":0},"south":{"uv":[5.875,9.40625,6.0,9.5625],"rotation":0,"texture":"#0","tintindex":0},"up":{"uv":[1.65625,9.875,1.53125,9.78125],"rotation":0,"texture":"#0","tintindex":0},"west":{"uv":[8.3125,9.71875,8.40625,9.875],"rotation":0,"texture":"#0","tintindex":0}}},{"name":"cube","from":[7.275695,16.79225,5.7288456],"to":[9.195695,18.112251,8.248846],"rotation":{"angle":0.0,"axis":"x","origin":[8.535695,16.91225,7.4688454]},"faces":{"down":{"uv":[9.53125,6.15625,9.40625,6.3125],"rotation":0,"texture":"#0","tintindex":0},"east":{"uv":[9.71875,9.28125,9.875,9.375],"rotation":0,"texture":"#0","tintindex":0},"north":{"uv":[1.65625,9.78125,1.78125,9.875],"rotation":0,"texture":"#0","tintindex":0},"south":{"uv":[9.78125,2.75,9.90625,2.84375],"rotation":0,"texture":"#0","tintindex":0},"up":{"uv":[9.53125,6.15625,9.40625,6.0],"rotation":0,"texture":"#0","tintindex":0},"west":{"uv":[9.71875,9.375,9.875,9.46875],"rotation":0,"texture":"#0","tintindex":0}}},{"name":"cube","from":[7.3506947,16.91225,4.2288465],"to":[9.150695,18.712252,6.6288466],"rotation":{"angle":-45.0,"axis":"x","origin":[8.535695,17.332249,6.988846]},"faces":{"down":{"uv":[3.625,8.75,3.53125,8.875],"rotation":0,"texture":"#0","tintindex":0},"east":{"uv":[9.78125,2.84375,9.90625,2.9375],"rotation":0,"texture":"#0","tintindex":0},"north":{"uv":[9.8125,7.4375,9.90625,7.53125],"rotation":0,"texture":"#0","tintindex":0},"south":{"uv":[9.8125,9.125,9.90625,9.21875],"rotation":0,"texture":"#0","tintindex":0},"up":{"uv":[1.75,8.875,1.65625,8.75],"rotation":0,"texture":"#0","tintindex":0},"west":{"uv":[2.875,9.78125,3.0,9.875],"rotation":0,"texture":"#0","tintindex":0}}},{"name":"cube","from":[7.3956947,16.01225,1.8288454],"to":[9.075695,17.69225,4.708845],"rotation":{"angle":-22.5,"axis":"x","origin":[8.535695,17.332249,6.988846]},"faces":{"down":{"uv":[0.625,9.75,0.53125,9.90625],"rotation":0,"texture":"#0","tintindex":0},"east":{"uv":[0.375,9.75,0.53125,9.84375],"rotation":0,"texture":"#0","tintindex":0},"north":{"uv":[0.375,9.84375,0.46875,9.9375],"rotation":0,"texture":"#0","tintindex":0},"south":{"uv":[9.84375,0.9375,9.9375,1.03125],"rotation":0,"texture":"#0","tintindex":0},"up":{"uv":[8.5,9.875,8.40625,9.71875],"rotation":0,"texture":"#0","tintindex":0},"west":{"uv":[9.75,0.65625,9.90625,0.75],"rotation":0,"texture":"#0","tintindex":0}}},{"name":"cube","from":[7.401695,14.2112055,0.021702528],"to":[9.0696945,15.879205,2.889703],"rotation":{"angle":0.0,"axis":"x","origin":[8.535695,15.465206,3.7357023]},"faces":{"down":{"uv":[9.84375,0.9375,9.75,1.09375],"rotation":0,"texture":"#0","tintindex":0},"east":{"uv":[9.75,0.75,9.90625,0.84375],"rotation":0,"texture":"#0","tintindex":0},"north":{"uv":[0.96875,9.84375,1.0625,9.9375],"rotation":0,"texture":"#0","tintindex":0},"south":{"uv":[9.84375,2.5,9.9375,2.59375],"rotation":0,"texture":"#0","tintindex":0},"up":{"uv":[0.96875,9.90625,0.875,9.75],"rotation":0,"texture":"#0","tintindex":0},"west":{"uv":[9.75,0.84375,9.90625,0.9375],"rotation":0,"texture":"#0","tintindex":0}}},{"name":"cube","from":[7.635695,14.385205,-1.9042978],"to":[8.955695,15.705206,0.61570287],"rotation":{"angle":0.0,"axis":"x","origin":[8.535695,15.465206,3.7357023]},"faces":{"down":{"uv":[2.0625,8.125,2.0,8.25],"rotation":0,"texture":"#0","tintindex":0},"east":{"uv":[7.625,0.4375,7.75,0.5],"rotation":0,"texture":"#0","tintindex":0},"north":{"uv":[8.15625,5.8125,8.21875,5.875],"rotation":0,"texture":"#0","tintindex":0},"south":{"uv":[3.875,8.3125,3.9375,8.375],"rotation":0,"texture":"#0","tintindex":0},"up":{"uv":[3.9375,8.1875,3.875,8.0625],"rotation":0,"texture":"#0","tintindex":0},"west":{"uv":[8.34375,4.28125,8.46875,4.34375],"rotation":0,"texture":"#0","tintindex":0}}},{"name":"cube","from":[7.815695,14.565206,-3.5242972],"to":[8.775695,15.525205,-1.9642978],"rotation":{"angle":0.0,"axis":"x","origin":[8.535695,15.465206,3.7357023]},"faces":{"down":{"uv":[8.5,6.40625,8.4375,6.5],"rotation":0,"texture":"#0","tintindex":0},"east":{"uv":[8.6875,2.0625,8.78125,2.125],"rotation":0,"texture":"#0",