{"display":{"head":{"rotation":[0.0,0.0,0.0],"scale":[3.8095,3.8095,3.8095],"translation":[0.0,-6.4,0.0]}},"elements":[{"faces":{"down":{"rotation":0,"texture":"#0","tintindex":0,"uv":[8.78125,0.8125,8.46875,1.0625]},"east":{"rotation":0,"texture":"#0","tintindex":0,"uv":[9.15625,8.15625,9.40625,8.28125]},"north":{"rotation":0,"texture":"#0","tintindex":0,"uv":[1.625,9.0625,1.9375,9.1875]},"south":{"rotation":0,"texture":"#0","tintindex":0,"uv":[0.0,9.09375,0.3125,9.21875]},"up":{"rotation":0,"texture":"#0","tintindex":0,"uv":[8.78125,0.8125,8.46875,0.5625]},"west":{"rotation":0,"texture":"#0","tintindex":0,"uv":[9.15625,8.28125,9.40625,8.40625]}},"from":[4.9939995,6.1616936,7.0817833],"name":"cube","rotation":{"angle":0.0,"axis":"x","origin":[7.3879995,10.398961,28.263577]},"to":[10.982,8.549694,11.869784]},{"faces":{"down":{"rotation":0,"texture":"#0","tintindex":0,"uv":[8.78125,3.4375,8.46875,3.6875]},"east":{"rotation":0,"texture":"#0","tintindex":0,"uv":[8.34375,9.15625,8.59375,9.28125]},"north":{"rotation":0,"texture":"#0","tintindex":0,"uv":[9.09375,0.46875,9.40625,0.59375]},"south":{"rotation":0,"texture":"#0","tintindex":0,"uv":[9.09375,0.59375,9.40625,0.71875]},"up":{"rotation":0,"texture":"#0","tintindex":0,"uv":[8.78125,1.3125,8.46875,1.0625]},"west":{"rotation":0,"texture":"#0","tintindex":0,"uv":[9.15625,8.40625,9.40625,8.53125]}},"from":[4.9939995,6.1616936,7.0817833],"name":"cube","rotation":{"angle":0.0,"axis":"x","origin":[7.3879995,10.398961,28.263577]},"to":[10.982,8.549694,11.869784]},{"faces":{"down":{"rotation":0,"texture":"#0","tintindex":0,"uv":[8.90625,9.625,8.78125,9.75]},"east":{"rotation":0,"texture":"#0","tintindex":0,"uv":[8.03125,9.34375,8.15625,9.53125]},"north":{"rotation":0,"texture":"#0","tintindex":0,"uv":[7.90625,9.34375,8.03125,9.53125]},"south":{"rotation":0,"texture":"#0","tintindex":0,"uv":[8.15625,9.34375,8.28125,9.53125]},"up":{"rotation":0,"texture":"#0","tintindex":0,"uv":[9.75,8.8125,9.625,8.6875]},"west":{"rotation":0,"texture":"#0","tintindex":0,"uv":[9.09375,9.34375,9.21875,9.53125]}},"from":[9.667999,-9.149758,15.778735],"name":"cube","rotation":{"angle":45.0,"axis":"x","origin":[7.3879995,10.398961,28.263577]},"to":[12.068,-5.549758,18.178734]},{"faces":{"down":{"rotation":0,"texture":"#0","tintindex":0,"uv":[9.03125,9.625,8.90625,9.75]},"east":{"rotation":0,"texture":"#0","tintindex":0,"uv":[9.34375,9.34375,9.46875,9.53125]},"north":{"rotation":0,"texture":"#0","tintindex":0,"uv":[9.21875,9.34375,9.34375,9.53125]},"south":{"rotation":0,"texture":"#0","tintindex":0,"uv":[0.0,9.375,0.125,9.5625]},"up":{"rotation":0,"texture":"#0","tintindex":0,"uv":[9.75,8.9375,9.625,8.8125]},"west":{"rotation":0,"texture":"#0","tintindex":0,"uv":[0.125,9.375,0.25,9.5625]}},"from":[6.9079995,-9.149758,15.778735],"name":"cube","rotation":{"angle":45.0,"axis":"x","origin":[7.3879995,10.398961,28.263577]},"to":[9.308,-5.549758,18.178734]},{"faces":{"down":{"rotation":0,"texture":"#0","tintindex":0,"uv":[9.78125,0.0,9.65625,0.125]},"east":{"rotation":0,"texture":"#0","tintindex":0,"uv":[9.375,0.84375,9.5,1.03125]},"north":{"rotation":0,"texture":"#0","tintindex":0,"uv":[0.75,9.375,0.875,9.5625]},"south":{"rotation":0,"texture":"#0","tintindex":0,"uv":[0.875,9.375,1.0,9.5625]},"up":{"rotation":0,"texture":"#0","tintindex":0,"uv":[9.75,9.0625,9.625,8.9375]},"west":{"rotation":0,"texture":"#0","tintindex":0,"uv":[9.375,1.03125,9.5,1.21875]}},"from":[3.7879996,-9.149758,15.778735],"name":"cube","rotation":{"angle":45.0,"axis":"x","origin":[7.3879995,10.398961,28.263577]},"to":[6.1879997,-5.549758,18.178734]},{"faces":{"down":{"rotation":0,"texture":"#0","tintindex":0,"uv":[4.40625,9.84375,4.3125,9.9375]},"east":{"rotation":0,"texture":"#0","tintindex":0,"uv":[2.65625,8.5,2.75,8.6875]},"north":{"rotation":0,"texture":"#0","tintindex":0,"uv":[8.375,0.5625,8.46875,0.75]},"south":{"rotation":0,"texture":"#0","tintindex":0,"uv":[1.65625,8.5625,1.75,8.75]},"up":{"rotation":0,"texture":"#0","tintindex":0,"uv":[4.3125,9.9375,4.21875,9.84375]},"west":{"rotation":0,"texture":"#0","tintindex":0,"uv":[2.5625,8.71875,2.65625,8.90625]}},"from":[7.2679996,-5.625231,9.590663],"name":"cube","rotation":{"angle":22.5,"axis":"x","origin":[7.3879995,10.398961,28.263577]},"to":[8.948,-2.1452303,11.270664]},{"faces":{"down":{"rotation":0,"texture":"#0","tintindex":0,"uv":[4.59375,9.84375,4.5,9.9375]},"east":{"rotation":0,"texture":"#0","tintindex":0,"uv":[6.4375,9.03125,6.53125,9.21875]},"north":{"rotation":0,"texture":"#0","tintindex":0,"uv":[3.4375,8.9375,3.53125,9.125]},"south":{"rotation":0,"texture":"#0","tintindex":0,"uv":[6.9375,9.40625,7.03125,9.59375]},"up":{"rotation":0,"texture":"#0","tintindex":0,"uv":[4.5,9.9375,4.40625,9.84375]},"west":{"rotation":0,"texture":"#0","tintindex":0,"uv":[9.40625,7.25,9.5,7.4375]}},"from":[10.028,-5.625231,9.590663],"name":"cube","rotation":{"angle":22.5,"axis":"x","origin":[7.3879995,10.398961,28.263577]},"to":[11.708,-2.1452303,11.270664]},{"faces":{"down":{"rotation":0,"texture":"#0","tintindex":0,"uv":[5.15625,9.84375,5.0625,9.9375]},"east":{"rotation":0,"texture":"#0","tintindex":0,"uv":[9.40625,8.09375,9.5,8.28125]},"north":{"rotation":0,"texture":"#0","tintindex":0,"uv":[9.40625,7.90625,9.5,8.09375]},"south":{"rotation":0,"texture":"#0","tintindex":0,"uv":[9.40625,8.28125,9.5,8.46875]},"up":{"rotation":0,"texture":"#0","tintindex":0,"uv":[5.0625,9.9375,4.96875,9.84375]},"west":{"rotation":0,"texture":"#0","tintindex":0,"uv":[9.40625,8.46875,9.5,8.65625]}},"from":[4.1479993,-5.625231,9.590663],"name":"cube","rotation":{"angle":22.5,"axis":"x","origin":[7.3879995,10.398961,28.263577]},"to":[5.827999,-2.1452303,11.270664]},{"faces":{"down":{"rotation":0,"texture":"#0","tintindex":0,"uv":[0.0,0.0,0.0,0.1875]},"east":{"rotation":0,"texture":"#0","tintindex":0,"uv":[8.96875,6.5,9.15625,6.71875]},"north":{"rotation":0,"texture":"#0","tintindex":0,"uv":[0.0,0.0,0.0,0.21875]},"south":{"rotation":0,"texture":"#0","tintindex":0,"uv":[0.0,0.0,0.0,0.21875]},"up":{"rotation":0,"texture":"#0","tintindex":0,"uv":[0.0,0.1875,0.0,0.0]},"west":{"rotation":0,"texture":"#0","tintindex":0,"uv":[8.96875,6.71875,9.15625,6.9375]}},"from":[5.1079993,-9.705231,9.230663],"name":"cube","rotation":{"angle":22.5,"axis":"x","origin":[7.3879995,10.398961,28.263577]},"to":[5.1079993,-5.505231,12.830664]},{"faces":{"down":{"rotation":0,"texture":"#0","tintindex":0,"uv":[0.0,0.0,0.0,0.1875]},"east":{"rotation":0,"texture":"#0","tintindex":0,"uv":[7.40625,8.96875,7.59375,9.1875]},"north":{"rotation":0,"texture":"#0","tintindex":0,"uv":[0.0,0.0,0.0,0.21875]},"south":{"rotation":0,"texture":"#0","tintindex":0,"uv":[0.0,0.0,0.0,0.21875]},"up":{"rotation":0,"texture":"#0","tintindex":0,"uv":[0.0,0.1875,0.0,0.0]},"west":{"rotation":0,"texture":"#0","tintindex":0,"uv":[7.59375,8.96875,7.78125,9.1875]}},"from":[8.108,-9.705231,9.230663],"name":"cube","rotation":{"angle":22.5,"axis":"x","origin":[7.3879995,10.398961,28.263577]},"to":[8.108,-5.505231,12.830664]},{"faces":{"down":{"rotation":0,"texture":"#0","tintindex":0,"uv":[0.0,0.0,0.0,0.1875]},"east":{"rotation":0,"texture":"#0","tintindex":0,"uv":[7.78125,8.96875,7.96875,9.1875]},"north":{"rotation":0,"texture":"#0","tintindex":0,"uv":[0.0,0.0,0.0,0.21875]},"south":{"rotation":0,"texture":"#0","tintindex":0,"uv":[0.0,0.0,0.0,0.21875]},"up":{"rotation":0,"texture":"#0","tintindex":0,"uv":[0.0,0.1875,0.0,0.0]},"west":{"rotation":0,"texture":"#0","tintindex":0,"uv":[8.96875,7.90625,9.15625,8.125]}},"from":[10.868,-9.705231,9.230663],"name":"cube","rotation":{"angle":22.5,"axis":"x","origin":[7.3879995,10.398961,28.263577]},"to":[10.868,-5.505231,12.830664]}],"textures":{"0":"modelengine:entity/nocsy_dragon_full"}}