{"textures":{"0":"modelengine:entity/nocsy_dragon_full"},"elements":[{"name":"cube","from":[6.632,7.660205,5.4654474],"to":[9.512001,10.540201,8.345447],"rotation":{"angle":0.0,"axis":"x","origin":[16.021893,16.025059,3.1287134]},"faces":{"down":{"uv":[9.65625,6.03125,9.53125,6.15625],"rotation":0,"texture":"#0","tintindex":0},"east":{"uv":[9.53125,5.65625,9.65625,5.78125],"rotation":0,"texture":"#0","tintindex":0},"north":{"uv":[9.53125,5.40625,9.65625,5.53125],"rotation":0,"texture":"#0","tintindex":0},"south":{"uv":[9.53125,5.78125,9.65625,5.90625],"rotation":0,"texture":"#0","tintindex":0},"up":{"uv":[6.125,9.65625,6.0,9.53125],"rotation":0,"texture":"#0","tintindex":0},"west":{"uv":[9.53125,5.90625,9.65625,6.03125],"rotation":0,"texture":"#0","tintindex":0}}},{"name":"cube","from":[6.9919996,12.37483,9.527754],"to":[9.152,14.894826,12.047755],"rotation":{"angle":22.5,"axis":"x","origin":[11.791893,26.015064,-1.941287]},"faces":{"down":{"uv":[9.65625,6.875,9.53125,7.0],"rotation":0,"texture":"#0","tintindex":0},"east":{"uv":[9.53125,6.15625,9.65625,6.28125],"rotation":0,"texture":"#0","tintindex":0},"north":{"uv":[6.125,9.53125,6.25,9.65625],"rotation":0,"texture":"#0","tintindex":0},"south":{"uv":[9.53125,6.28125,9.65625,6.40625],"rotation":0,"texture":"#0","tintindex":0},"up":{"uv":[9.65625,6.875,9.53125,6.75],"rotation":0,"texture":"#0","tintindex":0},"west":{"uv":[9.53125,6.40625,9.65625,6.53125],"rotation":0,"texture":"#0","tintindex":0}}},{"name":"cube","from":[7.1119995,18.13298,12.057854],"to":[8.792,19.81298,13.737853],"rotation":{"angle":45.0,"axis":"x","origin":[11.791893,26.015064,-1.941287]},"faces":{"down":{"uv":[9.34375,9.78125,9.25,9.875],"rotation":0,"texture":"#0","tintindex":0},"east":{"uv":[8.96875,9.78125,9.0625,9.875],"rotation":0,"texture":"#0","tintindex":0},"north":{"uv":[8.125,9.78125,8.21875,9.875],"rotation":0,"texture":"#0","tintindex":0},"south":{"uv":[9.78125,9.03125,9.875,9.125],"rotation":0,"texture":"#0","tintindex":0},"up":{"uv":[9.25,9.875,9.15625,9.78125],"rotation":0,"texture":"#0","tintindex":0},"west":{"uv":[9.0625,9.78125,9.15625,9.875],"rotation":0,"texture":"#0","tintindex":0}}},{"name":"cube","from":[7.352,10.420201,1.1454465],"to":[8.552,11.620201,3.5454466],"rotation":{"angle":0.0,"axis":"x","origin":[11.791893,26.015064,-1.941287]},"faces":{"down":{"uv":[4.40625,9.6875,4.3125,9.84375],"rotation":0,"texture":"#0","tintindex":0},"east":{"uv":[9.21875,1.3125,9.375,1.40625],"rotation":0,"texture":"#0","tintindex":0},"north":{"uv":[9.78125,9.46875,9.875,9.5625],"rotation":0,"texture":"#0","tintindex":0},"south":{"uv":[9.78125,9.5625,9.875,9.65625],"rotation":0,"texture":"#0","tintindex":0},"up":{"uv":[4.3125,9.84375,4.21875,9.6875],"rotation":0,"texture":"#0","tintindex":0},"west":{"uv":[9.65625,4.0625,9.8125,4.15625],"rotation":0,"texture":"#0","tintindex":0}}},{"name":"cube","from":[7.592,9.00071,-7.138317],"to":[8.312,9.720714,-5.218319],"rotation":{"angle":-22.5,"axis":"x","origin":[11.671893,27.935062,-6.5012865]},"faces":{"down":{"uv":[4.59375,9.6875,4.5,9.84375],"rotation":0,"texture":"#0","tintindex":0},"east":{"uv":[9.65625,5.4375,9.8125,5.53125],"rotation":0,"texture":"#0","tintindex":0},"north":{"uv":[9.78125,9.65625,9.875,9.75],"rotation":0,"texture":"#0","tintindex":0},"south":{"uv":[9.78125,9.75,9.875,9.84375],"rotation":0,"texture":"#0","tintindex":0},"up":{"uv":[4.5,9.84375,4.40625,9.6875],"rotation":0,"texture":"#0","tintindex":0},"west":{"uv":[9.65625,6.90625,9.8125,7.0],"rotation":0,"texture":"#0","tintindex":0}}}],"display":{"head":{"translation":[0.0,-6.4,0.0],"rotation":[0.0,0.0,0.0],"scale":[3.8095,3.8095,3.8095]}}}