{"textures":{"0":"modelengine:entity/nocsy_dragon_full"},"elements":[{"name":"cube","from":[4.9939995,6.1616936,7.0817833],"to":[10.982,8.549694,11.869784],"rotation":{"angle":0.0,"axis":"x","origin":[7.3879995,10.398961,28.263577]},"faces":{"down":{"uv":[8.78125,0.8125,8.46875,1.0625],"rotation":0,"texture":"#0","tintindex":0},"east":{"uv":[9.15625,8.15625,9.40625,8.28125],"rotation":0,"texture":"#0","tintindex":0},"north":{"uv":[1.625,9.0625,1.9375,9.1875],"rotation":0,"texture":"#0","tintindex":0},"south":{"uv":[0.0,9.09375,0.3125,9.21875],"rotation":0,"texture":"#0","tintindex":0},"up":{"uv":[8.78125,0.8125,8.46875,0.5625],"rotation":0,"texture":"#0","tintindex":0},"west":{"uv":[9.15625,8.28125,9.40625,8.40625],"rotation":0,"texture":"#0","tintindex":0}}},{"name":"cube","from":[4.9939995,6.1616936,7.0817833],"to":[10.982,8.549694,11.869784],"rotation":{"angle":0.0,"axis":"x","origin":[7.3879995,10.398961,28.263577]},"faces":{"down":{"uv":[8.78125,3.4375,8.46875,3.6875],"rotation":0,"texture":"#0","tintindex":0},"east":{"uv":[8.34375,9.15625,8.59375,9.28125],"rotation":0,"texture":"#0","tintindex":0},"north":{"uv":[9.09375,0.46875,9.40625,0.59375],"rotation":0,"texture":"#0","tintindex":0},"south":{"uv":[9.09375,0.59375,9.40625,0.71875],"rotation":0,"texture":"#0","tintindex":0},"up":{"uv":[8.78125,1.3125,8.46875,1.0625],"rotation":0,"texture":"#0","tintindex":0},"west":{"uv":[9.15625,8.40625,9.40625,8.53125],"rotation":0,"texture":"#0","tintindex":0}}},{"name":"cube","from":[9.667999,-9.149758,15.778735],"to":[12.068,-5.549758,18.178734],"rotation":{"angle":45.0,"axis":"x","origin":[7.3879995,10.398961,28.263577]},"faces":{"down":{"uv":[8.90625,9.625,8.78125,9.75],"rotation":0,"texture":"#0","tintindex":0},"east":{"uv":[8.03125,9.34375,8.15625,9.53125],"rotation":0,"texture":"#0","tintindex":0},"north":{"uv":[7.90625,9.34375,8.03125,9.53125],"rotation":0,"texture":"#0","tintindex":0},"south":{"uv":[8.15625,9.34375,8.28125,9.53125],"rotation":0,"texture":"#0","tintindex":0},"up":{"uv":[9.75,8.8125,9.625,8.6875],"rotation":0,"texture":"#0","tintindex":0},"west":{"uv":[9.09375,9.34375,9.21875,9.53125],"rotation":0,"texture":"#0","tintindex":0}}},{"name":"cube","from":[6.9079995,-9.149758,15.778735],"to":[9.308,-5.549758,18.178734],"rotation":{"angle":45.0,"axis":"x","origin":[7.3879995,10.398961,28.263577]},"faces":{"down":{"uv":[9.03125,9.625,8.90625,9.75],"rotation":0,"texture":"#0","tintindex":0},"east":{"uv":[9.34375,9.34375,9.46875,9.53125],"rotation":0,"texture":"#0","tintindex":0},"north":{"uv":[9.21875,9.34375,9.34375,9.53125],"rotation":0,"texture":"#0","tintindex":0},"south":{"uv":[0.0,9.375,0.125,9.5625],"rotation":0,"texture":"#0","tintindex":0},"up":{"uv":[9.75,8.9375,9.625,8.8125],"rotation":0,"texture":"#0","tintindex":0},"west":{"uv":[0.125,9.375,0.25,9.5625],"rotation":0,"texture":"#0","tintindex":0}}},{"name":"cube","from":[3.7879996,-9.149758,15.778735],"to":[6.1879997,-5.549758,18.178734],"rotation":{"angle":45.0,"axis":"x","origin":[7.3879995,10.398961,28.263577]},"faces":{"down":{"uv":[9.78125,0.0,9.65625,0.125],"rotation":0,"texture":"#0","tintindex":0},"east":{"uv":[9.375,0.84375,9.5,1.03125],"rotation":0,"texture":"#0","tintindex":0},"north":{"uv":[0.75,9.375,0.875,9.5625],"rotation":0,"texture":"#0","tintindex":0},"south":{"uv":[0.875,9.375,1.0,9.5625],"rotation":0,"texture":"#0","tintindex":0},"up":{"uv":[9.75,9.0625,9.625,8.9375],"rotation":0,"texture":"#0","tintindex":0},"west":{"uv":[9.375,1.03125,9.5,1.21875],"rotation":0,"texture":"#0","tintindex":0}}},{"name":"cube","from":[7.2679996,-5.625231,9.590663],"to":[8.948,-2.1452303,11.270664],"rotation":{"angle":22.5,"axis":"x","origin":[7.3879995,10.398961,28.263577]},"faces":{"down":{"uv":[4.40625,9.84375,4.3125,9.9375],"rotation":0,"texture":"#0","tintindex":0},"east":{"uv":[2.65625,8.5,2.75,8.6875],"rotation":0,"texture":"#0","tintindex":0},"north":{"uv":[8.375,0.5625,8.46875,0.75],"rotation":0,"texture":"#0","tintindex":0},"south":{"uv":[1.65625,8.5625,1.75,8.75],"rotation":0,"texture":"#0","tintindex":0},"up":{"uv":[4.3125,9.9375,4.21875,9.84375],"rotation":0,"texture":"#0","tintindex":0},"west":{"uv":[2.5625,8.71875,2.65625,8.90625],"rotation":0,"texture":"#0","tintindex":0}}},{"name":"cube","from":[10.028,-5.625231,9.590663],"to":[11.708,-2.1452303,11.270664],"rotation":{"angle":22.5,"axis":"x","origin":[7.3879995,10.398961,28.263577]},"faces":{"down":{"uv":[4.59375,9.84375,4.5,9.9375],"rotation":0,"texture":"#0","tintindex":0},"east":{"uv":[6.4375,9.03125,6.53125,9.21875],"rotation":0,"texture":"#0","tintindex":0},"north":{"uv":[3.4375,8.9375,3.53125,9.125],"rotation":0,"texture":"#0","tintindex":0},"south":{"uv":[6.9375,9.40625,7.03125,9.59375],"rotation":0,"texture":"#0","tintindex":0},"up":{"uv":[4.5,9.9375,4.40625,9.84375],"rotation":0,"texture":"#0","tintindex":0},"west":{"uv":[9.40625,7.25,9.5,7.4375],"rotation":0,"texture":"#0","tintindex":0}}},{"name":"cube","from":[4.1479993,-5.625231,9.590663],"to":[5.827999,-2.1452303,11.270664],"rotation":{"angle":22.5,"axis":"x","origin":[7.3879995,10.398961,28.263577]},"faces":{"down":{"uv":[5.15625,9.84375,5.0625,9.9375],"rotation":0,"texture":"#0","tintindex":0},"east":{"uv":[9.40625,8.09375,9.5,8.28125],"rotation":0,"texture":"#0","tintindex":0},"north":{"uv":[9.40625,7.90625,9.5,8.09375],"rotation":0,"texture":"#0","tintindex":0},"south":{"uv":[9.40625,8.28125,9.5,8.46875],"rotation":0,"texture":"#0","tintindex":0},"up":{"uv":[5.0625,9.9375,4.96875,9.84375],"rotation":0,"texture":"#0","tintindex":0},"west":{"uv":[9.40625,8.46875,9.5,8.65625],"rotation":0,"texture":"#0","tintindex":0}}},{"name":"cube","from":[5.1079993,-9.705231,9.230663],"to":[5.1079993,-5.505231,12.830664],"rotation":{"angle":22.5,"axis":"x","origin":[7.3879995,10.398961,28.263577]},"faces":{"down":{"uv":[0.0,0.0,0.0,0.1875],"rotation":0,"texture":"#0","tintindex":0},"east":{"uv":[8.96875,6.5,9.15625,6.71875],"rotation":0,"texture":"#0","tintindex":0},"north":{"uv":[0.0,0.0,0.0,0.21875],"rotation":0,"texture":"#0","tintindex":0},"south":{"uv":[0.0,0.0,0.0,0.21875],"rotation":0,"texture":"#0","tintindex":0},"up":{"uv":[0.0,0.1875,0.0,0.0],"rotation":0,"texture":"#0","tintindex":0},"west":{"uv":[8.96875,6.71875,9.15625,6.9375],"rotation":0,"texture":"#0","tintindex":0}}},{"name":"cube","from":[8.108,-9.705231,9.230663],"to":[8.108,-5.505231,12.830664],"rotation":{"angle":22.5,"axis":"x","origin":[7.3879995,10.398961,28.263577]},"faces":{"down":{"uv":[0.0,0.0,0.0,0.1875],"rotation":0,"texture":"#0","tintindex":0},"east":{"uv":[7.40625,8.96875,7.59375,9.1875],"rotation":0,"texture":"#0","tintindex":0},"north":{"uv":[0.0,0.0,0.0,0.21875],"rotation":0,"texture":"#0","tintindex":0},"south":{"uv":[0.0,0.0,0.0,0.21875],"rotation":0,"texture":"#0","tintindex":0},"up":{"uv":[0.0,0.1875,0.0,0.0],"rotation":0,"texture":"#0","tintindex":0},"west":{"uv":[7.59375,8.96875,7.78125,9.1875],"rotation":0,"texture":"#0","tintindex":0}}},{"name":"cube","from":[10.868,-9.705231,9.230663],"to":[10.868,-5.505231,12.830664],"rotation":{"angle":22.5,"axis":"x","origin":[7.3879995,10.398961,28.263577]},"faces":{"down":{"uv":[0.0,0.0,0.0,0.1875],"rotation":0,"texture":"#0","tintindex":0},"east":{"uv":[7.78125,8.96875,7.96875,9.1875],"rotation":0,"texture":"#0","tintindex":0},"north":{"uv":[0.0,0.0,0.0,0.21875],"rotation":0,"texture":"#0","tintindex":0},"south":{"uv":[0.0,0.0,0.0,0.21875],"rotation":0,"texture":"#0","tintindex":0},"up":{"uv":[0.0,0.1875,0.0,0.0],"rotation":0,"texture":"#0","tintindex":0},"west":{"uv":[8.96875,7.90625,9.15625,8.125],"rotation":0,"texture":"#0","tintindex":0}}}],"display":{"head":{"translation":[0.0,-6.4,0.0],"rotation":[0.0,0.0,0.0],"scale":[3.8095,3.8095,3.8095]}}}