{"display":{"head":{"rotation":[0.0,0.0,0.0],"scale":[3.8095,3.8095,3.8095],"translation":[0.0,-6.4,0.0]}},"elements":[{"faces":{"down":{"rotation":0,"texture":"#0","tintindex":0,"uv":[9.21875,5.03125,8.96875,5.21875]},"east":{"rotation":0,"texture":"#0","tintindex":0,"uv":[8.96875,3.59375,9.15625,3.84375]},"north":{"rotation":0,"texture":"#0","tintindex":0,"uv":[4.0625,8.6875,4.3125,8.9375]},"south":{"rotation":0,"texture":"#0","tintindex":0,"uv":[8.6875,4.59375,8.9375,4.84375]},"up":{"rotation":0,"texture":"#0","tintindex":0,"uv":[9.21875,4.03125,8.96875,3.84375]},"west":{"rotation":0,"texture":"#0","tintindex":0,"uv":[4.5,8.96875,4.6875,9.21875]}},"from":[5.4466667,9.717016,11.149633],"name":"cube","rotation":{"angle":-22.5,"axis":"x","origin":[7.846667,-6.951994,19.993954]},"to":[10.246667,14.517015,14.749634]},{"faces":{"down":{"rotation":0,"texture":"#0","tintindex":0,"uv":[4.53125,9.375,4.40625,9.5625]},"east":{"rotation":0,"texture":"#0","tintindex":0,"uv":[9.375,0.1875,9.5625,0.3125]},"north":{"rotation":0,"texture":"#0","tintindex":0,"uv":[7.34375,9.65625,7.46875,9.78125]},"south":{"rotation":0,"texture":"#0","tintindex":0,"uv":[9.65625,7.53125,9.78125,7.65625]},"up":{"rotation":0,"texture":"#0","tintindex":0,"uv":[4.15625,9.5625,4.03125,9.375]},"west":{"rotation":0,"texture":"#0","tintindex":0,"uv":[9.375,1.40625,9.5625,1.53125]}},"from":[8.566667,13.317016,9.949635],"name":"cube","rotation":{"angle":-22.5,"axis":"x","origin":[7.846667,-6.951994,19.993954]},"to":[10.966667,15.717016,13.549634]},{"faces":{"down":{"rotation":0,"texture":"#0","tintindex":0,"uv":[5.4375,9.375,5.3125,9.5625]},"east":{"rotation":0,"texture":"#0","tintindex":0,"uv":[9.375,2.3125,9.5625,2.4375]},"north":{"rotation":0,"texture":"#0","tintindex":0,"uv":[9.65625,7.65625,9.78125,7.78125]},"south":{"rotation":0,"texture":"#0","tintindex":0,"uv":[7.84375,9.65625,7.96875,9.78125]},"up":{"rotation":0,"texture":"#0","tintindex":0,"uv":[9.5,5.09375,9.375,4.90625]},"west":{"rotation":0,"texture":"#0","tintindex":0,"uv":[9.375,4.78125,9.5625,4.90625]}},"from":[4.8466663,13.317016,9.949635],"name":"cube","rotation":{"angle":-22.5,"axis":"x","origin":[7.846667,-6.951994,19.993954]},"to":[7.246667,15.717016,13.549634]},{"faces":{"down":{"rotation":0,"texture":"#0","tintindex":0,"uv":[4.125,9.75,4.03125,9.90625]},"east":{"rotation":0,"texture":"#0","tintindex":0,"uv":[9.75,2.65625,9.90625,2.75]},"north":{"rotation":0,"texture":"#0","tintindex":0,"uv":[0.28125,9.875,0.375,9.96875]},"south":{"rotation":0,"texture":"#0","tintindex":0,"uv":[1.40625,9.875,1.5,9.96875]},"up":{"rotation":0,"texture":"#0","tintindex":0,"uv":[9.84375,3.8125,9.75,3.65625]},"west":{"rotation":0,"texture":"#0","tintindex":0,"uv":[9.75,3.3125,9.90625,3.40625]}},"from":[5.206667,10.429235,14.844087],"name":"cube","rotation":{"angle":-45.0,"axis":"x","origin":[6.046667,-6.511235,12.277936]},"to":[6.8866663,12.109237,17.724087]},{"faces":{"down":{"rotation":0,"texture":"#0","tintindex":0,"uv":[0.0,0.0,0.0,0.25]},"east":{"rotation":0,"texture":"#0","tintindex":0,"uv":[2.3125,8.71875,2.5625,8.96875]},"north":{"rotation":0,"texture":"#0","tintindex":0,"uv":[0.0,0.0,0.0,0.25]},"south":{"rotation":0,"texture":"#0","tintindex":0,"uv":[0.0,0.0,0.0,0.25]},"up":{"rotation":0,"texture":"#0","tintindex":0,"uv":[0.0,0.25,0.0,0.0]},"west":{"rotation":0,"texture":"#0","tintindex":0,"uv":[8.71875,2.84375,8.96875,3.09375]}},"from":[6.166667,8.209236,10.344087],"name":"cube","rotation":{"angle":-45.0,"axis":"x","origin":[6.046667,-6.511235,12.277936]},"to":[6.166667,13.009236,15.144087]},{"faces":{"down":{"rotation":0,"texture":"#0","tintindex":0,"uv":[0.0,0.0,0.0,0.25]},"east":{"rotation":0,"texture":"#0","tintindex":0,"uv":[4.59375,8.71875,4.84375,8.96875]},"north":{"rotation":0,"texture":"#0","tintindex":0,"uv":[0.0,0.0,0.0,0.25]},"south":{"rotation":0,"texture":"#0","tintindex":0,"uv":[0.0,0.0,0.0,0.25]},"up":{"rotation":0,"texture":"#0","tintindex":0,"uv":[0.0,0.25,0.0,0.0]},"west":{"rotation":0,"texture":"#0","tintindex":0,"uv":[5.46875,8.71875,5.71875,8.96875]}},"from":[9.946667,8.209236,10.344087],"name":"cube","rotation":{"angle":-45.0,"axis":"x","origin":[6.046667,-6.511235,12.277936]},"to":[9.946667,13.009236,15.144087]},{"faces":{"down":{"rotation":0,"texture":"#0","tintindex":0,"uv":[0.0,0.0,0.0,0.25]},"east":{"rotation":0,"texture":"#0","tintindex":0,"uv":[8.71875,5.65625,8.96875,5.90625]},"north":{"rotation":0,"texture":"#0","tintindex":0,"uv":[0.0,0.0,0.0,0.25]},"south":{"rotation":0,"texture":"#0","tintindex":0,"uv":[0.0,0.0,0.0,0.25]},"up":{"rotation":0,"texture":"#0","tintindex":0,"uv":[0.0,0.25,0.0,0.0]},"west":{"rotation":0,"texture":"#0","tintindex":0,"uv":[5.71875,8.71875,5.96875,8.96875]}},"from":[8.326667,4.7577744,4.6936164],"name":"cube","rotation":{"angle":-22.5,"axis":"x","origin":[6.046667,-6.511235,12.277936]},"to":[8.326667,9.557775,9.493616]},{"faces":{"down":{"rotation":0,"texture":"#0","tintindex":0,"uv":[5.5,9.75,5.40625,9.90625]},"east":{"rotation":0,"texture":"#0","tintindex":0,"uv":[9.75,3.8125,9.90625,3.90625]},"north":{"rotation":0,"texture":"#0","tintindex":0,"uv":[1.5,9.875,1.59375,9.96875]},"south":{"rotation":0,"texture":"#0","tintindex":0,"uv":[1.59375,9.875,1.6875,9.96875]},"up":{"rotation":0,"texture":"#0","tintindex":0,"uv":[4.21875,9.90625,4.125,9.75]},"west":{"rotation":0,"texture":"#0","tintindex":0,"uv":[9.75,4.15625,9.90625,4.25]}},"from":[9.046667,10.429235,14.844087],"name":"cube","rotation":{"angle":-45.0,"axis":"x","origin":[6.046667,-6.511235,12.277936]},"to":[10.726667,12.109237,17.724087]},{"faces":{"down":{"rotation":0,"texture":"#0","tintindex":0,"uv":[9.5,7.0625,9.375,7.25]},"east":{"rotation":0,"texture":"#0","tintindex":0,"uv":[5.4375,9.375,5.625,9.5]},"north":{"rotation":0,"texture":"#0","tintindex":0,"uv":[7.96875,9.65625,8.09375,9.78125]},"south":{"rotation":0,"texture":"#0","tintindex":0,"uv":[8.09375,9.65625,8.21875,9.78125]},"up":{"rotation":0,"texture":"#0","tintindex":0,"uv":[5.75,9.5625,5.625,9.375]},"west":{"rotation":0,"texture":"#0","tintindex":0,"uv":[9.375,5.53125,9.5625,5.65625]}},"from":[6.7666664,8.637016,9.949635],"name":"cube","rotation":{"angle":-22.5,"axis":"x","origin":[7.846667,-6.951994,19.993954]},"to":[9.166667,11.037016,13.549634]}],"textures":{"0":"modelengine:entity/nocsy_dragon_full"}}