{"display":{"head":{"rotation":[0.0,0.0,0.0],"scale":[3.7333333,3.7333333,3.7333333],"translation":[0.0,34.032776,34.62952]}},"elements":[{"faces":{"down":{"rotation":0,"texture":"#0","tintindex":0,"uv":[9.65625,7.5625,9.53125,7.6875]},"east":{"rotation":0,"texture":"#0","tintindex":0,"uv":[7.875,5.1875,8.0,6.0625]},"north":{"rotation":0,"texture":"#0","tintindex":0,"uv":[5.09375,7.875,5.21875,8.75]},"south":{"rotation":0,"texture":"#0","tintindex":0,"uv":[5.21875,7.875,5.34375,8.75]},"up":{"rotation":0,"texture":"#0","tintindex":0,"uv":[7.46875,9.65625,7.34375,9.53125]},"west":{"rotation":0,"texture":"#0","tintindex":0,"uv":[5.34375,7.875,5.46875,8.75]}},"from":[7.4613953,-3.4020367,-1.8093033],"name":"cube","rotation":{"angle":0.0,"axis":"x","origin":[7.6567726,-9.432347,9.397863]},"to":[9.17568,8.597963,-0.09501743]},{"faces":{"down":{"rotation":0,"texture":"#0","tintindex":0,"uv":[0.0,0.0,0.0,2.0]},"east":{"rotation":0,"texture":"#0","tintindex":0,"uv":[0.0,2.5625,2.0,5.125]},"north":{"rotation":0,"texture":"#0","tintindex":0,"uv":[0.0,0.0,0.0,2.5625]},"south":{"rotation":0,"texture":"#0","tintindex":0,"uv":[0.0,0.0,0.0,2.5625]},"up":{"rotation":0,"texture":"#0","tintindex":0,"uv":[0.0,2.0,0.0,0.0]},"west":{"rotation":0,"texture":"#0","tintindex":0,"uv":[2.0,2.5625,4.0,5.125]}},"from":[8.404253,-3.4020367,-1.8093033],"name":"cube","rotation":{"angle":0.0,"axis":"x","origin":[7.6567726,-9.432347,9.397863]},"to":[8.404253,31.740814,25.61927]},{"faces":{"down":{"rotation":0,"texture":"#0","tintindex":0,"uv":[8.34375,7.375,8.21875,8.0625]},"east":{"rotation":0,"texture":"#0","tintindex":0,"uv":[8.125,0.0,8.8125,0.125]},"north":{"rotation":0,"texture":"#0","tintindex":0,"uv":[9.53125,7.6875,9.65625,7.8125]},"south":{"rotation":0,"texture":"#0","tintindex":0,"uv":[7.90625,9.53125,8.03125,9.65625]},"up":{"rotation":0,"texture":"#0","tintindex":0,"uv":[7.40625,8.875,7.28125,8.1875]},"west":{"rotation":0,"texture":"#0","tintindex":0,"uv":[8.125,0.125,8.8125,0.25]}},"from":[7.5471096,11.948309,2.0684814],"name":"cube","rotation":{"angle":-45.0,"axis":"x","origin":[6.7996297,0.85336685,19.855005]},"to":[9.089967,13.491169,11.325626]},{"faces":{"down":{"rotation":0,"texture":"#0","tintindex":0,"uv":[9.28125,6.5,9.15625,6.75]},"east":{"rotation":0,"texture":"#0","tintindex":0,"uv":[9.15625,6.0,9.40625,6.125]},"north":{"rotation":0,"texture":"#0","tintindex":0,"uv":[8.03125,9.53125,8.15625,9.65625]},"south":{"rotation":0,"texture":"#0","tintindex":0,"uv":[8.15625,9.53125,8.28125,9.65625]},"up":{"rotation":0,"texture":"#0","tintindex":0,"uv":[9.28125,6.5,9.15625,6.25]},"west":{"rotation":0,"texture":"#0","tintindex":0,"uv":[9.15625,6.125,9.40625,6.25]}},"from":[7.5471096,-3.9163237,-3.609303],"name":"cube","rotation":{"angle":0.0,"axis":"x","origin":[6.7996297,0.85336685,19.855005]},"to":[9.089967,-2.3734655,-0.35216045]},{"faces":{"down":{"rotation":0,"texture":"#0","tintindex":0,"uv":[0.25,9.5625,0.125,9.6875]},"east":{"rotation":0,"texture":"#0","tintindex":0,"uv":[9.53125,9.15625,9.65625,9.28125]},"north":{"rotation":0,"texture":"#0","tintindex":0,"uv":[9.0625,9.53125,9.1875,9.65625]},"south":{"rotation":0,"texture":"#0","tintindex":0,"uv":[9.1875,9.53125,9.3125,9.65625]},"up":{"rotation":0,"texture":"#0","tintindex":0,"uv":[0.125,9.6875,0.0,9.5625]},"west":{"rotation":0,"texture":"#0","tintindex":0,"uv":[9.3125,9.53125,9.4375,9.65625]}},"from":[7.375681,-8.16121,-2.6734028],"name":"cube","rotation":{"angle":22.5,"axis":"x","origin":[6.7996297,0.25336647,8.240721]},"to":[9.261395,-6.275497,-0.78768826]},{"faces":{"down":{"rotation":0,"texture":"#0","tintindex":0,"uv":[2.15625,9.5625,2.03125,9.6875]},"east":{"rotation":0,"texture":"#0","tintindex":0,"uv":[0.6875,9.5625,0.8125,9.6875]},"north":{"rotation":0,"texture":"#0","tintindex":0,"uv":[9.5625,0.125,9.6875,0.25]},"south":{"rotation":0,"texture":"#0","tintindex":0,"uv":[0.8125,9.5625,0.9375,9.6875]},"up":{"rotation":0,"texture":"#0","tintindex":0,"uv":[2.03125,9.6875,1.90625,9.5625]},"west":{"rotation":0,"texture":"#0","tintindex":0,"uv":[9.5625,1.375,9.6875,1.5]}},"from":[7.632824,-11.276014,0.060064316],"name":"cube","rotation":{"angle":45.0,"axis":"x","origin":[6.7996297,0.25336647,8.240721]},"to":[9.004252,-9.904588,1.4314928]},{"faces":{"down":{"rotation":0,"texture":"#0","tintindex":0,"uv":[0.1875,9.8125,0.09375,9.90625]},"east":{"rotation":0,"texture":"#0","tintindex":0,"uv":[5.03125,9.6875,5.125,9.84375]},"north":{"rotation":0,"texture":"#0","tintindex":0,"uv":[9.6875,4.65625,9.78125,4.8125]},"south":{"rotation":0,"texture":"#0","tintindex":0,"uv":[5.125,9.6875,5.21875,9.84375]},"up":{"rotation":0,"texture":"#0","tintindex":0,"uv":[0.09375,9.90625,0.0,9.8125]},"west":{"rotation":0,"texture":"#0","tintindex":0,"uv":[5.21875,9.6875,5.3125,9.84375]}},"from":[7.8899665,2.8173466,-5.27432],"name":"cube","rotation":{"angle":-22.5,"axis":"x","origin":[6.7996297,0.25336647,8.240721]},"to":[8.747109,4.5316324,-4.417177]},{"faces":{"down":{"rotation":0,"texture":"#0","tintindex":0,"uv":[1.875,8.0625,1.75,8.875]},"east":{"rotation":0,"texture":"#0","tintindex":0,"uv":[7.96875,6.625,8.78125,6.75]},"north":{"rotation":0,"texture":"#0","tintindex":0,"uv":[2.15625,9.5625,2.28125,9.6875]},"south":{"rotation":0,"texture":"#0","tintindex":0,"uv":[2.28125,9.5625,2.40625,9.6875]},"up":{"rotation":0,"texture":"#0","tintindex":0,"uv":[1.28125,8.875,1.15625,8.0625]},"west":{"rotation":0,"texture":"#0","tintindex":0,"uv":[8.0,1.5,8.8125,1.625]}},"from":[7.5513954,7.707348,7.201393],"name":"cube","rotation":{"angle":-22.5,"axis":"x","origin":[6.7996297,0.85336685,19.855005]},"to":[9.085681,9.241634,18.164251]},{"faces":{"down":{"rotation":0,"texture":"#0","tintindex":0,"uv":[3.75,8.0625,3.625,8.875]},"east":{"rotation":0,"texture":"#0","tintindex":0,"uv":[8.0,4.34375,8.8125,4.46875]},"north":{"rotation":0,"texture":"#0","tintindex":0,"uv":[9.5625,2.3125,9.6875,2.4375]},"south":{"rotation":0,"texture":"#0","tintindex":0,"uv":[2.40625,9.5625,2.53125,9.6875]},"up":{"rotation":0,"texture":"#0","tintindex":0,"uv":[2.0,8.875,1.875,8.0625]},"west":{"rotation":0,"texture":"#0","tintindex":0,"uv":[8.0,4.46875,8.8125,4.59375]}},"from":[7.5471096,6.4567356,15.249809],"name":"cube","rotation":{"angle":0.0,"axis":"x","origin":[6.7996297,12.8121395,33.271263]},"to":[9.089967,7.999592,26.221237]},{"faces":{"down":{"rotation":0,"texture":"#0","tintindex":0,"uv":[9.28125,7.90625,9.15625,8.15625]},"east":{"rotation":0,"texture":"#0","tintindex":0,"uv":[6.65625,9.15625,6.90625,9.28125]},"north":{"rotation":0,"texture":"#0","tintindex":0,"uv":[2.53125,9.5625,2.65625,9.6875]},"south":{"rotation":0,"texture":"#0","tintindex":0,"uv":[2.65625,9.5625,2.78125,9.6875]},"up":{"rotation":0,"texture":"#0","tintindex":0,"uv":[7.03125,9.40625,6.90625,9.15625]},"west":{"rotation":0,"texture":"#0","tintindex":0,"uv":[9.15625,6.75,9.40625,6.875]}},"from":[7.375681,6.328163,24.335526],"name":"cube","rotation":{"angle":0.0,"axis":"x","origin":[6.7996297,12.554995,32.799835]},"to":[9.261395,8.213877,27.935524]},{"faces":{"down":{"rotation":0,"texture":"#0","tintindex":0,"uv":[4.09375,9.5625,3.96875,9.6875]},"east":{"rotation":0,"texture":"#0","tintindex":0,"uv":[3.46875,9.5625,3.59375,9.6875]},"north":{"rotation":0,"texture":"#0","tintindex":0,"uv":[3.21875,9.5625,3.34375,9.6875]},"south":{"rotation":0,"texture":"#0","tintindex":0,"uv":[3.59375,9.5625,3.71875,9.6875]},"up":{"rotation":0,"texture":"#0","tintindex":0,"uv":[3.96875,9.6875,3.84375,9.5625]},"west":{"rotation":0,"texture":"#0","tintindex":0,"uv":[3.71875,9.5625,3.84375,9.6875]}},"from":[7.632824,2.5118465,29.685707],"name":"cube","rotation":{"angle":22.5,"axis":"x","origin":[6.7996297,10.669283,39.314117]},"to":[9.004252,3.883277,31.057144]},{"faces":{"down":{"rotation":0,"texture":"#0","tintindex":0,"uv":[5.78125,9.6875,5.6875,9.84375]},"east":{"rotation":0,"texture":"#0","tintindex":0,"uv":[9.65625,9.1875,9.8125,9.28125]},"north":{"rotation":0,"texture":"#0","tintindex":0,