{"display":{"head":{"rotation":[0.0,0.0,0.0],"scale":[3.8095,3.8095,3.8095],"translation":[0.0,-6.4,0.0]}},"elements":[{"faces":{"down":{"rotation":0,"texture":"#0","tintindex":0,"uv":[8.96875,6.28125,8.84375,6.34375]},"east":{"rotation":0,"texture":"#0","tintindex":0,"uv":[3.875,8.1875,3.9375,8.3125]},"north":{"rotation":0,"texture":"#0","tintindex":0,"uv":[7.59375,9.59375,7.71875,9.71875]},"south":{"rotation":0,"texture":"#0","tintindex":0,"uv":[7.71875,9.59375,7.84375,9.71875]},"up":{"rotation":0,"texture":"#0","tintindex":0,"uv":[8.9375,0.25,8.8125,0.1875]},"west":{"rotation":0,"texture":"#0","tintindex":0,"uv":[2.0,8.25,2.0625,8.375]}},"from":[6.913454,6.6145325,-1.9430232],"name":"cube","rotation":{"angle":0.0,"axis":"x","origin":[8.113455,-20.155457,27.285545]},"to":[9.313455,9.014532,-0.74302316]},{"faces":{"down":{"rotation":0,"texture":"#0","tintindex":0,"uv":[9.25,4.5,9.125,4.5625]},"east":{"rotation":0,"texture":"#0","tintindex":0,"uv":[2.90625,6.375,2.96875,6.75]},"north":{"rotation":0,"texture":"#0","tintindex":0,"uv":[0.375,8.96875,0.5,9.34375]},"south":{"rotation":0,"texture":"#0","tintindex":0,"uv":[8.96875,0.46875,9.09375,0.84375]},"up":{"rotation":0,"texture":"#0","tintindex":0,"uv":[8.71875,8.90625,8.59375,8.84375]},"west":{"rotation":0,"texture":"#0","tintindex":0,"uv":[7.09375,2.5625,7.15625,2.9375]}},"from":[6.9194546,1.8205312,-1.4570236],"name":"cube","rotation":{"angle":0.0,"axis":"x","origin":[8.113455,-20.155457,27.285545]},"to":[9.307455,8.948531,-0.2690239]},{"faces":{"down":{"rotation":0,"texture":"#0","tintindex":0,"uv":[7.65625,8.28125,7.59375,8.40625]},"east":{"rotation":0,"texture":"#0","tintindex":0,"uv":[9.28125,7.90625,9.40625,8.09375]},"north":{"rotation":0,"texture":"#0","tintindex":0,"uv":[4.65625,6.875,4.71875,7.0625]},"south":{"rotation":0,"texture":"#0","tintindex":0,"uv":[5.53125,7.0625,5.59375,7.25]},"up":{"rotation":0,"texture":"#0","tintindex":0,"uv":[8.21875,8.375,8.15625,8.25]},"west":{"rotation":0,"texture":"#0","tintindex":0,"uv":[8.3125,9.28125,8.4375,9.46875]}},"from":[-0.17130113,4.7005596,3.1089368],"name":"cube","rotation":{"angle":-22.5,"axis":"y","origin":[7.3076434,-1.3154545,18.765545]},"to":[1.0286989,8.300558,5.508937]},{"faces":{"down":{"rotation":0,"texture":"#0","tintindex":0,"uv":[8.21875,8.375,8.15625,8.5]},"east":{"rotation":0,"texture":"#0","tintindex":0,"uv":[8.4375,9.28125,8.5625,9.46875]},"north":{"rotation":0,"texture":"#0","tintindex":0,"uv":[3.25,7.25,3.3125,7.4375]},"south":{"rotation":0,"texture":"#0","tintindex":0,"uv":[7.3125,4.5625,7.375,4.75]},"up":{"rotation":0,"texture":"#0","tintindex":0,"uv":[2.3125,8.5,2.25,8.375]},"west":{"rotation":0,"texture":"#0","tintindex":0,"uv":[9.28125,8.90625,9.40625,9.09375]}},"from":[5.4528017,4.7905536,3.5914826],"name":"cube","rotation":{"angle":0.0,"axis":"x","origin":[7.3076434,-1.3154545,18.765545]},"to":[6.6408014,8.378553,5.9794827]},{"faces":{"down":{"rotation":0,"texture":"#0","tintindex":0,"uv":[0.25,0.0,0.0,0.0]},"east":{"rotation":0,"texture":"#0","tintindex":0,"uv":[0.0,0.0,0.0,0.1875]},"north":{"rotation":0,"texture":"#0","tintindex":0,"uv":[8.96875,0.84375,9.21875,1.03125]},"south":{"rotation":0,"texture":"#0","tintindex":0,"uv":[8.96875,1.03125,9.21875,1.21875]},"up":{"rotation":0,"texture":"#0","tintindex":0,"uv":[0.25,0.0,0.0,0.0]},"west":{"rotation":0,"texture":"#0","tintindex":0,"uv":[0.0,0.0,0.0,0.1875]}},"from":[5.7134542,8.414533,-0.9830241],"name":"cube","rotation":{"angle":0.0,"axis":"x","origin":[9.313455,-20.155457,27.285545]},"to":[10.513454,12.014533,-0.9830241]},{"faces":{"down":{"rotation":0,"texture":"#0","tintindex":0,"uv":[0.0,0.0,0.0,0.3125]},"east":{"rotation":0,"texture":"#0","tintindex":0,"uv":[8.71875,5.90625,9.03125,6.09375]},"north":{"rotation":0,"texture":"#0","tintindex":0,"uv":[0.0,0.0,0.0,0.1875]},"south":{"rotation":0,"texture":"#0","tintindex":0,"uv":[0.0,0.0,0.0,0.1875]},"up":{"rotation":0,"texture":"#0","tintindex":0,"uv":[0.0,0.3125,0.0,0.0]},"west":{"rotation":0,"texture":"#0","tintindex":0,"uv":[3.21875,8.75,3.53125,8.9375]}},"from":[10.426046,8.384554,-1.2145176],"name":"cube","rotation":{"angle":0.0,"axis":"x","origin":[9.525206,-1.3154545,18.765545]},"to":[10.426046,11.984553,4.7854824]},{"faces":{"down":{"rotation":0,"texture":"#0","tintindex":0,"uv":[0.0,0.0,0.0,0.3125]},"east":{"rotation":0,"texture":"#0","tintindex":0,"uv":[3.75,8.75,4.0625,8.9375]},"north":{"rotation":0,"texture":"#0","tintindex":0,"uv":[0.0,0.0,0.0,0.1875]},"south":{"rotation":0,"texture":"#0","tintindex":0,"uv":[0.0,0.0,0.0,0.1875]},"up":{"rotation":0,"texture":"#0","tintindex":0,"uv":[0.0,0.3125,0.0,0.0]},"west":{"rotation":0,"texture":"#0","tintindex":0,"uv":[4.84375,8.75,5.15625,8.9375]}},"from":[5.8008623,8.384554,-1.2145176],"name":"cube","rotation":{"angle":0.0,"axis":"x","origin":[6.701704,-1.3154545,18.765545]},"to":[5.8008623,11.984553,4.7854824]},{"faces":{"down":{"rotation":0,"texture":"#0","tintindex":0,"uv":[3.75,6.0625,3.5,6.375]},"east":{"rotation":0,"texture":"#0","tintindex":0,"uv":[5.15625,8.75,5.46875,8.9375]},"north":{"rotation":0,"texture":"#0","tintindex":0,"uv":[8.96875,1.21875,9.21875,1.40625]},"south":{"rotation":0,"texture":"#0","tintindex":0,"uv":[1.25,8.96875,1.5,9.15625]},"up":{"rotation":0,"texture":"#0","tintindex":0,"uv":[4.0,5.4375,3.75,5.125]},"west":{"rotation":0,"texture":"#0","tintindex":0,"uv":[0.25,8.78125,0.5625,8.96875]}},"from":[5.7134542,4.7845535,-1.2145176],"name":"cube","rotation":{"angle":0.0,"axis":"x","origin":[6.374296,-1.3154545,18.765545]},"to":[10.513454,8.384554,4.7854824]},{"faces":{"down":{"rotation":0,"texture":"#0","tintindex":0,"uv":[8.53125,9.59375,8.40625,9.71875]},"east":{"rotation":0,"texture":"#0","tintindex":0,"uv":[0.5,9.3125,0.625,9.5]},"north":{"rotation":0,"texture":"#0","tintindex":0,"uv":[9.3125,0.0,9.4375,0.1875]},"south":{"rotation":0,"texture":"#0","tintindex":0,"uv":[0.625,9.3125,0.75,9.5]},"up":{"rotation":0,"texture":"#0","tintindex":0,"uv":[8.40625,9.71875,8.28125,9.59375]},"west":{"rotation":0,"texture":"#0","tintindex":0,"uv":[1.0,9.3125,1.125,9.5]}},"from":[6.914055,-3.2687678,-4.256268],"name":"cube","rotation":{"angle":22.5,"axis":"x","origin":[8.713454,-2.9954543,15.885545]},"to":[9.312855,0.3300326,-1.8574672]},{"faces":{"down":{"rotation":0,"texture":"#0","tintindex":0,"uv":[1.3125,9.3125,1.125,9.4375]},"east":{"rotation":0,"texture":"#0","tintindex":0,"uv":[7.75,5.4375,7.875,5.75]},"north":{"rotation":0,"texture":"#0","tintindex":0,"uv":[8.78125,0.46875,8.96875,0.78125]},"south":{"rotation":0,"texture":"#0","tintindex":0,"uv":[8.78125,0.78125,8.96875,1.09375]},"up":{"rotation":0,"texture":"#0","tintindex":0,"uv":[9.46875,6.75,9.28125,6.625]},"west":{"rotation":0,"texture":"#0","tintindex":0,"uv":[1.5,8.96875,1.625,9.28125]}},"from":[6.3074546,2.408531,-0.98902416],"name":"cube","rotation":{"angle":0.0,"axis":"x","origin":[8.713454,-20.155457,27.285545]},"to":[9.919455,8.420532,1.422976]},{"faces":{"down":{"rotation":0,"texture":"#0","tintindex":0,"uv":[9.5,2.59375,9.3125,2.71875]},"east":{"rotation":0,"texture":"#0","tintindex":0,"uv":[4.6875,8.96875,4.8125,9.28125]},"north":{"rotation":0,"texture":"#0","tintindex":0,"uv":[8.78125,1.09375,8.96875,1.40625]},"south":{"rotation":0,"texture":"#0","tintindex":0,"uv":[8.78125,2.0625,8.96875,2.375]},"up":{"rotation":0,"texture":"#0","tintindex":0,"uv":[9.5,2.59375,9.3125,2.46875]},"west":{"rotation":0,"texture":"#0","tintindex":0,"uv":[9.0,4.25,9.125,4.5625]}},"from":[6.3134546,2.8945317,0.69697547],"name":"cube","rotation":{"angle":0.0,"axis":"x","origin":[8.713454,-20.155457,27.285545]},"to":[9.913454,8.894532,3.0969756]},{"faces":{"down":{"rotation":0,"texture":"#0","tintindex":0,"uv":[9.5,4.65625,9.3125,4.78125]},"east":{"rotation":0,"texture":"#0","tintindex":0,"uv":[8.96875,9.0,9.09375,9.3125]},"north":{"rotation":0,"texture":"#0","tintindex":0,"uv":[8.78125,3.4375,8.96875,3.75]},"south":{"rotation":0,"texture":"#0","tintindex":0,"uv":[8.78125,3.75,8.96875,4.0625]},