{"textures":{"0":"modelengine:entity/nocsy_dragon_full"},"elements":[{"name":"cube","from":[5.6,2.6000009,-1.480001],"to":[10.4,8.6,4.519999],"rotation":{"angle":0.0,"axis":"x","origin":[6.8,5.6,0.9199991]},"faces":{"down":{"uv":[8.625,0.25,8.375,0.5625],"rotation":0,"texture":"#0","tintindex":0},"east":{"uv":[8.15625,3.96875,8.46875,4.28125],"rotation":0,"texture":"#0","tintindex":0},"north":{"uv":[8.34375,4.84375,8.59375,5.15625],"rotation":0,"texture":"#0","tintindex":0},"south":{"uv":[8.34375,7.375,8.59375,7.6875],"rotation":0,"texture":"#0","tintindex":0},"up":{"uv":[8.59375,8.0,8.34375,7.6875],"rotation":0,"texture":"#0","tintindex":0},"west":{"uv":[8.15625,5.1875,8.46875,5.5],"rotation":0,"texture":"#0","tintindex":0}}},{"name":"cube","from":[8.0,6.2,-1.480001],"to":[8.0,13.400001,6.919999],"rotation":{"angle":0.0,"axis":"x","origin":[6.8,5.6,0.9199991]},"faces":{"down":{"uv":[0.0,0.0,0.0,0.4375],"rotation":0,"texture":"#0","tintindex":0},"east":{"uv":[7.3125,0.5,7.75,0.875],"rotation":0,"texture":"#0","tintindex":0},"north":{"uv":[0.0,0.0,0.0,0.375],"rotation":0,"texture":"#0","tintindex":0},"south":{"uv":[0.0,0.0,0.0,0.375],"rotation":0,"texture":"#0","tintindex":0},"up":{"uv":[0.0,0.4375,0.0,0.0],"rotation":0,"texture":"#0","tintindex":0},"west":{"uv":[7.3125,0.875,7.75,1.25],"rotation":0,"texture":"#0","tintindex":0}}},{"name":"cube","from":[5.612,5.6120014,-2.1880002],"to":[10.3880005,9.188001,3.7879996],"rotation":{"angle":22.5,"axis":"x","origin":[8.0,6.2,0.7999997]},"faces":{"down":{"uv":[4.84375,8.40625,4.59375,8.71875],"rotation":0,"texture":"#0","tintindex":0},"east":{"uv":[8.90625,4.84375,9.21875,5.03125],"rotation":0,"texture":"#0","tintindex":0},"north":{"uv":[8.96875,2.75,9.21875,2.9375],"rotation":0,"texture":"#0","tintindex":0},"south":{"uv":[8.96875,3.40625,9.21875,3.59375],"rotation":0,"texture":"#0","tintindex":0},"up":{"uv":[2.25,8.6875,2.0,8.375],"rotation":0,"texture":"#0","tintindex":0},"west":{"uv":[8.90625,7.15625,9.21875,7.34375],"rotation":0,"texture":"#0","tintindex":0}}},{"name":"cube","from":[5.0,2.000001,2.96],"to":[11.0,8.0,8.96],"rotation":{"angle":0.0,"axis":"x","origin":[7.4,5.6,0.9199991]},"faces":{"down":{"uv":[8.53125,2.8125,8.21875,3.125],"rotation":0,"texture":"#0","tintindex":0},"east":{"uv":[8.15625,6.75,8.46875,7.0625],"rotation":0,"texture":"#0","tintindex":0},"north":{"uv":[8.15625,5.5,8.46875,5.8125],"rotation":0,"texture":"#0","tintindex":0},"south":{"uv":[8.15625,7.0625,8.46875,7.375],"rotation":0,"texture":"#0","tintindex":0},"up":{"uv":[8.53125,2.8125,8.21875,2.5],"rotation":0,"texture":"#0","tintindex":0},"west":{"uv":[8.1875,1.625,8.5,1.9375],"rotation":0,"texture":"#0","tintindex":0}}},{"name":"cube","from":[5.06,2.6600013,4.2200003],"to":[10.940001,6.74,10.1],"rotation":{"angle":0.0,"axis":"x","origin":[7.4,5.6,0.9199991]},"faces":{"down":{"uv":[8.53125,5.8125,8.21875,6.125],"rotation":0,"texture":"#0","tintindex":0},"east":{"uv":[8.59375,4.84375,8.90625,5.0625],"rotation":0,"texture":"#0","tintindex":0},"north":{"uv":[8.53125,3.21875,8.84375,3.4375],"rotation":0,"texture":"#0","tintindex":0},"south":{"uv":[8.59375,7.25,8.90625,7.46875],"rotation":0,"texture":"#0","tintindex":0},"up":{"uv":[8.53125,3.4375,8.21875,3.125],"rotation":0,"texture":"#0","tintindex":0},"west":{"uv":[8.59375,7.46875,8.90625,7.6875],"rotation":0,"texture":"#0","tintindex":0}}}],"display":{"head":{"translation":[0.0,-6.4,0.0],"rotation":[0.0,0.0,0.0],"scale":[3.8095,3.8095,3.8095]}}}