{"display":{"head":{"rotation":[0.0,0.0,0.0],"scale":[3.8095,3.8095,3.8095],"translation":[0.0,-6.4,0.0]}},"elements":[{"faces":{"down":{"rotation":0,"texture":"#0","tintindex":0,"uv":[1.8125,9.65625,1.6875,9.78125]},"east":{"rotation":0,"texture":"#0","tintindex":0,"uv":[9.65625,0.375,9.78125,0.5]},"north":{"rotation":0,"texture":"#0","tintindex":0,"uv":[0.25,9.65625,0.375,9.78125]},"south":{"rotation":0,"texture":"#0","tintindex":0,"uv":[1.4375,9.65625,1.5625,9.78125]},"up":{"rotation":0,"texture":"#0","tintindex":0,"uv":[9.78125,1.75,9.65625,1.625]},"west":{"rotation":0,"texture":"#0","tintindex":0,"uv":[1.5625,9.65625,1.6875,9.78125]}},"from":[7.0884457,1.8583041,16.400448],"name":"cube","rotation":{"angle":0.0,"axis":"x","origin":[16.478336,7.075038,24.765308]},"to":[9.968445,4.738305,19.280449]},{"faces":{"down":{"rotation":0,"texture":"#0","tintindex":0,"uv":[9.78125,3.4375,9.65625,3.5625]},"east":{"rotation":0,"texture":"#0","tintindex":0,"uv":[2.90625,9.65625,3.03125,9.78125]},"north":{"rotation":0,"texture":"#0","tintindex":0,"uv":[9.65625,2.8125,9.78125,2.9375]},"south":{"rotation":0,"texture":"#0","tintindex":0,"uv":[9.65625,2.9375,9.78125,3.0625]},"up":{"rotation":0,"texture":"#0","tintindex":0,"uv":[9.78125,3.3125,9.65625,3.1875]},"west":{"rotation":0,"texture":"#0","tintindex":0,"uv":[9.65625,3.0625,9.78125,3.1875]}},"from":[7.4484453,-1.8440032,21.115074],"name":"cube","rotation":{"angle":22.5,"axis":"x","origin":[12.248339,12.145039,34.755306]},"to":[9.608446,0.67599607,23.635075]},{"faces":{"down":{"rotation":0,"texture":"#0","tintindex":0,"uv":[6.8125,9.84375,6.71875,9.9375]},"east":{"rotation":0,"texture":"#0","tintindex":0,"uv":[5.25,9.84375,5.34375,9.9375]},"north":{"rotation":0,"texture":"#0","tintindex":0,"uv":[5.15625,9.84375,5.25,9.9375]},"south":{"rotation":0,"texture":"#0","tintindex":0,"uv":[9.84375,5.46875,9.9375,5.5625]},"up":{"rotation":0,"texture":"#0","tintindex":0,"uv":[5.875,9.9375,5.78125,9.84375]},"west":{"rotation":0,"texture":"#0","tintindex":0,"uv":[5.6875,9.84375,5.78125,9.9375]}},"from":[7.5684457,-3.5341034,26.873226],"name":"cube","rotation":{"angle":45.0,"axis":"x","origin":[12.248339,12.145039,34.755306]},"to":[9.2484455,-1.8541017,28.553226]},{"faces":{"down":{"rotation":0,"texture":"#0","tintindex":0,"uv":[9.875,5.03125,9.78125,5.15625]},"east":{"rotation":0,"texture":"#0","tintindex":0,"uv":[9.78125,4.4375,9.90625,4.53125]},"north":{"rotation":0,"texture":"#0","tintindex":0,"uv":[9.84375,7.0,9.9375,7.09375]},"south":{"rotation":0,"texture":"#0","tintindex":0,"uv":[9.84375,7.71875,9.9375,7.8125]},"up":{"rotation":0,"texture":"#0","tintindex":0,"uv":[9.875,5.03125,9.78125,4.90625]},"west":{"rotation":0,"texture":"#0","tintindex":0,"uv":[9.78125,4.625,9.90625,4.71875]}},"from":[7.8084455,6.5383034,19.16045],"name":"cube","rotation":{"angle":-22.5,"axis":"x","origin":[8.408445,7.858304,19.760448]},"to":[9.008446,7.738303,20.96045]},{"faces":{"down":{"rotation":0,"texture":"#0","tintindex":0,"uv":[5.59375,9.78125,5.5,9.90625]},"east":{"rotation":0,"texture":"#0","tintindex":0,"uv":[9.78125,4.71875,9.90625,4.8125]},"north":{"rotation":0,"texture":"#0","tintindex":0,"uv":[9.84375,7.8125,9.9375,7.90625]},"south":{"rotation":0,"texture":"#0","tintindex":0,"uv":[9.84375,7.90625,9.9375,8.0]},"up":{"rotation":0,"texture":"#0","tintindex":0,"uv":[9.875,5.375,9.78125,5.25]},"west":{"rotation":0,"texture":"#0","tintindex":0,"uv":[9.78125,5.15625,9.90625,5.25]}},"from":[8.048445,7.236651,20.623081],"name":"cube","rotation":{"angle":0.0,"axis":"x","origin":[8.408445,7.836652,21.283077]},"to":[8.768446,7.9566526,21.943077]},{"faces":{"down":{"rotation":0,"texture":"#0","tintindex":0,"uv":[0.25,7.90625,0.0,8.34375]},"east":{"rotation":0,"texture":"#0","tintindex":0,"uv":[6.5,5.5,6.9375,6.125]},"north":{"rotation":0,"texture":"#0","tintindex":0,"uv":[7.375,4.5625,7.625,5.1875]},"south":{"rotation":0,"texture":"#0","tintindex":0,"uv":[7.40625,3.375,7.65625,4.0]},"up":{"rotation":0,"texture":"#0","tintindex":0,"uv":[7.125,8.3125,6.875,7.875]},"west":{"rotation":0,"texture":"#0","tintindex":0,"uv":[6.65625,2.3125,7.09375,2.9375]}},"from":[5.4798284,0.3176942,4.5105724],"name":"cube","rotation":{"angle":0.0,"axis":"x","origin":[-0.5201719,11.000723,24.463085]},"to":[10.279829,12.317694,12.910572]},{"faces":{"down":{"rotation":0,"texture":"#0","tintindex":0,"uv":[7.59375,8.28125,7.40625,8.71875]},"east":{"rotation":0,"texture":"#0","tintindex":0,"uv":[7.53125,6.4375,7.96875,6.75]},"north":{"rotation":0,"texture":"#0","tintindex":0,"uv":[8.59375,8.90625,8.78125,9.21875]},"south":{"rotation":0,"texture":"#0","tintindex":0,"uv":[8.78125,8.90625,8.96875,9.21875]},"up":{"rotation":0,"texture":"#0","tintindex":0,"uv":[2.65625,8.71875,2.46875,8.28125]},"west":{"rotation":0,"texture":"#0","tintindex":0,"uv":[3.25,7.5625,3.6875,7.875]}},"from":[5.4858284,-3.6280022,12.729464],"name":"cube","rotation":{"angle":22.5,"axis":"x","origin":[-0.5201719,11.000723,24.463085]},"to":[9.073828,2.3599977,21.117462]},{"faces":{"down":{"rotation":0,"texture":"#0","tintindex":0,"uv":[8.78125,3.9375,8.46875,4.1875]},"east":{"rotation":0,"texture":"#0","tintindex":0,"uv":[0.78125,7.4375,1.03125,8.0625]},"north":{"rotation":0,"texture":"#0","tintindex":0,"uv":[3.625,6.9375,3.9375,7.5625]},"south":{"rotation":0,"texture":"#0","tintindex":0,"uv":[6.9375,5.4375,7.25,6.0625]},"up":{"rotation":0,"texture":"#0","tintindex":0,"uv":[8.78125,3.9375,8.46875,3.6875]},"west":{"rotation":0,"texture":"#0","tintindex":0,"uv":[1.03125,7.4375,1.28125,8.0625]}},"from":[4.8798285,-10.374876,18.883148],"name":"cube","rotation":{"angle":22.5,"axis":"x","origin":[-0.5201719,11.000723,24.463085]},"to":[10.879828,1.6251245,23.683147]},{"faces":{"down":{"rotation":0,"texture":"#0","tintindex":0,"uv":[2.96875,8.6875,2.65625,8.90625]},"east":{"rotation":0,"texture":"#0","tintindex":0,"uv":[1.25,9.15625,1.46875,9.3125]},"north":{"rotation":0,"texture":"#0","tintindex":0,"uv":[8.9375,4.5625,9.25,4.71875]},"south":{"rotation":0,"texture":"#0","tintindex":0,"uv":[4.84375,8.9375,5.15625,9.09375]},"up":{"rotation":0,"texture":"#0","tintindex":0,"uv":[2.3125,8.90625,2.0,8.6875]},"west":{"rotation":0,"texture":"#0","tintindex":0,"uv":[9.15625,1.40625,9.375,1.5625]}},"from":[4.9998283,-10.734875,19.60315],"name":"cube","rotation":{"angle":22.5,"axis":"x","origin":[-0.5201719,11.000723,24.463085]},"to":[10.759829,-8.094876,23.563145]}],"textures":{"0":"modelengine:entity/nocsy_dragon_full"}}