{"display":{"head":{"rotation":[0.0,0.0,0.0],"scale":[3.8095,3.8095,3.8095],"translation":[0.0,-6.4,0.0]}},"elements":[{"faces":{"down":{"rotation":0,"texture":"#0","tintindex":0,"uv":[0.25,9.6875,0.125,9.8125]},"east":{"rotation":0,"texture":"#0","tintindex":0,"uv":[9.65625,9.0625,9.78125,9.1875]},"north":{"rotation":0,"texture":"#0","tintindex":0,"uv":[9.03125,9.65625,9.15625,9.78125]},"south":{"rotation":0,"texture":"#0","tintindex":0,"uv":[9.15625,9.65625,9.28125,9.78125]},"up":{"rotation":0,"texture":"#0","tintindex":0,"uv":[0.125,9.8125,0.0,9.6875]},"west":{"rotation":0,"texture":"#0","tintindex":0,"uv":[9.28125,9.65625,9.40625,9.78125]}},"from":[7.328617,-3.565662,7.6280193],"name":"cube","rotation":{"angle":0.0,"axis":"x","origin":[8.696617,-3.278923,12.211615]},"to":[10.208617,-0.68566036,10.5080185]},{"faces":{"down":{"rotation":0,"texture":"#0","tintindex":0,"uv":[2.0625,9.6875,1.9375,9.8125]},"east":{"rotation":0,"texture":"#0","tintindex":0,"uv":[0.625,9.6875,0.75,9.8125]},"north":{"rotation":0,"texture":"#0","tintindex":0,"uv":[9.6875,0.125,9.8125,0.25]},"south":{"rotation":0,"texture":"#0","tintindex":0,"uv":[0.75,9.6875,0.875,9.8125]},"up":{"rotation":0,"texture":"#0","tintindex":0,"uv":[1.9375,9.8125,1.8125,9.6875]},"west":{"rotation":0,"texture":"#0","tintindex":0,"uv":[9.6875,1.3125,9.8125,1.4375]}},"from":[7.6886168,-4.538009,9.523288],"name":"cube","rotation":{"angle":22.5,"axis":"x","origin":[8.696617,-3.278923,12.211615]},"to":[9.848618,-2.0180097,12.043288]},{"faces":{"down":{"rotation":0,"texture":"#0","tintindex":0,"uv":[3.40625,9.875,3.3125,9.96875]},"east":{"rotation":0,"texture":"#0","tintindex":0,"uv":[2.71875,9.875,2.8125,9.96875]},"north":{"rotation":0,"texture":"#0","tintindex":0,"uv":[1.6875,9.875,1.78125,9.96875]},"south":{"rotation":0,"texture":"#0","tintindex":0,"uv":[2.8125,9.875,2.90625,9.96875]},"up":{"rotation":0,"texture":"#0","tintindex":0,"uv":[3.09375,9.96875,3.0,9.875]},"west":{"rotation":0,"texture":"#0","tintindex":0,"uv":[2.90625,9.875,3.0,9.96875]}},"from":[7.808617,-4.1892447,11.710334],"name":"cube","rotation":{"angle":45.0,"axis":"x","origin":[8.696617,-3.278923,12.211615]},"to":[9.488617,-2.509244,13.390334]},{"faces":{"down":{"rotation":0,"texture":"#0","tintindex":0,"uv":[9.84375,7.0,9.75,7.15625]},"east":{"rotation":0,"texture":"#0","tintindex":0,"uv":[9.75,4.53125,9.90625,4.625]},"north":{"rotation":0,"texture":"#0","tintindex":0,"uv":[9.875,3.5,9.96875,3.59375]},"south":{"rotation":0,"texture":"#0","tintindex":0,"uv":[4.59375,9.875,4.6875,9.96875]},"up":{"rotation":0,"texture":"#0","tintindex":0,"uv":[7.09375,9.90625,7.0,9.75]},"west":{"rotation":0,"texture":"#0","tintindex":0,"uv":[9.75,4.8125,9.90625,4.90625]}},"from":[8.048616,-4.64566,12.42802],"name":"cube","rotation":{"angle":0.0,"axis":"x","origin":[8.696617,-3.278923,12.211615]},"to":[9.248617,-3.445661,14.828019]},{"faces":{"down":{"rotation":0,"texture":"#0","tintindex":0,"uv":[9.84375,7.9375,9.75,8.09375]},"east":{"rotation":0,"texture":"#0","tintindex":0,"uv":[9.75,7.15625,9.90625,7.25]},"north":{"rotation":0,"texture":"#0","tintindex":0,"uv":[4.6875,9.875,4.78125,9.96875]},"south":{"rotation":0,"texture":"#0","tintindex":0,"uv":[4.78125,9.875,4.875,9.96875]},"up":{"rotation":0,"texture":"#0","tintindex":0,"uv":[9.84375,7.9375,9.75,7.78125]},"west":{"rotation":0,"texture":"#0","tintindex":0,"uv":[9.75,7.25,9.90625,7.34375]}},"from":[8.048616,-4.907771,13.164095],"name":"cube","rotation":{"angle":-22.5,"axis":"x","origin":[8.456617,-2.8589225,11.731615]},"to":[8.768618,-4.187772,15.084094]},{"faces":{"down":{"rotation":0,"texture":"#0","tintindex":0,"uv":[0.5,8.0,0.25,8.4375]},"east":{"rotation":0,"texture":"#0","tintindex":0,"uv":[7.0625,7.125,7.5,7.5625]},"north":{"rotation":0,"texture":"#0","tintindex":0,"uv":[7.96875,6.0625,8.21875,6.5]},"south":{"rotation":0,"texture":"#0","tintindex":0,"uv":[7.96875,7.375,8.21875,7.8125]},"up":{"rotation":0,"texture":"#0","tintindex":0,"uv":[8.21875,8.25,7.96875,7.8125]},"west":{"rotation":0,"texture":"#0","tintindex":0,"uv":[7.15625,2.5625,7.59375,3.0]}},"from":[5.6,3.7005153,3.8671029],"name":"cube","rotation":{"angle":0.0,"axis":"x","origin":[-0.40000033,-9.9401,14.200988]},"to":[10.4,12.100516,12.267103]},{"faces":{"down":{"rotation":0,"texture":"#0","tintindex":0,"uv":[3.90625,8.9375,3.71875,9.25]},"east":{"rotation":0,"texture":"#0","tintindex":0,"uv":[7.65625,7.65625,7.96875,8.03125]},"north":{"rotation":0,"texture":"#0","tintindex":0,"uv":[8.53125,5.65625,8.71875,6.03125]},"south":{"rotation":0,"texture":"#0","tintindex":0,"uv":[7.03125,8.5625,7.21875,8.9375]},"up":{"rotation":0,"texture":"#0","tintindex":0,"uv":[3.4375,9.25,3.25,8.9375]},"west":{"rotation":0,"texture":"#0","tintindex":0,"uv":[7.75,0.4375,8.0625,0.8125]}},"from":[5.6,-7.540303,-1.569222],"name":"cube","rotation":{"angle":22.5,"axis":"x","origin":[7.4,-15.220099,18.40099]},"to":[9.2,-0.34030342,4.4307775]},{"faces":{"down":{"rotation":0,"texture":"#0","tintindex":0,"uv":[7.875,4.375,7.625,4.875]},"east":{"rotation":0,"texture":"#0","tintindex":0,"uv":[5.46875,7.59375,5.96875,7.84375]},"north":{"rotation":0,"texture":"#0","tintindex":0,"uv":[5.96875,8.71875,6.21875,8.96875]},"south":{"rotation":0,"texture":"#0","tintindex":0,"uv":[7.40625,8.71875,7.65625,8.96875]},"up":{"rotation":0,"texture":"#0","tintindex":0,"uv":[7.875,1.75,7.625,1.25]},"west":{"rotation":0,"texture":"#0","tintindex":0,"uv":[7.625,0.0,8.125,0.25]}},"from":[6.3199997,-4.9346123,0.46620584],"name":"cube","rotation":{"angle":0.0,"axis":"x","origin":[7.4,-15.575229,18.240091]},"to":[11.12,-0.13461304,10.066207]},{"faces":{"down":{"rotation":0,"texture":"#0","tintindex":0,"uv":[8.75,2.5,8.53125,2.84375]},"east":{"rotation":0,"texture":"#0","tintindex":0,"uv":[8.5,6.125,8.84375,6.34375]},"north":{"rotation":0,"texture":"#0","tintindex":0,"uv":[6.65625,8.9375,6.875,9.15625]},"south":{"rotation":0,"texture":"#0","tintindex":0,"uv":[6.875,8.9375,7.09375,9.15625]},"up":{"rotation":0,"texture":"#0","tintindex":0,"uv":[8.71875,8.84375,8.5,8.5]},"west":{"rotation":0,"texture":"#0","tintindex":0,"uv":[8.15625,8.5,8.5,8.71875]}},"from":[6.92,-4.334612,-3.7337947],"name":"cube","rotation":{"angle":0.0,"axis":"x","origin":[8.719999,-17.855228,9.600092]},"to":[10.52,-0.73461294,2.266206]}],"textures":{"0":"modelengine:entity/nocsy_dragon_full"}}