{"display":{"head":{"rotation":[0.0,0.0,0.0],"scale":[3.8095,3.8095,3.8095],"translation":[0.0,-6.4,0.0]}},"elements":[{"faces":{"down":{"rotation":0,"texture":"#0","tintindex":0,"uv":[9.75,7.9375,9.625,8.0625]},"east":{"rotation":0,"texture":"#0","tintindex":0,"uv":[9.625,7.0,9.75,7.125]},"north":{"rotation":0,"texture":"#0","tintindex":0,"uv":[7.0,9.625,7.125,9.75]},"south":{"rotation":0,"texture":"#0","tintindex":0,"uv":[9.625,7.125,9.75,7.25]},"up":{"rotation":0,"texture":"#0","tintindex":0,"uv":[9.75,7.9375,9.625,7.8125]},"west":{"rotation":0,"texture":"#0","tintindex":0,"uv":[9.625,7.25,9.75,7.375]}},"from":[6.031555,1.8583041,16.400448],"name":"cube","rotation":{"angle":0.0,"axis":"x","origin":[-0.478338,7.075038,24.765308]},"to":[8.911554,4.738305,19.280449]},{"faces":{"down":{"rotation":0,"texture":"#0","tintindex":0,"uv":[9.75,8.5625,9.625,8.6875]},"east":{"rotation":0,"texture":"#0","tintindex":0,"uv":[9.625,8.1875,9.75,8.3125]},"north":{"rotation":0,"texture":"#0","tintindex":0,"uv":[9.625,8.0625,9.75,8.1875]},"south":{"rotation":0,"texture":"#0","tintindex":0,"uv":[9.625,8.3125,9.75,8.4375]},"up":{"rotation":0,"texture":"#0","tintindex":0,"uv":[8.65625,9.75,8.53125,9.625]},"west":{"rotation":0,"texture":"#0","tintindex":0,"uv":[9.625,8.4375,9.75,8.5625]}},"from":[6.3915544,-1.8440032,21.115074],"name":"cube","rotation":{"angle":22.5,"axis":"x","origin":[3.7516618,12.145039,34.755306]},"to":[8.551554,0.67599607,23.635075]},{"faces":{"down":{"rotation":0,"texture":"#0","tintindex":0,"uv":[3.71875,9.84375,3.625,9.9375]},"east":{"rotation":0,"texture":"#0","tintindex":0,"uv":[3.125,9.84375,3.21875,9.9375]},"north":{"rotation":0,"texture":"#0","tintindex":0,"uv":[2.625,9.84375,2.71875,9.9375]},"south":{"rotation":0,"texture":"#0","tintindex":0,"uv":[3.21875,9.84375,3.3125,9.9375]},"up":{"rotation":0,"texture":"#0","tintindex":0,"uv":[3.625,9.9375,3.53125,9.84375]},"west":{"rotation":0,"texture":"#0","tintindex":0,"uv":[3.4375,9.84375,3.53125,9.9375]}},"from":[6.7515545,-3.5341034,26.873226],"name":"cube","rotation":{"angle":45.0,"axis":"x","origin":[3.7516618,12.145039,34.755306]},"to":[8.431555,-1.8541017,28.553226]},{"faces":{"down":{"rotation":0,"texture":"#0","tintindex":0,"uv":[2.5625,8.96875,2.46875,9.09375]},"east":{"rotation":0,"texture":"#0","tintindex":0,"uv":[9.78125,3.40625,9.90625,3.5]},"north":{"rotation":0,"texture":"#0","tintindex":0,"uv":[9.84375,3.65625,9.9375,3.75]},"south":{"rotation":0,"texture":"#0","tintindex":0,"uv":[3.71875,9.84375,3.8125,9.9375]},"up":{"rotation":0,"texture":"#0","tintindex":0,"uv":[4.59375,8.96875,4.5,8.84375]},"west":{"rotation":0,"texture":"#0","tintindex":0,"uv":[9.78125,3.90625,9.90625,4.0]}},"from":[6.9915543,6.5383034,19.16045],"name":"cube","rotation":{"angle":-22.5,"axis":"x","origin":[7.5915546,7.858304,19.760448]},"to":[8.191555,7.738303,20.96045]},{"faces":{"down":{"rotation":0,"texture":"#0","tintindex":0,"uv":[6.90625,9.28125,6.8125,9.40625]},"east":{"rotation":0,"texture":"#0","tintindex":0,"uv":[9.78125,4.25,9.90625,4.34375]},"north":{"rotation":0,"texture":"#0","tintindex":0,"uv":[3.8125,9.84375,3.90625,9.9375]},"south":{"rotation":0,"texture":"#0","tintindex":0,"uv":[3.90625,9.84375,4.0,9.9375]},"up":{"rotation":0,"texture":"#0","tintindex":0,"uv":[2.875,9.21875,2.78125,9.09375]},"west":{"rotation":0,"texture":"#0","tintindex":0,"uv":[9.78125,4.34375,9.90625,4.4375]}},"from":[7.2315545,7.236651,20.623081],"name":"cube","rotation":{"angle":0.0,"axis":"x","origin":[7.5915546,7.836652,21.283077]},"to":[7.951555,7.9566526,21.943077]},{"faces":{"down":{"rotation":0,"texture":"#0","tintindex":0,"uv":[6.875,7.875,6.625,8.3125]},"east":{"rotation":0,"texture":"#0","tintindex":0,"uv":[4.71875,6.4375,5.15625,7.0625]},"north":{"rotation":0,"texture":"#0","tintindex":0,"uv":[0.28125,7.375,0.53125,8.0]},"south":{"rotation":0,"texture":"#0","tintindex":0,"uv":[0.53125,7.375,0.78125,8.0]},"up":{"rotation":0,"texture":"#0","tintindex":0,"uv":[6.625,8.3125,6.375,7.875]},"west":{"rotation":0,"texture":"#0","tintindex":0,"uv":[5.15625,6.4375,5.59375,7.0625]}},"from":[5.7201715,0.3176942,4.5105724],"name":"cube","rotation":{"angle":0.0,"axis":"x","origin":[16.520172,11.000723,24.463085]},"to":[10.520172,12.317694,12.910572]},{"faces":{"down":{"rotation":0,"texture":"#0","tintindex":0,"uv":[8.15625,8.25,7.96875,8.6875]},"east":{"rotation":0,"texture":"#0","tintindex":0,"uv":[7.53125,2.21875,7.96875,2.53125]},"north":{"rotation":0,"texture":"#0","tintindex":0,"uv":[7.21875,8.875,7.40625,9.1875]},"south":{"rotation":0,"texture":"#0","tintindex":0,"uv":[8.90625,7.34375,9.09375,7.65625]},"up":{"rotation":0,"texture":"#0","tintindex":0,"uv":[8.40625,8.5,8.21875,8.0625]},"west":{"rotation":0,"texture":"#0","tintindex":0,"uv":[6.03125,7.53125,6.46875,7.84375]}},"from":[6.9261713,-3.6280022,12.729464],"name":"cube","rotation":{"angle":22.5,"axis":"x","origin":[16.520172,11.000723,24.463085]},"to":[10.514172,2.3599977,21.117462]},{"faces":{"down":{"rotation":0,"texture":"#0","tintindex":0,"uv":[8.71875,8.25,8.40625,8.5]},"east":{"rotation":0,"texture":"#0","tintindex":0,"uv":[7.375,1.25,7.625,1.875]},"north":{"rotation":0,"texture":"#0","tintindex":0,"uv":[1.75,6.9375,2.0625,7.5625]},"south":{"rotation":0,"texture":"#0","tintindex":0,"uv":[3.3125,6.9375,3.625,7.5625]},"up":{"rotation":0,"texture":"#0","tintindex":0,"uv":[8.71875,8.25,8.40625,8.0]},"west":{"rotation":0,"texture":"#0","tintindex":0,"uv":[2.3125,7.375,2.5625,8.0]}},"from":[5.1201715,-10.374876,18.883148],"name":"cube","rotation":{"angle":22.5,"axis":"x","origin":[16.520172,11.000723,24.463085]},"to":[11.120172,1.6251245,23.683147]},{"faces":{"down":{"rotation":0,"texture":"#0","tintindex":0,"uv":[8.9375,0.25,8.625,0.46875]},"east":{"rotation":0,"texture":"#0","tintindex":0,"uv":[8.5,6.34375,8.71875,6.5]},"north":{"rotation":0,"texture":"#0","tintindex":0,"uv":[8.46875,4.1875,8.78125,4.34375]},"south":{"rotation":0,"texture":"#0","tintindex":0,"uv":[8.9375,0.3125,9.25,0.46875]},"up":{"rotation":0,"texture":"#0","tintindex":0,"uv":[8.90625,7.90625,8.59375,7.6875]},"west":{"rotation":0,"texture":"#0","tintindex":0,"uv":[9.125,4.34375,9.34375,4.5]}},"from":[5.2401714,-10.734875,19.60315],"name":"cube","rotation":{"angle":22.5,"axis":"x","origin":[16.520172,11.000723,24.463085]},"to":[11.000172,-8.094876,23.563145]}],"textures":{"0":"modelengine:entity/nocsy_dragon_full"}}