{"textures":{"0":"modelengine:entity/nocsy_dragon_full"},"elements":[{"name":"cube","from":[6.488,7.660205,5.4654474],"to":[9.368,10.540201,8.345447],"rotation":{"angle":0.0,"axis":"x","origin":[-0.021893263,16.025059,3.1287134]},"faces":{"down":{"uv":[6.625,9.46875,6.5,9.59375],"rotation":0,"texture":"#0","tintindex":0},"east":{"uv":[4.78125,9.46875,4.90625,9.59375],"rotation":0,"texture":"#0","tintindex":0},"north":{"uv":[4.65625,9.46875,4.78125,9.59375],"rotation":0,"texture":"#0","tintindex":0},"south":{"uv":[4.90625,9.46875,5.03125,9.59375],"rotation":0,"texture":"#0","tintindex":0},"up":{"uv":[6.5,9.59375,6.375,9.46875],"rotation":0,"texture":"#0","tintindex":0},"west":{"uv":[6.25,9.46875,6.375,9.59375],"rotation":0,"texture":"#0","tintindex":0}}},{"name":"cube","from":[6.8479996,12.37483,9.527754],"to":[9.008,14.894826,12.047755],"rotation":{"angle":22.5,"axis":"x","origin":[4.208107,26.015064,-1.941287]},"faces":{"down":{"uv":[7.78125,9.46875,7.65625,9.59375],"rotation":0,"texture":"#0","tintindex":0},"east":{"uv":[9.46875,6.625,9.59375,6.75],"rotation":0,"texture":"#0","tintindex":0},"north":{"uv":[6.625,9.46875,6.75,9.59375],"rotation":0,"texture":"#0","tintindex":0},"south":{"uv":[7.21875,9.46875,7.34375,9.59375],"rotation":0,"texture":"#0","tintindex":0},"up":{"uv":[7.65625,9.59375,7.53125,9.46875],"rotation":0,"texture":"#0","tintindex":0},"west":{"uv":[9.46875,7.4375,9.59375,7.5625],"rotation":0,"texture":"#0","tintindex":0}}},{"name":"cube","from":[7.2079997,18.13298,12.057854],"to":[8.8880005,19.81298,13.737853],"rotation":{"angle":45.0,"axis":"x","origin":[4.208107,26.015064,-1.941287]},"faces":{"down":{"uv":[6.0625,9.78125,5.96875,9.875],"rotation":0,"texture":"#0","tintindex":0},"east":{"uv":[9.78125,5.71875,9.875,5.8125],"rotation":0,"texture":"#0","tintindex":0},"north":{"uv":[9.78125,5.625,9.875,5.71875],"rotation":0,"texture":"#0","tintindex":0},"south":{"uv":[9.78125,5.8125,9.875,5.90625],"rotation":0,"texture":"#0","tintindex":0},"up":{"uv":[9.875,6.0,9.78125,5.90625],"rotation":0,"texture":"#0","tintindex":0},"west":{"uv":[5.875,9.78125,5.96875,9.875],"rotation":0,"texture":"#0","tintindex":0}}},{"name":"cube","from":[7.448,10.420201,1.1454465],"to":[8.648,11.620201,3.5454466],"rotation":{"angle":0.0,"axis":"x","origin":[4.208107,26.015064,-1.941287]},"faces":{"down":{"uv":[2.78125,9.6875,2.6875,9.84375],"rotation":0,"texture":"#0","tintindex":0},"east":{"uv":[8.53125,6.03125,8.6875,6.125],"rotation":0,"texture":"#0","tintindex":0},"north":{"uv":[9.78125,6.0,9.875,6.09375],"rotation":0,"texture":"#0","tintindex":0},"south":{"uv":[6.0625,9.78125,6.15625,9.875],"rotation":0,"texture":"#0","tintindex":0},"up":{"uv":[7.21875,9.78125,7.125,9.625],"rotation":0,"texture":"#0","tintindex":0},"west":{"uv":[8.59375,5.0625,8.75,5.15625],"rotation":0,"texture":"#0","tintindex":0}}},{"name":"cube","from":[7.6879997,9.00071,-7.138317],"to":[8.407999,9.720714,-5.218319],"rotation":{"angle":-22.5,"axis":"x","origin":[4.328107,27.935062,-6.5012865]},"faces":{"down":{"uv":[3.34375,9.6875,3.25,9.84375],"rotation":0,"texture":"#0","tintindex":0},"east":{"uv":[8.625,0.46875,8.78125,0.5625],"rotation":0,"texture":"#0","tintindex":0},"north":{"uv":[9.78125,6.09375,9.875,6.1875],"rotation":0,"texture":"#0","tintindex":0},"south":{"uv":[9.78125,6.1875,9.875,6.28125],"rotation":0,"texture":"#0","tintindex":0},"up":{"uv":[3.25,9.84375,3.15625,9.6875],"rotation":0,"texture":"#0","tintindex":0},"west":{"uv":[0.46875,8.6875,0.625,8.78125],"rotation":0,"texture":"#0","tintindex":0}}}],"display":{"head":{"translation":[0.0,-6.4,0.0],"rotation":[0.0,0.0,0.0],"scale":[3.8095,3.8095,3.8095]}}}