{"display":{"head":{"rotation":[0.0,0.0,0.0],"scale":[3.7333333,3.7333333,3.7333333],"translation":[0.0,34.032776,34.62952]}},"elements":[{"faces":{"down":{"rotation":0,"texture":"#0","tintindex":0,"uv":[8.40625,9.46875,8.28125,9.59375]},"east":{"rotation":0,"texture":"#0","tintindex":0,"uv":[6.125,7.84375,6.25,8.71875]},"north":{"rotation":0,"texture":"#0","tintindex":0,"uv":[6.0,7.84375,6.125,8.71875]},"south":{"rotation":0,"texture":"#0","tintindex":0,"uv":[6.25,7.84375,6.375,8.71875]},"up":{"rotation":0,"texture":"#0","tintindex":0,"uv":[7.90625,9.59375,7.78125,9.46875]},"west":{"rotation":0,"texture":"#0","tintindex":0,"uv":[7.875,0.8125,8.0,1.6875]}},"from":[6.824319,-3.4020367,-1.8093033],"name":"cube","rotation":{"angle":0.0,"axis":"x","origin":[8.343227,-9.432347,9.397863]},"to":[8.538605,8.597963,-0.09501743]},{"faces":{"down":{"rotation":0,"texture":"#0","tintindex":0,"uv":[0.0,0.0,0.0,2.0]},"east":{"rotation":0,"texture":"#0","tintindex":0,"uv":[0.0,0.0,2.0,2.5625]},"north":{"rotation":0,"texture":"#0","tintindex":0,"uv":[0.0,0.0,0.0,2.5625]},"south":{"rotation":0,"texture":"#0","tintindex":0,"uv":[0.0,0.0,0.0,2.5625]},"up":{"rotation":0,"texture":"#0","tintindex":0,"uv":[0.0,2.0,0.0,0.0]},"west":{"rotation":0,"texture":"#0","tintindex":0,"uv":[2.0,0.0,4.0,2.5625]}},"from":[7.595747,-3.4020367,-1.8093033],"name":"cube","rotation":{"angle":0.0,"axis":"x","origin":[8.343227,-9.432347,9.397863]},"to":[7.595747,31.740814,25.61927]},{"faces":{"down":{"rotation":0,"texture":"#0","tintindex":0,"uv":[4.59375,8.15625,4.46875,8.84375]},"east":{"rotation":0,"texture":"#0","tintindex":0,"uv":[8.0,4.59375,8.6875,4.71875]},"north":{"rotation":0,"texture":"#0","tintindex":0,"uv":[8.40625,9.46875,8.53125,9.59375]},"south":{"rotation":0,"texture":"#0","tintindex":0,"uv":[9.46875,9.3125,9.59375,9.4375]},"up":{"rotation":0,"texture":"#0","tintindex":0,"uv":[3.875,8.75,3.75,8.0625]},"west":{"rotation":0,"texture":"#0","tintindex":0,"uv":[8.0,4.71875,8.6875,4.84375]}},"from":[6.9100327,11.948309,2.0684814],"name":"cube","rotation":{"angle":-45.0,"axis":"x","origin":[9.20037,0.85336685,19.855005]},"to":[8.45289,13.491169,11.325626]},{"faces":{"down":{"rotation":0,"texture":"#0","tintindex":0,"uv":[9.28125,1.9375,9.15625,2.1875]},"east":{"rotation":0,"texture":"#0","tintindex":0,"uv":[9.15625,1.6875,9.40625,1.8125]},"north":{"rotation":0,"texture":"#0","tintindex":0,"uv":[9.46875,9.4375,9.59375,9.5625]},"south":{"rotation":0,"texture":"#0","tintindex":0,"uv":[0.4375,9.5,0.5625,9.625]},"up":{"rotation":0,"texture":"#0","tintindex":0,"uv":[5.125,9.34375,5.0,9.09375]},"west":{"rotation":0,"texture":"#0","tintindex":0,"uv":[9.15625,1.8125,9.40625,1.9375]}},"from":[6.9100327,-3.9163237,-3.609303],"name":"cube","rotation":{"angle":0.0,"axis":"x","origin":[9.20037,0.85336685,19.855005]},"to":[8.45289,-2.3734655,-0.35216045]},{"faces":{"down":{"rotation":0,"texture":"#0","tintindex":0,"uv":[9.625,1.125,9.5,1.25]},"east":{"rotation":0,"texture":"#0","tintindex":0,"uv":[9.5,0.75,9.625,0.875]},"north":{"rotation":0,"texture":"#0","tintindex":0,"uv":[0.5625,9.5,0.6875,9.625]},"south":{"rotation":0,"texture":"#0","tintindex":0,"uv":[9.5,0.875,9.625,1.0]},"up":{"rotation":0,"texture":"#0","tintindex":0,"uv":[9.625,1.125,9.5,1.0]},"west":{"rotation":0,"texture":"#0","tintindex":0,"uv":[1.0,9.5,1.125,9.625]}},"from":[6.7386045,-8.16121,-2.6734028],"name":"cube","rotation":{"angle":22.5,"axis":"x","origin":[9.20037,0.25336647,8.240721]},"to":[8.624319,-6.275497,-0.78768826]},{"faces":{"down":{"rotation":0,"texture":"#0","tintindex":0,"uv":[9.625,3.3125,9.5,3.4375]},"east":{"rotation":0,"texture":"#0","tintindex":0,"uv":[1.3125,9.5,1.4375,9.625]},"north":{"rotation":0,"texture":"#0","tintindex":0,"uv":[9.5,1.25,9.625,1.375]},"south":{"rotation":0,"texture":"#0","tintindex":0,"uv":[9.5,2.4375,9.625,2.5625]},"up":{"rotation":0,"texture":"#0","tintindex":0,"uv":[9.625,2.8125,9.5,2.6875]},"west":{"rotation":0,"texture":"#0","tintindex":0,"uv":[9.5,2.5625,9.625,2.6875]}},"from":[6.995747,-11.276014,0.060064316],"name":"cube","rotation":{"angle":45.0,"axis":"x","origin":[9.20037,0.25336647,8.240721]},"to":[8.367176,-9.904588,1.4314928]},{"faces":{"down":{"rotation":0,"texture":"#0","tintindex":0,"uv":[9.875,6.375,9.78125,6.46875]},"east":{"rotation":0,"texture":"#0","tintindex":0,"uv":[3.5625,9.6875,3.65625,9.84375]},"north":{"rotation":0,"texture":"#0","tintindex":0,"uv":[3.46875,9.6875,3.5625,9.84375]},"south":{"rotation":0,"texture":"#0","tintindex":0,"uv":[3.65625,9.6875,3.75,9.84375]},"up":{"rotation":0,"texture":"#0","tintindex":0,"uv":[9.875,6.375,9.78125,6.28125]},"west":{"rotation":0,"texture":"#0","tintindex":0,"uv":[3.75,9.6875,3.84375,9.84375]}},"from":[7.25289,2.8173466,-5.27432],"name":"cube","rotation":{"angle":-22.5,"axis":"x","origin":[9.20037,0.25336647,8.240721]},"to":[8.110033,4.5316324,-4.417177]},{"faces":{"down":{"rotation":0,"texture":"#0","tintindex":0,"uv":[0.90625,8.0625,0.78125,8.875]},"east":{"rotation":0,"texture":"#0","tintindex":0,"uv":[7.96875,2.125,8.78125,2.25]},"north":{"rotation":0,"texture":"#0","tintindex":0,"uv":[9.5,3.78125,9.625,3.90625]},"south":{"rotation":0,"texture":"#0","tintindex":0,"uv":[9.5,3.90625,9.625,4.03125]},"up":{"rotation":0,"texture":"#0","tintindex":0,"uv":[0.78125,8.8125,0.65625,8.0]},"west":{"rotation":0,"texture":"#0","tintindex":0,"uv":[7.96875,2.25,8.78125,2.375]}},"from":[6.914318,7.707348,7.201393],"name":"cube","rotation":{"angle":-22.5,"axis":"x","origin":[9.20037,0.85336685,19.855005]},"to":[8.448605,9.241634,18.164251]},{"faces":{"down":{"rotation":0,"texture":"#0","tintindex":0,"uv":[1.15625,8.0625,1.03125,8.875]},"east":{"rotation":0,"texture":"#0","tintindex":0,"uv":[7.96875,2.375,8.78125,2.5]},"north":{"rotation":0,"texture":"#0","tintindex":0,"uv":[4.15625,9.5,4.28125,9.625]},"south":{"rotation":0,"texture":"#0","tintindex":0,"uv":[9.5,4.15625,9.625,4.28125]},"up":{"rotation":0,"texture":"#0","tintindex":0,"uv":[1.03125,8.875,0.90625,8.0625]},"west":{"rotation":0,"texture":"#0","tintindex":0,"uv":[7.96875,6.5,8.78125,6.625]}},"from":[6.9100327,6.4567356,15.249809],"name":"cube","rotation":{"angle":0.0,"axis":"x","origin":[9.20037,12.8121395,33.271263]},"to":[8.45289,7.999592,26.221237]},{"faces":{"down":{"rotation":0,"texture":"#0","tintindex":0,"uv":[4.40625,9.15625,4.28125,9.40625]},"east":{"rotation":0,"texture":"#0","tintindex":0,"uv":[9.15625,2.1875,9.40625,2.3125]},"north":{"rotation":0,"texture":"#0","tintindex":0,"uv":[9.5,4.5625,9.625,4.6875]},"south":{"rotation":0,"texture":"#0","tintindex":0,"uv":[9.5,4.90625,9.625,5.03125]},"up":{"rotation":0,"texture":"#0","tintindex":0,"uv":[9.28125,3.84375,9.15625,3.59375]},"west":{"rotation":0,"texture":"#0","tintindex":0,"uv":[9.15625,2.9375,9.40625,3.0625]}},"from":[6.7386045,6.328163,24.335526],"name":"cube","rotation":{"angle":0.0,"axis":"x","origin":[9.20037,12.554995,32.799835]},"to":[8.624319,8.213877,27.935524]},{"faces":{"down":{"rotation":0,"texture":"#0","tintindex":0,"uv":[9.625,8.03125,9.5,8.15625]},"east":{"rotation":0,"texture":"#0","tintindex":0,"uv":[9.5,7.03125,9.625,7.15625]},"north":{"rotation":0,"texture":"#0","tintindex":0,"uv":[5.4375,9.5,5.5625,9.625]},"south":{"rotation":0,"texture":"#0","tintindex":0,"uv":[9.5,7.15625,9.625,7.28125]},"up":{"rotation":0,"texture":"#0","tintindex":0,"uv":[9.625,8.03125,9.5,7.90625]},"west":{"rotation":0,"texture":"#0","tintindex":0,"uv":[9.5,7.28125,9.625,7.40625]}},"from":[6.995747,2.5118465,29.685707],"name":"cube","rotation":{"angle":22.5,"axis":"x","origin":[9.20037,10.669283,39.314117]},"to":[8.367176,3.883277,31.057144]},{"faces":{"down":{"rotation":0,"texture":"#0","tintindex":0,"uv":[4.03125,9.6875,3.9375,9.84375]},"east":{"rotation":0,"texture":"#0","tintindex":0,"uv":[8.78125,5.5625,8.9375,5.65625]},"north":{"rotation":0,"texture":"#0","tintindex":0,"uv":[9.78125,6.625,9.875,6.71875]},"south":{"rotation":0,"texture":"#0","tintindex":0,"uv":[9.78125,6.71875,9.875,6.8125]},"up":{"rotation":0,