{"display":{"head":{"rotation":[0.0,0.0,0.0],"scale":[3.8095,3.8095,3.8095],"translation":[0.0,-6.4,59.35119]}},"elements":[{"faces":{"down":{"rotation":0,"texture":"#0","tintindex":0,"uv":[9.59375,3.65625,9.46875,3.78125]},"east":{"rotation":0,"texture":"#0","tintindex":0,"uv":[5.625,7.84375,5.75,8.71875]},"north":{"rotation":0,"texture":"#0","tintindex":0,"uv":[4.34375,7.84375,4.46875,8.71875]},"south":{"rotation":0,"texture":"#0","tintindex":0,"uv":[5.75,7.84375,5.875,8.71875]},"up":{"rotation":0,"texture":"#0","tintindex":0,"uv":[3.46875,9.59375,3.34375,9.46875]},"west":{"rotation":0,"texture":"#0","tintindex":0,"uv":[5.875,7.84375,6.0,8.71875]}},"from":[6.610997,7.3779726,-8.800002],"name":"cube","rotation":{"angle":0.0,"axis":"x","origin":[7.175767,-12.363139,6.43441]},"to":[9.010997,24.177975,-6.4000015]},{"faces":{"down":{"rotation":0,"texture":"#0","tintindex":0,"uv":[0.0,0.0,0.0,2.125]},"east":{"rotation":0,"texture":"#0","tintindex":0,"uv":[4.0,0.0,6.125,1.375]},"north":{"rotation":0,"texture":"#0","tintindex":0,"uv":[0.0,0.0,0.0,1.375]},"south":{"rotation":0,"texture":"#0","tintindex":0,"uv":[0.0,0.0,0.0,1.375]},"up":{"rotation":0,"texture":"#0","tintindex":0,"uv":[0.0,2.125,0.0,0.0]},"west":{"rotation":0,"texture":"#0","tintindex":0,"uv":[4.0,1.375,6.125,2.75]}},"from":[7.690997,-1.0220304,-8.800002],"name":"cube","rotation":{"angle":0.0,"axis":"x","origin":[7.175767,-12.363139,6.43441]},"to":[7.690997,25.377972,32.0]}],"textures":{"0":"modelengine:entity/nocsy_dragon_full"}}