{"display":{"head":{"rotation":[0.0,0.0,0.0],"scale":[3.8095,3.8095,3.8095],"translation":[0.0,-6.4,0.0]}},"elements":[{"faces":{"down":{"rotation":0,"texture":"#0","tintindex":0,"uv":[6.0,8.96875,5.75,9.15625]},"east":{"rotation":0,"texture":"#0","tintindex":0,"uv":[5.375,8.96875,5.5625,9.21875]},"north":{"rotation":0,"texture":"#0","tintindex":0,"uv":[7.65625,8.71875,7.90625,8.96875]},"south":{"rotation":0,"texture":"#0","tintindex":0,"uv":[7.90625,8.71875,8.15625,8.96875]},"up":{"rotation":0,"texture":"#0","tintindex":0,"uv":[9.21875,5.75,8.96875,5.5625]},"west":{"rotation":0,"texture":"#0","tintindex":0,"uv":[5.5625,8.96875,5.75,9.21875]}},"from":[5.753333,9.717016,11.149633],"name":"cube","rotation":{"angle":-22.5,"axis":"x","origin":[8.153334,-6.951994,19.993954]},"to":[10.553333,14.517015,14.749634]},{"faces":{"down":{"rotation":0,"texture":"#0","tintindex":0,"uv":[9.53125,0.4375,9.40625,0.625]},"east":{"rotation":0,"texture":"#0","tintindex":0,"uv":[8.5625,9.375,8.75,9.5]},"north":{"rotation":0,"texture":"#0","tintindex":0,"uv":[2.0625,9.6875,2.1875,9.8125]},"south":{"rotation":0,"texture":"#0","tintindex":0,"uv":[2.1875,9.6875,2.3125,9.8125]},"up":{"rotation":0,"texture":"#0","tintindex":0,"uv":[8.875,9.5625,8.75,9.375]},"west":{"rotation":0,"texture":"#0","tintindex":0,"uv":[9.40625,0.3125,9.59375,0.4375]}},"from":[5.033333,13.317016,9.949635],"name":"cube","rotation":{"angle":-22.5,"axis":"x","origin":[8.153334,-6.951994,19.993954]},"to":[7.4333334,15.717016,13.549634]},{"faces":{"down":{"rotation":0,"texture":"#0","tintindex":0,"uv":[2.90625,9.40625,2.78125,9.59375]},"east":{"rotation":0,"texture":"#0","tintindex":0,"uv":[9.40625,0.625,9.59375,0.75]},"north":{"rotation":0,"texture":"#0","tintindex":0,"uv":[9.6875,2.28125,9.8125,2.40625]},"south":{"rotation":0,"texture":"#0","tintindex":0,"uv":[2.3125,9.6875,2.4375,9.8125]},"up":{"rotation":0,"texture":"#0","tintindex":0,"uv":[9.53125,1.84375,9.40625,1.65625]},"west":{"rotation":0,"texture":"#0","tintindex":0,"uv":[9.40625,1.53125,9.59375,1.65625]}},"from":[8.753333,13.317016,9.949635],"name":"cube","rotation":{"angle":-22.5,"axis":"x","origin":[8.153334,-6.951994,19.993954]},"to":[11.153334,15.717016,13.549634]},{"faces":{"down":{"rotation":0,"texture":"#0","tintindex":0,"uv":[9.84375,8.4375,9.75,8.59375]},"east":{"rotation":0,"texture":"#0","tintindex":0,"uv":[9.75,8.09375,9.90625,8.1875]},"north":{"rotation":0,"texture":"#0","tintindex":0,"uv":[4.875,9.875,4.96875,9.96875]},"south":{"rotation":0,"texture":"#0","tintindex":0,"uv":[9.875,4.90625,9.96875,5.0]},"up":{"rotation":0,"texture":"#0","tintindex":0,"uv":[9.84375,8.4375,9.75,8.28125]},"west":{"rotation":0,"texture":"#0","tintindex":0,"uv":[9.75,8.1875,9.90625,8.28125]}},"from":[9.113333,10.429235,14.844087],"name":"cube","rotation":{"angle":-45.0,"axis":"x","origin":[9.953333,-6.511235,12.277936]},"to":[10.793333,12.109237,17.724087]},{"faces":{"down":{"rotation":0,"texture":"#0","tintindex":0,"uv":[0.0,0.0,0.0,0.25]},"east":{"rotation":0,"texture":"#0","tintindex":0,"uv":[8.71875,7.90625,8.96875,8.15625]},"north":{"rotation":0,"texture":"#0","tintindex":0,"uv":[0.0,0.0,0.0,0.25]},"south":{"rotation":0,"texture":"#0","tintindex":0,"uv":[0.0,0.0,0.0,0.25]},"up":{"rotation":0,"texture":"#0","tintindex":0,"uv":[0.0,0.25,0.0,0.0]},"west":{"rotation":0,"texture":"#0","tintindex":0,"uv":[8.15625,8.71875,8.40625,8.96875]}},"from":[9.833334,8.209236,10.344087],"name":"cube","rotation":{"angle":-45.0,"axis":"x","origin":[9.953333,-6.511235,12.277936]},"to":[9.833334,13.009236,15.144087]},{"faces":{"down":{"rotation":0,"texture":"#0","tintindex":0,"uv":[0.0,0.0,0.0,0.25]},"east":{"rotation":0,"texture":"#0","tintindex":0,"uv":[8.71875,8.15625,8.96875,8.40625]},"north":{"rotation":0,"texture":"#0","tintindex":0,"uv":[0.0,0.0,0.0,0.25]},"south":{"rotation":0,"texture":"#0","tintindex":0,"uv":[0.0,0.0,0.0,0.25]},"up":{"rotation":0,"texture":"#0","tintindex":0,"uv":[0.0,0.25,0.0,0.0]},"west":{"rotation":0,"texture":"#0","tintindex":0,"uv":[8.71875,8.40625,8.96875,8.65625]}},"from":[6.0533333,8.209236,10.344087],"name":"cube","rotation":{"angle":-45.0,"axis":"x","origin":[9.953333,-6.511235,12.277936]},"to":[6.0533333,13.009236,15.144087]},{"faces":{"down":{"rotation":0,"texture":"#0","tintindex":0,"uv":[0.0,0.0,0.0,0.25]},"east":{"rotation":0,"texture":"#0","tintindex":0,"uv":[8.71875,8.65625,8.96875,8.90625]},"north":{"rotation":0,"texture":"#0","tintindex":0,"uv":[0.0,0.0,0.0,0.25]},"south":{"rotation":0,"texture":"#0","tintindex":0,"uv":[0.0,0.0,0.0,0.25]},"up":{"rotation":0,"texture":"#0","tintindex":0,"uv":[0.0,0.25,0.0,0.0]},"west":{"rotation":0,"texture":"#0","tintindex":0,"uv":[8.75,2.5,9.0,2.75]}},"from":[7.673333,4.7577744,4.6936164],"name":"cube","rotation":{"angle":-22.5,"axis":"x","origin":[9.953333,-6.511235,12.277936]},"to":[7.673333,9.557775,9.493616]},{"faces":{"down":{"rotation":0,"texture":"#0","tintindex":0,"uv":[8.84375,9.75,8.75,9.90625]},"east":{"rotation":0,"texture":"#0","tintindex":0,"uv":[8.5,9.75,8.65625,9.84375]},"north":{"rotation":0,"texture":"#0","tintindex":0,"uv":[9.875,5.0,9.96875,5.09375]},"south":{"rotation":0,"texture":"#0","tintindex":0,"uv":[9.875,5.25,9.96875,5.34375]},"up":{"rotation":0,"texture":"#0","tintindex":0,"uv":[9.84375,8.84375,9.75,8.6875]},"west":{"rotation":0,"texture":"#0","tintindex":0,"uv":[9.75,8.59375,9.90625,8.6875]}},"from":[5.273333,10.429235,14.844087],"name":"cube","rotation":{"angle":-45.0,"axis":"x","origin":[9.953333,-6.511235,12.277936]},"to":[6.953333,12.109237,17.724087]},{"faces":{"down":{"rotation":0,"texture":"#0","tintindex":0,"uv":[3.21875,9.40625,3.09375,9.59375]},"east":{"rotation":0,"texture":"#0","tintindex":0,"uv":[9.40625,2.1875,9.59375,2.3125]},"north":{"rotation":0,"texture":"#0","tintindex":0,"uv":[2.4375,9.6875,2.5625,9.8125]},"south":{"rotation":0,"texture":"#0","tintindex":0,"uv":[2.5625,9.6875,2.6875,9.8125]},"up":{"rotation":0,"texture":"#0","tintindex":0,"uv":[9.53125,3.09375,9.40625,2.90625]},"west":{"rotation":0,"texture":"#0","tintindex":0,"uv":[2.90625,9.40625,3.09375,9.53125]}},"from":[6.833333,8.637016,9.949635],"name":"cube","rotation":{"angle":-22.5,"axis":"x","origin":[8.153334,-6.951994,19.993954]},"to":[9.233334,11.037016,13.549634]}],"textures":{"0":"modelengine:entity/nocsy_dragon_full"}}