{"display":{"head":{"rotation":[0.0,0.0,0.0],"scale":[3.8095,3.8095,3.8095],"translation":[0.0,-6.4,0.0]}},"elements":[{"faces":{"down":{"rotation":0,"texture":"#0","tintindex":0,"uv":[8.78125,5.40625,8.46875,5.65625]},"east":{"rotation":0,"texture":"#0","tintindex":0,"uv":[9.15625,8.53125,9.40625,8.65625]},"north":{"rotation":0,"texture":"#0","tintindex":0,"uv":[9.09375,0.71875,9.40625,0.84375]},"south":{"rotation":0,"texture":"#0","tintindex":0,"uv":[1.9375,9.09375,2.25,9.21875]},"up":{"rotation":0,"texture":"#0","tintindex":0,"uv":[8.78125,5.40625,8.46875,5.15625]},"west":{"rotation":0,"texture":"#0","tintindex":0,"uv":[9.15625,8.65625,9.40625,8.78125]}},"from":[5.018,6.1616936,7.0817833],"name":"cube","rotation":{"angle":0.0,"axis":"x","origin":[8.612,10.398961,28.263577]},"to":[11.0060005,8.549694,11.869784]},{"faces":{"down":{"rotation":0,"texture":"#0","tintindex":0,"uv":[8.78125,7.0,8.46875,7.25]},"east":{"rotation":0,"texture":"#0","tintindex":0,"uv":[9.15625,8.78125,9.40625,8.90625]},"north":{"rotation":0,"texture":"#0","tintindex":0,"uv":[2.46875,9.09375,2.78125,9.21875]},"south":{"rotation":0,"texture":"#0","tintindex":0,"uv":[9.09375,4.03125,9.40625,4.15625]},"up":{"rotation":0,"texture":"#0","tintindex":0,"uv":[8.78125,7.0,8.46875,6.75]},"west":{"rotation":0,"texture":"#0","tintindex":0,"uv":[1.0,9.1875,1.25,9.3125]}},"from":[5.018,6.1616936,7.0817833],"name":"cube","rotation":{"angle":0.0,"axis":"x","origin":[8.612,10.398961,28.263577]},"to":[11.0060005,8.549694,11.869784]},{"faces":{"down":{"rotation":0,"texture":"#0","tintindex":0,"uv":[9.78125,4.28125,9.65625,4.40625]},"east":{"rotation":0,"texture":"#0","tintindex":0,"uv":[1.90625,9.375,2.03125,9.5625]},"north":{"rotation":0,"texture":"#0","tintindex":0,"uv":[9.375,1.21875,9.5,1.40625]},"south":{"rotation":0,"texture":"#0","tintindex":0,"uv":[2.03125,9.375,2.15625,9.5625]},"up":{"rotation":0,"texture":"#0","tintindex":0,"uv":[9.78125,4.0625,9.65625,3.9375]},"west":{"rotation":0,"texture":"#0","tintindex":0,"uv":[2.15625,9.375,2.28125,9.5625]}},"from":[3.932,-9.149758,15.778735],"name":"cube","rotation":{"angle":45.0,"axis":"x","origin":[8.612,10.398961,28.263577]},"to":[6.332,-5.549758,18.178734]},{"faces":{"down":{"rotation":0,"texture":"#0","tintindex":0,"uv":[9.78125,4.9375,9.65625,5.0625]},"east":{"rotation":0,"texture":"#0","tintindex":0,"uv":[2.40625,9.375,2.53125,9.5625]},"north":{"rotation":0,"texture":"#0","tintindex":0,"uv":[2.28125,9.375,2.40625,9.5625]},"south":{"rotation":0,"texture":"#0","tintindex":0,"uv":[2.53125,9.375,2.65625,9.5625]},"up":{"rotation":0,"texture":"#0","tintindex":0,"uv":[9.78125,4.53125,9.65625,4.40625]},"west":{"rotation":0,"texture":"#0","tintindex":0,"uv":[2.65625,9.375,2.78125,9.5625]}},"from":[6.6920004,-9.149758,15.778735],"name":"cube","rotation":{"angle":45.0,"axis":"x","origin":[8.612,10.398961,28.263577]},"to":[9.092001,-5.549758,18.178734]},{"faces":{"down":{"rotation":0,"texture":"#0","tintindex":0,"uv":[9.78125,5.1875,9.65625,5.3125]},"east":{"rotation":0,"texture":"#0","tintindex":0,"uv":[9.375,3.3125,9.5,3.5]},"north":{"rotation":0,"texture":"#0","tintindex":0,"uv":[9.375,2.71875,9.5,2.90625]},"south":{"rotation":0,"texture":"#0","tintindex":0,"uv":[9.375,3.84375,9.5,4.03125]},"up":{"rotation":0,"texture":"#0","tintindex":0,"uv":[9.78125,5.1875,9.65625,5.0625]},"west":{"rotation":0,"texture":"#0","tintindex":0,"uv":[3.90625,9.375,4.03125,9.5625]}},"from":[9.812,-9.149758,15.778735],"name":"cube","rotation":{"angle":45.0,"axis":"x","origin":[8.612,10.398961,28.263577]},"to":[12.212001,-5.549758,18.178734]},{"faces":{"down":{"rotation":0,"texture":"#0","tintindex":0,"uv":[9.9375,8.28125,9.84375,8.375]},"east":{"rotation":0,"texture":"#0","tintindex":0,"uv":[9.40625,8.84375,9.5,9.03125]},"north":{"rotation":0,"texture":"#0","tintindex":0,"uv":[9.40625,8.65625,9.5,8.84375]},"south":{"rotation":0,"texture":"#0","tintindex":0,"uv":[9.4375,0.0,9.53125,0.1875]},"up":{"rotation":0,"texture":"#0","tintindex":0,"uv":[9.9375,8.09375,9.84375,8.0]},"west":{"rotation":0,"texture":"#0","tintindex":0,"uv":[1.125,9.4375,1.21875,9.625]}},"from":[7.0520005,-5.625231,9.590663],"name":"cube","rotation":{"angle":22.5,"axis":"x","origin":[8.612,10.398961,28.263577]},"to":[8.732,-2.1452303,11.270664]},{"faces":{"down":{"rotation":0,"texture":"#0","tintindex":0,"uv":[9.9375,8.46875,9.84375,8.5625]},"east":{"rotation":0,"texture":"#0","tintindex":0,"uv":[7.03125,9.4375,7.125,9.625]},"north":{"rotation":0,"texture":"#0","tintindex":0,"uv":[1.21875,9.4375,1.3125,9.625]},"south":{"rotation":0,"texture":"#0","tintindex":0,"uv":[7.125,9.4375,7.21875,9.625]},"up":{"rotation":0,"texture":"#0","tintindex":0,"uv":[9.9375,8.46875,9.84375,8.375]},"west":{"rotation":0,"texture":"#0","tintindex":0,"uv":[8.875,9.4375,8.96875,9.625]}},"from":[4.2920003,-5.625231,9.590663],"name":"cube","rotation":{"angle":22.5,"axis":"x","origin":[8.612,10.398961,28.263577]},"to":[5.972,-2.1452303,11.270664]},{"faces":{"down":{"rotation":0,"texture":"#0","tintindex":0,"uv":[8.6875,9.84375,8.59375,9.9375]},"east":{"rotation":0,"texture":"#0","tintindex":0,"uv":[1.4375,9.46875,1.53125,9.65625]},"north":{"rotation":0,"texture":"#0","tintindex":0,"uv":[8.96875,9.4375,9.0625,9.625]},"south":{"rotation":0,"texture":"#0","tintindex":0,"uv":[1.71875,9.46875,1.8125,9.65625]},"up":{"rotation":0,"texture":"#0","tintindex":0,"uv":[8.59375,9.9375,8.5,9.84375]},"west":{"rotation":0,"texture":"#0","tintindex":0,"uv":[1.8125,9.46875,1.90625,9.65625]}},"from":[10.172001,-5.625231,9.590663],"name":"cube","rotation":{"angle":22.5,"axis":"x","origin":[8.612,10.398961,28.263577]},"to":[11.852001,-2.1452303,11.270664]},{"faces":{"down":{"rotation":0,"texture":"#0","tintindex":0,"uv":[0.0,0.0,0.0,0.1875]},"east":{"rotation":0,"texture":"#0","tintindex":0,"uv":[7.96875,8.96875,8.15625,9.1875]},"north":{"rotation":0,"texture":"#0","tintindex":0,"uv":[0.0,0.0,0.0,0.21875]},"south":{"rotation":0,"texture":"#0","tintindex":0,"uv":[0.0,0.0,0.0,0.21875]},"up":{"rotation":0,"texture":"#0","tintindex":0,"uv":[0.0,0.1875,0.0,0.0]},"west":{"rotation":0,"texture":"#0","tintindex":0,"uv":[8.96875,8.125,9.15625,8.34375]}},"from":[10.892,-9.705231,9.230663],"name":"cube","rotation":{"angle":22.5,"axis":"x","origin":[8.612,10.398961,28.263577]},"to":[10.892,-5.505231,12.830664]},{"faces":{"down":{"rotation":0,"texture":"#0","tintindex":0,"uv":[0.0,0.0,0.0,0.1875]},"east":{"rotation":0,"texture":"#0","tintindex":0,"uv":[8.15625,8.96875,8.34375,9.1875]},"north":{"rotation":0,"texture":"#0","tintindex":0,"uv":[0.0,0.0,0.0,0.21875]},"south":{"rotation":0,"texture":"#0","tintindex":0,"uv":[0.0,0.0,0.0,0.21875]},"up":{"rotation":0,"texture":"#0","tintindex":0,"uv":[0.0,0.1875,0.0,0.0]},"west":{"rotation":0,"texture":"#0","tintindex":0,"uv":[8.96875,8.34375,9.15625,8.5625]}},"from":[7.892,-9.705231,9.230663],"name":"cube","rotation":{"angle":22.5,"axis":"x","origin":[8.612,10.398961,28.263577]},"to":[7.892,-5.505231,12.830664]},{"faces":{"down":{"rotation":0,"texture":"#0","tintindex":0,"uv":[0.0,0.0,0.0,0.1875]},"east":{"rotation":0,"texture":"#0","tintindex":0,"uv":[8.96875,8.5625,9.15625,8.78125]},"north":{"rotation":0,"texture":"#0","tintindex":0,"uv":[0.0,0.0,0.0,0.21875]},"south":{"rotation":0,"texture":"#0","tintindex":0,"uv":[0.0,0.0,0.0,0.21875]},"up":{"rotation":0,"texture":"#0","tintindex":0,"uv":[0.0,0.1875,0.0,0.0]},"west":{"rotation":0,"texture":"#0","tintindex":0,"uv":[8.96875,8.78125,9.15625,9.0]}},"from":[5.132,-9.705231,9.230663],"name":"cube","rotation":{"angle":22.5,"axis":"x","origin":[8.612,10.398961,28.263577]},"to":[5.132,-5.505231,12.830664]}],"textures":{"0":"modelengine:entity/nocsy_dragon_full"}}