{"textures":{"0":"modelengine:entity/nocsy_dragon_full"},"elements":[{"name":"cube","from":[6.9820657,6.9513283,6.7205744],"to":[9.862066,24.231327,9.6005745],"rotation":{"angle":0.0,"axis":"x","origin":[6.9820657,14.854304,22.650887]},"faces":{"down":{"uv":[5.625,8.5625,5.46875,8.71875],"rotation":0,"texture":"#0","tintindex":0},"east":{"uv":[2.5625,7.375,2.71875,8.28125],"rotation":0,"texture":"#0","tintindex":0},"north":{"uv":[4.46875,7.25,4.625,8.15625],"rotation":0,"texture":"#0","tintindex":0},"south":{"uv":[1.28125,7.4375,1.4375,8.34375],"rotation":0,"texture":"#0","tintindex":0},"up":{"uv":[6.65625,6.28125,6.5,6.125],"rotation":0,"texture":"#0","tintindex":0},"west":{"uv":[1.4375,7.4375,1.59375,8.34375],"rotation":0,"texture":"#0","tintindex":0}}},{"name":"cube","from":[6.382066,0.83132744,6.9005747],"to":[9.022066,13.671329,9.540575],"rotation":{"angle":22.5,"axis":"z","origin":[8.422066,15.591327,8.160575]},"faces":{"down":{"uv":[1.9375,9.1875,1.78125,9.34375],"rotation":0,"texture":"#0","tintindex":0},"east":{"uv":[0.5,8.0,0.65625,8.6875],"rotation":0,"texture":"#0","tintindex":0},"north":{"uv":[7.125,7.875,7.28125,8.5625],"rotation":0,"texture":"#0","tintindex":0},"south":{"uv":[8.0,0.8125,8.15625,1.5],"rotation":0,"texture":"#0","tintindex":0},"up":{"uv":[1.78125,9.34375,1.625,9.1875],"rotation":0,"texture":"#0","tintindex":0},"west":{"uv":[2.3125,8.0,2.46875,8.6875],"rotation":0,"texture":"#0","tintindex":0}}},{"name":"cube","from":[7.9420657,6.5913258,6.360575],"to":[7.9420657,24.591328,20.760574],"rotation":{"angle":0.0,"axis":"x","origin":[6.9820657,14.854304,22.650887]},"faces":{"down":{"uv":[0.0,0.0,0.0,0.75],"rotation":0,"texture":"#0","tintindex":0},"east":{"uv":[3.0,5.125,3.75,6.0625],"rotation":0,"texture":"#0","tintindex":0},"north":{"uv":[0.0,0.0,0.0,0.9375],"rotation":0,"texture":"#0","tintindex":0},"south":{"uv":[0.0,0.0,0.0,0.9375],"rotation":0,"texture":"#0","tintindex":0},"up":{"uv":[0.0,0.75,0.0,0.0],"rotation":0,"texture":"#0","tintindex":0},"west":{"uv":[3.75,5.5,4.5,6.4375],"rotation":0,"texture":"#0","tintindex":0}}},{"name":"cube","from":[7.1020656,22.19133,6.960575],"to":[9.262066,24.35133,15.120575],"rotation":{"angle":0.0,"axis":"x","origin":[6.9820657,14.854304,22.650887]},"faces":{"down":{"uv":[6.65625,8.84375,6.53125,9.28125],"rotation":0,"texture":"#0","tintindex":0},"east":{"uv":[8.78125,2.375,9.21875,2.5],"rotation":0,"texture":"#0","tintindex":0},"north":{"uv":[6.65625,3.4375,6.78125,3.5625],"rotation":0,"texture":"#0","tintindex":0},"south":{"uv":[8.46875,7.25,8.59375,7.375],"rotation":0,"texture":"#0","tintindex":0},"up":{"uv":[7.875,1.25,7.75,0.8125],"rotation":0,"texture":"#0","tintindex":0},"west":{"uv":[8.90625,7.65625,9.34375,7.78125],"rotation":0,"texture":"#0","tintindex":0}}},{"name":"cube","from":[7.1080656,17.290392,17.715715],"to":[9.256066,19.438393,22.263714],"rotation":{"angle":22.5,"axis":"x","origin":[8.182066,28.054302,28.890884]},"faces":{"down":{"uv":[8.21875,2.5,8.09375,2.75],"rotation":0,"texture":"#0","tintindex":0},"east":{"uv":[9.09375,7.53125,9.34375,7.65625],"rotation":0,"texture":"#0","tintindex":0},"north":{"uv":[4.1875,8.5625,4.3125,8.6875],"rotation":0,"texture":"#0","tintindex":0},"south":{"uv":[8.71875,3.09375,8.84375,3.21875],"rotation":0,"texture":"#0","tintindex":0},"up":{"uv":[7.5,2.125,7.375,1.875],"rotation":0,"texture":"#0","tintindex":0},"west":{"uv":[9.15625,1.5625,9.40625,1.6875],"rotation":0,"texture":"#0","tintindex":0}}},{"name":"cube","from":[6.862066,17.044394,21.069714],"to":[9.502066,19.684391,24.909714],"rotation":{"angle":22.5,"axis":"x","origin":[8.182066,28.054302,28.890884]},"faces":{"down":{"uv":[4.6875,9.21875,4.5625,9.40625],"rotation":0,"texture":"#0","tintindex":0},"east":{"uv":[9.28125,1.9375,9.46875,2.0625],"rotation":0,"texture":"#0","tintindex":0},"north":{"uv":[4.3125,8.71875,4.4375,8.84375],"rotation":0,"texture":"#0","tintindex":0},"south":{"uv":[6.21875,8.71875,6.34375,8.84375],"rotation":0,"texture":"#0","tintindex":0},"up":{"uv":[8.375,0.4375,8.25,0.25],"rotation":0,"texture":"#0","tintindex":0},"west":{"uv":[9.28125,2.0625,9.46875,2.1875],"rotation":0,"texture":"#0","tintindex":0}}},{"name":"cube","from":[7.222066,8.398426,29.26577],"to":[9.142066,10.318424,31.185768],"rotation":{"angle":45.0,"axis":"x","origin":[8.182066,25.362576,39.46577]},"faces":{"down":{"uv":[9.59375,1.96875,9.46875,2.09375],"rotation":0,"texture":"#0","tintindex":0},"east":{"uv":[9.40625,5.40625,9.53125,5.53125],"rotation":0,"texture":"#0","tintindex":0},"north":{"uv":[9.40625,4.03125,9.53125,4.15625],"rotation":0,"texture":"#0","tintindex":0},"south":{"uv":[9.40625,6.90625,9.53125,7.03125],"rotation":0,"texture":"#0","tintindex":0},"up":{"uv":[9.59375,1.96875,9.46875,1.84375],"rotation":0,"texture":"#0","tintindex":0},"west":{"uv":[9.40625,9.1875,9.53125,9.3125],"rotation":0,"texture":"#0","tintindex":0}}},{"name":"cube","from":[7.5820656,26.334698,20.90387],"to":[8.782066,27.534698,22.10387],"rotation":{"angle":-22.5,"axis":"x","origin":[8.182066,25.362576,39.46577]},"faces":{"down":{"uv":[5.6875,9.78125,5.59375,9.875],"rotation":0,"texture":"#0","tintindex":0},"east":{"uv":[9.40625,0.75,9.5,0.84375],"rotation":0,"texture":"#0","tintindex":0},"north":{"uv":[3.34375,9.25,3.4375,9.34375],"rotation":0,"texture":"#0","tintindex":0},"south":{"uv":[9.40625,4.5625,9.5,4.65625],"rotation":0,"texture":"#0","tintindex":0},"up":{"uv":[9.625,7.90625,9.53125,7.8125],"rotation":0,"texture":"#0","tintindex":0},"west":{"uv":[5.03125,9.46875,5.125,9.5625],"rotation":0,"texture":"#0","tintindex":0}}}],"display":{"head":{"translation":[0.0,-6.4,0.0],"rotation":[0.0,0.0,0.0],"scale":[3.8095,3.8095,3.8095]}}}