{"display":{"head":{"rotation":[0.0,0.0,0.0],"scale":[3.7333333,3.7333333,3.7333333],"translation":[0.0,-6.4,56.25652]}},"elements":[{"faces":{"down":{"rotation":0,"texture":"#0","tintindex":0,"uv":[0.28125,7.3125,0.0,7.90625]},"east":{"rotation":0,"texture":"#0","tintindex":0,"uv":[7.25,5.78125,7.84375,6.0625]},"north":{"rotation":0,"texture":"#0","tintindex":0,"uv":[8.21875,6.125,8.5,6.40625]},"south":{"rotation":0,"texture":"#0","tintindex":0,"uv":[6.375,8.3125,6.65625,8.59375]},"up":{"rotation":0,"texture":"#0","tintindex":0,"uv":[4.46875,7.84375,4.1875,7.25]},"west":{"rotation":0,"texture":"#0","tintindex":0,"uv":[6.03125,7.25,6.625,7.53125]}},"from":[6.285714,10.793711,-9.700106],"name":"cube","rotation":{"angle":-22.5,"axis":"x","origin":[8.0,13.558925,6.989876]},"to":[9.714285,14.222281,-1.9858208]},{"faces":{"down":{"rotation":0,"texture":"#0","tintindex":0,"uv":[7.65625,7.65625,7.46875,8.28125]},"east":{"rotation":0,"texture":"#0","tintindex":0,"uv":[7.53125,6.75,8.15625,6.9375]},"north":{"rotation":0,"texture":"#0","tintindex":0,"uv":[0.5,9.125,0.6875,9.3125]},"south":{"rotation":0,"texture":"#0","tintindex":0,"uv":[9.125,4.15625,9.3125,4.34375]},"up":{"rotation":0,"texture":"#0","tintindex":0,"uv":[7.46875,8.1875,7.28125,7.5625]},"west":{"rotation":0,"texture":"#0","tintindex":0,"uv":[7.625,0.25,8.25,0.4375]}},"from":[6.7142854,15.085323,-3.4000034],"name":"cube","rotation":{"angle":-45.0,"axis":"x","origin":[7.1428566,13.558925,6.989876]},"to":[9.285714,17.656752,5.171425]},{"faces":{"down":{"rotation":0,"texture":"#0","tintindex":0,"uv":[5.625,7.84375,5.46875,8.5625]},"east":{"rotation":0,"texture":"#0","tintindex":0,"uv":[7.625,4.875,8.34375,5.03125]},"north":{"rotation":0,"texture":"#0","tintindex":0,"uv":[9.25,4.5,9.40625,4.65625]},"south":{"rotation":0,"texture":"#0","tintindex":0,"uv":[9.25,9.1875,9.40625,9.34375]},"up":{"rotation":0,"texture":"#0","tintindex":0,"uv":[4.34375,8.5625,4.1875,7.84375]},"west":{"rotation":0,"texture":"#0","tintindex":0,"uv":[7.625,5.03125,8.34375,5.1875]}},"from":[6.9714284,15.342465,1.3999977],"name":"cube","rotation":{"angle":-45.0,"axis":"x","origin":[7.1428566,13.558925,6.989876]},"to":[9.028571,17.399609,11.171427]},{"faces":{"down":{"rotation":0,"texture":"#0","tintindex":0,"uv":[0.0,0.0,0.0,1.5]},"east":{"rotation":0,"texture":"#0","tintindex":0,"uv":[0.0,5.125,1.5,6.375]},"north":{"rotation":0,"texture":"#0","tintindex":0,"uv":[0.0,0.0,0.0,1.25]},"south":{"rotation":0,"texture":"#0","tintindex":0,"uv":[0.0,0.0,0.0,1.25]},"up":{"rotation":0,"texture":"#0","tintindex":0,"uv":[0.0,1.5,0.0,0.0]},"west":{"rotation":0,"texture":"#0","tintindex":0,"uv":[1.5,5.125,3.0,6.375]}},"from":[8.0,7.3710375,11.428572],"name":"cube","rotation":{"angle":-45.0,"axis":"x","origin":[8.428572,13.558925,6.989876]},"to":[8.0,24.513895,32.0]},{"faces":{"down":{"rotation":0,"texture":"#0","tintindex":0,"uv":[0.0,0.0,0.0,0.5]},"east":{"rotation":0,"texture":"#0","tintindex":0,"uv":[6.0,5.5,6.5,6.3125]},"north":{"rotation":0,"texture":"#0","tintindex":0,"uv":[0.0,0.0,0.0,0.8125]},"south":{"rotation":0,"texture":"#0","tintindex":0,"uv":[0.0,0.0,0.0,0.8125]},"up":{"rotation":0,"texture":"#0","tintindex":0,"uv":[0.0,0.5,0.0,0.0]},"west":{"rotation":0,"texture":"#0","tintindex":0,"uv":[3.0,6.0625,3.5,6.875]}},"from":[8.0,10.799608,4.5714283],"name":"cube","rotation":{"angle":-45.0,"axis":"x","origin":[8.428572,13.558925,6.989876]},"to":[8.0,21.942467,11.428572]},{"faces":{"down":{"rotation":0,"texture":"#0","tintindex":0,"uv":[0.0,0.0,0.0,0.625]},"east":{"rotation":0,"texture":"#0","tintindex":0,"uv":[6.78125,3.8125,7.40625,4.1875]},"north":{"rotation":0,"texture":"#0","tintindex":0,"uv":[0.0,0.0,0.0,0.375]},"south":{"rotation":0,"texture":"#0","tintindex":0,"uv":[0.0,0.0,0.0,0.375]},"up":{"rotation":0,"texture":"#0","tintindex":0,"uv":[0.0,0.625,0.0,0.0]},"west":{"rotation":0,"texture":"#0","tintindex":0,"uv":[6.78125,4.1875,7.40625,4.5625]}},"from":[8.0,16.79961,-3.4000034],"name":"cube","rotation":{"angle":-45.0,"axis":"x","origin":[-8.542857,13.558925,6.989876]},"to":[8.0,21.942467,5.171425]},{"faces":{"down":{"rotation":0,"texture":"#0","tintindex":0,"uv":[0.0,0.0,0.0,0.625]},"east":{"rotation":0,"texture":"#0","tintindex":0,"uv":[6.125,5.0625,6.75,5.5]},"north":{"rotation":0,"texture":"#0","tintindex":0,"uv":[0.0,0.0,0.0,0.4375]},"south":{"rotation":0,"texture":"#0","tintindex":0,"uv":[0.0,0.0,0.0,0.4375]},"up":{"rotation":0,"texture":"#0","tintindex":0,"uv":[0.0,0.625,0.0,0.0]},"west":{"rotation":0,"texture":"#0","tintindex":0,"uv":[4.09375,6.4375,4.71875,6.875]}},"from":[8.0,12.936567,-10.128677],"name":"cube","rotation":{"angle":-22.5,"axis":"x","origin":[-6.8285713,13.558925,6.989876]},"to":[8.0,18.936567,-1.5572491]}],"textures":{"0":"modelengine:entity/nocsy_dragon_full"}}