{"textures":{"0":"modelengine:entity/nocsy_dragon_full"},"elements":[{"name":"cube","from":[3.7999997,0.37475562,7.7828646],"to":[12.2,8.7747555,17.382866],"rotation":{"angle":0.0,"axis":"x","origin":[8.6,13.272829,22.168636]},"faces":{"down":{"uv":[2.75,6.875,2.3125,7.375],"rotation":0,"texture":"#0","tintindex":0},"east":{"uv":[6.125,6.8125,6.625,7.25],"rotation":0,"texture":"#0","tintindex":0},"north":{"uv":[4.65625,7.0625,5.09375,7.5],"rotation":0,"texture":"#0","tintindex":0},"south":{"uv":[5.09375,7.0625,5.53125,7.5],"rotation":0,"texture":"#0","tintindex":0},"up":{"uv":[0.9375,7.375,0.5,6.875],"rotation":0,"texture":"#0","tintindex":0},"west":{"uv":[0.0,6.875,0.5,7.3125],"rotation":0,"texture":"#0","tintindex":0}}},{"name":"cube","from":[8.0,8.7747555,6.5828643],"to":[8.0,17.174755,17.382866],"rotation":{"angle":0.0,"axis":"x","origin":[-19.36,13.272829,22.168636]},"faces":{"down":{"uv":[0.0,0.0,0.0,0.5625],"rotation":0,"texture":"#0","tintindex":0},"east":{"uv":[6.75,0.5,7.3125,0.9375],"rotation":0,"texture":"#0","tintindex":0},"north":{"uv":[0.0,0.0,0.0,0.4375],"rotation":0,"texture":"#0","tintindex":0},"south":{"uv":[0.0,0.0,0.0,0.4375],"rotation":0,"texture":"#0","tintindex":0},"up":{"uv":[0.0,0.5625,0.0,0.0],"rotation":0,"texture":"#0","tintindex":0},"west":{"uv":[6.75,0.9375,7.3125,1.375],"rotation":0,"texture":"#0","tintindex":0}}},{"name":"cube","from":[4.3999996,0.73475695,16.782864],"to":[11.6,7.934757,26.382862],"rotation":{"angle":0.0,"axis":"x","origin":[8.0,13.272829,22.168636]},"faces":{"down":{"uv":[7.625,0.0,7.25,0.5],"rotation":0,"texture":"#0","tintindex":0},"east":{"uv":[7.15625,3.0,7.65625,3.375],"rotation":0,"texture":"#0","tintindex":0},"north":{"uv":[5.09375,7.5,5.46875,7.875],"rotation":0,"texture":"#0","tintindex":0},"south":{"uv":[7.5,6.9375,7.875,7.3125],"rotation":0,"texture":"#0","tintindex":0},"up":{"uv":[7.53125,6.9375,7.15625,6.4375],"rotation":0,"texture":"#0","tintindex":0},"west":{"uv":[7.15625,6.0625,7.65625,6.4375],"rotation":0,"texture":"#0","tintindex":0}}},{"name":"cube","from":[8.0,7.6326766,16.246326],"to":[8.0,17.232677,25.846329],"rotation":{"angle":0.0,"axis":"x","origin":[-19.36,13.272829,22.168636]},"faces":{"down":{"uv":[0.0,0.0,0.0,0.5],"rotation":0,"texture":"#0","tintindex":0},"east":{"uv":[6.65625,6.625,7.15625,7.125],"rotation":0,"texture":"#0","tintindex":0},"north":{"uv":[0.0,0.0,0.0,0.5],"rotation":0,"texture":"#0","tintindex":0},"south":{"uv":[0.0,0.0,0.0,0.5],"rotation":0,"texture":"#0","tintindex":0},"up":{"uv":[0.0,0.5,0.0,0.0],"rotation":0,"texture":"#0","tintindex":0},"west":{"uv":[6.75,0.0,7.25,0.5],"rotation":0,"texture":"#0","tintindex":0}}}],"display":{"head":{"translation":[0.0,-6.4,0.0],"rotation":[0.0,0.0,0.0],"scale":[3.8095,3.8095,3.8095]}}}