{"display":{"head":{"rotation":[0.0,0.0,0.0],"scale":[3.8095,3.8095,3.8095],"translation":[0.0,-6.4,0.0]}},"elements":[{"faces":{"down":{"rotation":0,"texture":"#0","tintindex":0,"uv":[6.9875,5.3875,6.1375,5.7375]},"east":{"rotation":0,"texture":"#0","tintindex":0,"uv":[6.5125,6.7625,6.8625,7.2375]},"north":{"rotation":0,"texture":"#0","tintindex":0,"uv":[1.0125,4.2625,1.8625,4.7375]},"south":{"rotation":0,"texture":"#0","tintindex":0,"uv":[5.3875,0.7625,6.2375,1.2375]},"up":{"rotation":0,"texture":"#0","tintindex":0,"uv":[6.9875,5.3625,6.1375,5.0125]},"west":{"rotation":0,"texture":"#0","tintindex":0,"uv":[1.6375,6.8875,1.9875,7.3625]}},"from":[5.9475536,7.1,4.3308673],"name":"cube","rotation":{"angle":0.0,"axis":"x","origin":[8.047554,1.6999998,7.930867]},"to":[10.147554,9.5,6.130867]},{"faces":{"down":{"rotation":0,"texture":"#0","tintindex":0,"uv":[4.9875,3.3875,4.0125,4.3625]},"east":{"rotation":0,"texture":"#0","tintindex":0,"uv":[3.0125,3.7625,3.9875,4.7375]},"north":{"rotation":0,"texture":"#0","tintindex":0,"uv":[2.0125,3.7625,2.9875,4.7375]},"south":{"rotation":0,"texture":"#0","tintindex":0,"uv":[0.0125,3.8875,0.9875,4.8625]},"up":{"rotation":0,"texture":"#0","tintindex":0,"uv":[4.9875,3.3625,4.0125,2.3875]},"west":{"rotation":0,"texture":"#0","tintindex":0,"uv":[4.0125,1.3875,4.9875,2.3625]}},"from":[5.6475534,7.7,4.930867],"name":"cube","rotation":{"angle":0.0,"axis":"x","origin":[8.047554,1.6999998,7.930867]},"to":[10.447554,12.5,9.730867]},{"faces":{"down":{"rotation":0,"texture":"#0","tintindex":0,"uv":[7.6125,4.8875,7.2625,4.9875]},"east":{"rotation":0,"texture":"#0","tintindex":0,"uv":[3.8875,4.7625,3.9875,4.9875]},"north":{"rotation":0,"texture":"#0","tintindex":0,"uv":[7.2625,5.7625,7.6125,5.9875]},"south":{"rotation":0,"texture":"#0","tintindex":0,"uv":[7.2625,6.0125,7.6125,6.2375]},"up":{"rotation":0,"texture":"#0","tintindex":0,"uv":[2.1125,5.4875,1.7625,5.3875]},"west":{"rotation":0,"texture":"#0","tintindex":0,"uv":[2.1375,7.3875,2.2375,7.6125]}},"from":[7.1475534,9.5,4.3308673],"name":"cube","rotation":{"angle":0.0,"axis":"x","origin":[8.047554,1.6999998,7.930867]},"to":[8.947554,10.700001,4.930867]},{"faces":{"down":{"rotation":0,"texture":"#0","tintindex":0,"uv":[7.4875,3.5125,6.6375,3.7375]},"east":{"rotation":0,"texture":"#0","tintindex":0,"uv":[2.5125,3.6375,2.7375,3.7375]},"north":{"rotation":0,"texture":"#0","tintindex":0,"uv":[4.1375,1.2625,4.9875,1.3625]},"south":{"rotation":0,"texture":"#0","tintindex":0,"uv":[7.2625,4.7625,8.1125,4.8625]},"up":{"rotation":0,"texture":"#0","tintindex":0,"uv":[7.2375,4.9875,6.3875,4.7625]},"west":{"rotation":0,"texture":"#0","tintindex":0,"uv":[6.1375,6.6375,6.3625,6.7375]}},"from":[5.9475536,10.700001,3.4308672],"name":"cube","rotation":{"angle":0.0,"axis":"x","origin":[8.047554,1.0999997,7.930867]},"to":[10.147554,11.3,4.630867]},{"faces":{"down":{"rotation":0,"texture":"#0","tintindex":0,"uv":[1.1125,2.7625,0.0125,3.8625]},"east":{"rotation":0,"texture":"#0","tintindex":0,"uv":[4.2625,5.0125,5.3625,5.4875]},"north":{"rotation":0,"texture":"#0","tintindex":0,"uv":[5.0125,3.5125,6.1125,3.9875]},"south":{"rotation":0,"texture":"#0","tintindex":0,"uv":[5.2625,4.0125,6.3625,4.4875]},"up":{"rotation":0,"texture":"#0","tintindex":0,"uv":[2.7375,2.8625,1.6375,1.7625]},"west":{"rotation":0,"texture":"#0","tintindex":0,"uv":[5.2625,4.5125,6.3625,4.9875]}},"from":[5.3475537,10.700001,4.630867],"name":"cube","rotation":{"angle":0.0,"axis":"x","origin":[8.047554,1.6999998,7.930867]},"to":[10.747554,13.1,10.030868]},{"faces":{"down":{"rotation":0,"texture":"#0","tintindex":0,"uv":[11.0,0.0,10.75,1.25]},"east":{"rotation":0,"texture":"#0","tintindex":0,"uv":[9.25,0.0,10.5,0.5]},"north":{"rotation":0,"texture":"#0","tintindex":0,"uv":[7.625,0.0,7.875,0.5]},"south":{"rotation":0,"texture":"#0","tintindex":0,"uv":[7.875,0.0,8.0,0.5]},"up":{"rotation":0,"texture":"#0","tintindex":0,"uv":[10.75,1.25,10.5,0.0]},"west":{"rotation":0,"texture":"#0","tintindex":0,"uv":[8.0,0.0,9.25,0.5]}},"from":[7.447554,11.3,4.3308673],"name":"cube","rotation":{"angle":0.0,"axis":"x","origin":[8.047554,1.6999998,7.930867]},"to":[8.647553,13.7,10.330868]},{"faces":{"down":{"rotation":0,"texture":"#0","tintindex":0,"uv":[6.4875,6.7625,6.1375,7.2375]},"east":{"rotation":0,"texture":"#0","tintindex":0,"uv":[3.2625,1.3875,3.7375,1.7375]},"north":{"rotation":0,"texture":"#0","tintindex":0,"uv":[7.0125,2.7625,7.3625,3.1125]},"south":{"rotation":0,"texture":"#0","tintindex":0,"uv":[3.1375,7.0125,3.4875,7.3625]},"up":{"rotation":0,"texture":"#0","tintindex":0,"uv":[1.6125,7.2375,1.2625,6.7625]},"west":{"rotation":0,"texture":"#0","tintindex":0,"uv":[6.7625,0.5125,7.2375,0.8625]}},"from":[7.1475534,12.5,4.030867],"name":"cube","rotation":{"angle":0.0,"axis":"x","origin":[8.047554,1.6999998,7.930867]},"to":[8.947554,14.3,6.430867]},{"faces":{"down":{"rotation":0,"texture":"#0","tintindex":0,"uv":[7.4875,3.0125,7.3875,3.2375]},"east":{"rotation":0,"texture":"#0","tintindex":0,"uv":[3.7625,1.3875,3.9875,1.7375]},"north":{"rotation":0,"texture":"#0","tintindex":0,"uv":[1.0125,3.8875,1.1125,4.2375]},"south":{"rotation":0,"texture":"#0","tintindex":0,"uv":[4.1375,5.7625,4.2375,6.1125]},"up":{"rotation":0,"texture":"#0","tintindex":0,"uv":[2.3625,7.6125,2.2625,7.3875]},"west":{"rotation":0,"texture":"#0","tintindex":0,"uv":[5.0125,4.0125,5.2375,4.3625]}},"from":[5.3951077,8.9,7.4],"name":"cube","rotation":{"angle":-22.5,"axis":"y","origin":[5.6951075,11.6,8.0]},"to":[5.9951077,10.700001,8.6]},{"faces":{"down":{"rotation":0,"texture":"#0","tintindex":0,"uv":[7.3875,3.0125,7.4875,3.2375]},"east":{"rotation":0,"texture":"#0","tintindex":0,"uv":[5.2375,4.0125,5.0125,4.3625]},"north":{"rotation":0,"texture":"#0","tintindex":0,"uv":[1.1125,3.8875,1.0125,4.2375]},"south":{"rotation":0,"texture":"#0","tintindex":0,"uv":[4.2375,5.7625,4.1375,6.1125]},"up":{"rotation":0,"texture":"#0","tintindex":0,"uv":[2.2625,7.6125,2.3625,7.3875]},"west":{"rotation":0,"texture":"#0","tintindex":0,"uv":[3.9875,1.3875,3.7625,1.7375]}},"from":[10.1,8.9,7.4],"name":"cube","rotation":{"angle":22.5,"axis":"y","origin":[10.4,11.6,8.0]},"to":[10.700001,10.700001,8.6]},{"faces":{"down":{"rotation":0,"texture":"#0","tintindex":0,"uv":[2.6125,6.1375,2.3875,6.3625]},"east":{"rotation":0,"texture":"#0","tintindex":0,"uv":[0.0125,7.1375,0.2375,7.6125]},"north":{"rotation":0,"texture":"#0","tintindex":0,"uv":[0.7625,5.6375,0.9875,6.1125]},"south":{"rotation":0,"texture":"#0","tintindex":0,"uv":[0.2625,7.1375,0.4875,7.6125]},"up":{"rotation":0,"texture":"#0","tintindex":0,"uv":[5.3625,5.7375,5.1375,5.5125]},"west":{"rotation":0,"texture":"#0","tintindex":0,"uv":[0.5125,7.1375,0.7375,7.6125]}},"from":[6.247554,4.7,4.630867],"name":"cube","rotation":{"angle":0.0,"axis":"x","origin":[8.047554,1.6999998,7.930867]},"to":[7.447554,7.1,5.8308673]},{"faces":{"down":{"rotation":0,"texture":"#0","tintindex":0,"uv":[2.3875,6.1375,2.6125,6.3625]},"east":{"rotation":0,"texture":"#0","tintindex":0,"uv":[0.7375,7.1375,0.5125,7.6125]},"north":{"rotation":0,"texture":"#0","tintindex":0,"uv":[0.9875,5.6375,0.7625,6.1125]},"south":{"rotation":0,"texture":"#0","tintindex":0,"uv":[0.4875,7.1375,0.2625,7.6125]},"up":{"rotation":0,"texture":"#0","tintindex":0,"uv":[5.1375,5.7375,5.3625,5.5125]},"west":{"rotation":0,"texture":"#0","tintindex":0,"uv":[0.2375,7.1375,0.0125,7.6125]}},"from":[8.647553,4.7,4.630867],"name":"cube","rotation":{"angle":0.0,"axis":"x","origin":[8.047554,1.6999998,7.930867]},"to":[9.847553,7.1,5.8308673]}],"textures":{"0":"modelengine:entity/miner"}}