{"display":{"head":{"rotation":[0.0,0.0,0.0],"scale":[3.8095,3.8095,3.8095],"translation":[0.0,-6.4,0.0]}},"elements":[{"faces":{"down":{"rotation":0,"texture":"#0","tintindex":0,"uv":[7.2375,5.7625,6.8875,6.2375]},"east":{"rotation":0,"texture":"#0","tintindex":0,"uv":[6.3875,4.2625,6.8625,4.7375]},"north":{"rotation":0,"texture":"#0","tintindex":0,"uv":[4.5125,6.8875,4.8625,7.3625]},"south":{"rotation":0,"texture":"#0","tintindex":0,"uv":[4.8875,6.8875,5.2375,7.3625]},"up":{"rotation":0,"texture":"#0","tintindex":0,"uv":[5.6125,7.3625,5.2625,6.8875]},"west":{"rotation":0,"texture":"#0","tintindex":0,"uv":[5.1375,6.3875,5.6125,6.8625]}},"from":[7.1,5.6,5.8999996],"name":"cube","rotation":{"angle":0.0,"axis":"x","origin":[8.0,6.5,7.1]},"to":[8.9,8.0,8.3]},{"faces":{"down":{"rotation":0,"texture":"#0","tintindex":0,"uv":[2.6125,7.2625,2.3875,7.7375]},"east":{"rotation":0,"texture":"#0","tintindex":0,"uv":[6.7625,0.8875,7.2375,1.2375]},"north":{"rotation":0,"texture":"#0","tintindex":0,"uv":[6.6375,7.2625,6.8625,7.6125]},"south":{"rotation":0,"texture":"#0","tintindex":0,"uv":[7.2625,7.0125,7.4875,7.3625]},"up":{"rotation":0,"texture":"#0","tintindex":0,"uv":[7.4875,2.7375,7.2625,2.2625]},"west":{"rotation":0,"texture":"#0","tintindex":0,"uv":[6.8875,6.2625,7.3625,6.6125]}},"from":[7.1,3.7999997,5.8999996],"name":"cube","rotation":{"angle":0.0,"axis":"x","origin":[8.0,3.4999998,7.1]},"to":[8.3,5.6,8.3]},{"faces":{"down":{"rotation":0,"texture":"#0","tintindex":0,"uv":[3.4875,7.3875,3.3875,7.6125]},"east":{"rotation":0,"texture":"#0","tintindex":0,"uv":[7.3875,1.2625,7.6125,1.4875]},"north":{"rotation":0,"texture":"#0","tintindex":0,"uv":[3.1375,7.3875,3.2375,7.6125]},"south":{"rotation":0,"texture":"#0","tintindex":0,"uv":[3.2625,7.3875,3.3625,7.6125]},"up":{"rotation":0,"texture":"#0","tintindex":0,"uv":[7.4875,3.4875,7.3875,3.2625]},"west":{"rotation":0,"texture":"#0","tintindex":0,"uv":[7.3875,1.5125,7.6125,1.7375]}},"from":[8.3,4.3999996,5.8999996],"name":"cube","rotation":{"angle":0.0,"axis":"x","origin":[8.6,3.4999998,7.1]},"to":[8.9,5.6,7.1]}],"textures":{"0":"modelengine:entity/miner"}}