{"display":{"head":{"rotation":[0.0,0.0,0.0],"scale":[3.8095,3.8095,3.8095],"translation":[0.0,-6.4,0.0]}},"elements":[{"faces":{"down":{"rotation":0,"texture":"#0","tintindex":0,"uv":[2.2375,4.7625,1.0125,5.3625]},"east":{"rotation":0,"texture":"#0","tintindex":0,"uv":[6.1375,0.0125,6.7375,0.6125]},"north":{"rotation":0,"texture":"#0","tintindex":0,"uv":[4.1375,0.0125,5.3625,0.6125]},"south":{"rotation":0,"texture":"#0","tintindex":0,"uv":[4.1375,0.6375,5.3625,1.2375]},"up":{"rotation":0,"texture":"#0","tintindex":0,"uv":[5.2375,4.9875,4.0125,4.3875]},"west":{"rotation":0,"texture":"#0","tintindex":0,"uv":[1.2625,6.1375,1.8625,6.7375]}},"from":[4.3999996,9.348306,6.7042265],"name":"cube","rotation":{"angle":0.0,"axis":"x","origin":[7.4,11.748306,8.504227]},"to":[10.4,12.348306,9.704227]},{"faces":{"down":{"rotation":0,"texture":"#0","tintindex":0,"uv":[3.2375,0.8875,1.6375,1.7375]},"east":{"rotation":0,"texture":"#0","tintindex":0,"uv":[1.1375,2.8875,1.9875,4.2375]},"north":{"rotation":0,"texture":"#0","tintindex":0,"uv":[0.0125,0.0125,1.6125,1.3625]},"south":{"rotation":0,"texture":"#0","tintindex":0,"uv":[0.0125,1.3875,1.6125,2.7375]},"up":{"rotation":0,"texture":"#0","tintindex":0,"uv":[3.2375,0.8625,1.6375,0.0125]},"west":{"rotation":0,"texture":"#0","tintindex":0,"uv":[3.2625,0.0125,4.1125,1.3625]}},"from":[3.4999998,6.848881,10.037949],"name":"cube","rotation":{"angle":22.5,"axis":"x","origin":[7.1,11.048881,12.437948]},"to":[11.3,13.44888,14.237948]},{"faces":{"down":{"rotation":0,"texture":"#0","tintindex":0,"uv":[5.1125,5.5125,4.2625,6.1125]},"east":{"rotation":0,"texture":"#0","tintindex":0,"uv":[3.2625,4.7625,3.8625,4.9875]},"north":{"rotation":0,"texture":"#0","tintindex":0,"uv":[6.7625,0.0125,7.6125,0.2375]},"south":{"rotation":0,"texture":"#0","tintindex":0,"uv":[6.7625,0.2625,7.6125,0.4875]},"up":{"rotation":0,"texture":"#0","tintindex":0,"uv":[2.6125,6.1125,1.7625,5.5125]},"west":{"rotation":0,"texture":"#0","tintindex":0,"uv":[2.6375,5.5125,3.2375,5.7375]}},"from":[4.3999996,13.44888,10.637949],"name":"cube","rotation":{"angle":22.5,"axis":"x","origin":[6.8,11.048881,12.437948]},"to":[8.6,14.64888,13.637948]},{"faces":{"down":{"rotation":0,"texture":"#0","tintindex":0,"uv":[1.2375,7.3875,1.0125,7.7375]},"east":{"rotation":0,"texture":"#0","tintindex":0,"uv":[7.3875,2.7625,7.7375,2.8625]},"north":{"rotation":0,"texture":"#0","tintindex":0,"uv":[1.6375,6.7625,1.8625,6.8625]},"south":{"rotation":0,"texture":"#0","tintindex":0,"uv":[5.1375,7.3875,5.3625,7.4875]},"up":{"rotation":0,"texture":"#0","tintindex":0,"uv":[0.9875,7.7375,0.7625,7.3875]},"west":{"rotation":0,"texture":"#0","tintindex":0,"uv":[7.3875,2.8875,7.7375,2.9875]}},"from":[8.6,13.44888,11.837949],"name":"cube","rotation":{"angle":22.5,"axis":"x","origin":[10.4,11.048881,12.437948]},"to":[9.8,14.048881,13.637948]},{"faces":{"down":{"rotation":0,"texture":"#0","tintindex":0,"uv":[3.9875,1.7625,2.7625,2.7375]},"east":{"rotation":0,"texture":"#0","tintindex":0,"uv":[0.0125,0.0125,0.9875,0.0125]},"north":{"rotation":0,"texture":"#0","tintindex":0,"uv":[0.0125,0.0125,1.2375,0.0125]},"south":{"rotation":0,"texture":"#0","tintindex":0,"uv":[0.0125,0.0125,1.2375,0.0125]},"up":{"rotation":0,"texture":"#0","tintindex":0,"uv":[3.9875,2.7375,2.7625,1.7625]},"west":{"rotation":0,"texture":"#0","tintindex":0,"uv":[0.0125,0.0125,0.9875,0.0125]}},"from":[4.3999996,13.151386,6.5446033],"name":"cube","rotation":{"angle":-22.5,"axis":"x","origin":[6.8,13.151386,8.644604]},"to":[10.4,13.151386,11.344604]},{"faces":{"down":{"rotation":0,"texture":"#0","tintindex":0,"uv":[5.9875,2.0125,5.0125,2.7375]},"east":{"rotation":0,"texture":"#0","tintindex":0,"uv":[2.0125,2.8875,2.7375,3.6125]},"north":{"rotation":0,"texture":"#0","tintindex":0,"uv":[2.2625,4.7625,3.2375,5.4875]},"south":{"rotation":0,"texture":"#0","tintindex":0,"uv":[0.0125,4.8875,0.9875,5.6125]},"up":{"rotation":0,"texture":"#0","tintindex":0,"uv":[5.9875,1.9875,5.0125,1.2625]},"west":{"rotation":0,"texture":"#0","tintindex":0,"uv":[5.3875,0.0125,6.1125,0.7375]}},"from":[5.0,6.2531977,5.965961],"name":"cube","rotation":{"angle":22.5,"axis":"x","origin":[7.4,9.253199,8.365961]},"to":[9.8,9.853199,9.565962]},{"faces":{"down":{"rotation":0,"texture":"#0","tintindex":0,"uv":[6.1125,5.0125,5.3875,5.7375]},"east":{"rotation":0,"texture":"#0","tintindex":0,"uv":[2.6375,5.7625,3.3875,6.2625]},"north":{"rotation":0,"texture":"#0","tintindex":0,"uv":[0.0,5.625,0.75,6.125]},"south":{"rotation":0,"texture":"#0","tintindex":0,"uv":[3.375,5.75,4.125,6.25]},"up":{"rotation":0,"texture":"#0","tintindex":0,"uv":[1.7375,6.1125,1.0125,5.3875]},"west":{"rotation":0,"texture":"#0","tintindex":0,"uv":[5.1375,5.7625,5.8875,6.2625]}},"from":[5.6,5.653198,5.365961],"name":"cube","rotation":{"angle":0.0,"axis":"x","origin":[7.4,7.453198,7.765961]},"to":[9.2,8.053198,8.965961]}],"textures":{"0":"modelengine:entity/miner"}}