{"display":{"head":{"rotation":[0.0,0.0,0.0],"scale":[3.8095,3.8095,3.8095],"translation":[0.0,-6.4,0.0]}},"elements":[{"faces":{"down":{"rotation":0,"texture":"#0","tintindex":0,"uv":[6.8875,2.2625,7.2375,2.7375]},"east":{"rotation":0,"texture":"#0","tintindex":0,"uv":[3.6125,6.3875,3.1375,6.9875]},"north":{"rotation":0,"texture":"#0","tintindex":0,"uv":[6.8625,2.2625,6.5125,2.8625]},"south":{"rotation":0,"texture":"#0","tintindex":0,"uv":[6.9875,2.8875,6.6375,3.4875]},"up":{"rotation":0,"texture":"#0","tintindex":0,"uv":[2.0125,7.3625,2.3625,6.8875]},"west":{"rotation":0,"texture":"#0","tintindex":0,"uv":[6.7375,0.6375,6.2625,1.2375]}},"from":[8.0,5.8999996,6.8],"name":"cube","rotation":{"angle":0.0,"axis":"x","origin":[8.9,7.4,8.0]},"to":[9.8,8.9,9.2]},{"faces":{"down":{"rotation":0,"texture":"#0","tintindex":0,"uv":[6.3875,7.2625,6.6125,7.6125]},"east":{"rotation":0,"texture":"#0","tintindex":0,"uv":[7.2375,4.2625,6.8875,4.7375]},"north":{"rotation":0,"texture":"#0","tintindex":0,"uv":[7.4875,0.5125,7.2625,0.9875]},"south":{"rotation":0,"texture":"#0","tintindex":0,"uv":[1.4875,7.2625,1.2625,7.7375]},"up":{"rotation":0,"texture":"#0","tintindex":0,"uv":[6.1375,7.6125,6.3625,7.2625]},"west":{"rotation":0,"texture":"#0","tintindex":0,"uv":[4.4875,6.8875,4.1375,7.3625]}},"from":[8.3,3.4999998,7.1],"name":"cube","rotation":{"angle":0.0,"axis":"x","origin":[8.6,4.3999996,8.3]},"to":[9.5,5.8999996,8.9]}],"textures":{"0":"modelengine:entity/miner"}}