{"textures":{"0":"modelengine:entity/wasteland_shaman"},"elements":[{"name":"cube","from":[6.581623,6.5568542,7.7],"to":[7.1816235,8.956854,8.3],"rotation":{"angle":0.0,"axis":"x","origin":[7.1816235,2.356854,7.7]},"faces":{"down":{"uv":[13.4375,3.625,13.5,3.75],"rotation":0,"texture":"#0","tintindex":0},"east":{"uv":[13.375,3.625,13.4375,4.125],"rotation":0,"texture":"#0","tintindex":0},"north":{"uv":[13.375,3.625,13.4375,4.125],"rotation":0,"texture":"#0","tintindex":0},"south":{"uv":[13.375,3.5,13.4375,4.0],"rotation":0,"texture":"#0","tintindex":0},"up":{"uv":[13.4375,3.625,13.5,3.75],"rotation":0,"texture":"#0","tintindex":0},"west":{"uv":[13.375,3.625,13.4375,4.125],"rotation":0,"texture":"#0","tintindex":0}}},{"name":"cube","from":[16.018375,11.374517,7.7],"to":[16.618378,14.974517,8.3],"rotation":{"angle":45.0,"axis":"z","origin":[14.818377,-1.2254834,7.7]},"faces":{"down":{"uv":[13.4375,3.625,13.5,3.75],"rotation":0,"texture":"#0","tintindex":0},"east":{"uv":[13.375,3.625,13.4375,4.375],"rotation":0,"texture":"#0","tintindex":0},"north":{"uv":[13.375,3.625,13.4375,4.375],"rotation":0,"texture":"#0","tintindex":0},"south":{"uv":[13.375,3.5,13.4375,4.25],"rotation":0,"texture":"#0","tintindex":0},"up":{"uv":[13.4375,3.625,13.5,3.75],"rotation":0,"texture":"#0","tintindex":0},"west":{"uv":[13.375,3.625,13.4375,4.375],"rotation":0,"texture":"#0","tintindex":0}}},{"name":"cube","from":[-2.897771,14.768629,7.7],"to":[-2.2977705,16.56863,8.3],"rotation":{"angle":-45.0,"axis":"z","origin":[-4.6977706,2.1686285,8.3]},"faces":{"down":{"uv":[13.4375,3.625,13.5,3.75],"rotation":0,"texture":"#0","tintindex":0},"east":{"uv":[13.375,3.625,13.4375,4.0],"rotation":0,"texture":"#0","tintindex":0},"north":{"uv":[13.375,3.625,13.4375,4.0],"rotation":0,"texture":"#0","tintindex":0},"south":{"uv":[13.375,3.5,13.4375,3.875],"rotation":0,"texture":"#0","tintindex":0},"up":{"uv":[13.4375,3.625,13.5,3.75],"rotation":0,"texture":"#0","tintindex":0},"west":{"uv":[13.375,3.625,13.4375,4.0],"rotation":0,"texture":"#0","tintindex":0}}},{"name":"cube","from":[18.297771,14.768629,7.7],"to":[18.89777,16.56863,8.3],"rotation":{"angle":45.0,"axis":"z","origin":[20.69777,2.1686285,8.3]},"faces":{"down":{"uv":[13.5,3.625,13.4375,3.75],"rotation":0,"texture":"#0","tintindex":0},"east":{"uv":[13.4375,3.625,13.375,4.0],"rotation":0,"texture":"#0","tintindex":0},"north":{"uv":[13.4375,3.625,13.375,4.0],"rotation":0,"texture":"#0","tintindex":0},"south":{"uv":[13.4375,3.5,13.375,3.875],"rotation":0,"texture":"#0","tintindex":0},"up":{"uv":[13.5,3.625,13.4375,3.75],"rotation":0,"texture":"#0","tintindex":0},"west":{"uv":[13.4375,3.625,13.375,4.0],"rotation":0,"texture":"#0","tintindex":0}}},{"name":"cube","from":[8.818377,6.5568542,7.7],"to":[9.418377,8.956854,8.3],"rotation":{"angle":0.0,"axis":"x","origin":[8.818377,2.356854,7.7]},"faces":{"down":{"uv":[13.5,3.625,13.4375,3.75],"rotation":0,"texture":"#0","tintindex":0},"east":{"uv":[13.4375,3.625,13.375,4.125],"rotation":0,"texture":"#0","tintindex":0},"north":{"uv":[13.4375,3.625,13.375,4.125],"rotation":0,"texture":"#0","tintindex":0},"south":{"uv":[13.4375,3.5,13.375,4.0],"rotation":0,"texture":"#0","tintindex":0},"up":{"uv":[13.5,3.625,13.4375,3.75],"rotation":0,"texture":"#0","tintindex":0},"west":{"uv":[13.4375,3.625,13.375,4.125],"rotation":0,"texture":"#0","tintindex":0}}},{"name":"cube","from":[-0.618377,11.374517,7.7],"to":[-0.018377066,14.974517,8.3],"rotation":{"angle":-45.0,"axis":"z","origin":[1.181623,-1.2254834,7.7]},"faces":{"down":{"uv":[13.5,3.625,13.4375,3.75],"rotation":0,"texture":"#0","tintindex":0},"east":{"uv":[13.4375,3.625,13.375,4.375],"rotation":0,"texture":"#0","tintindex":0},"north":{"uv":[13.4375,3.625,13.375,4.375],"rotation":0,"texture":"#0","tintindex":0},"south":{"uv":[13.4375,3.5,13.375,4.25],"rotation":0,"texture":"#0","tintindex":0},"up":{"uv":[13.5,3.625,13.4375,3.75],"rotation":0,"texture":"#0","tintindex":0},"west":{"uv":[13.4375,3.625,13.375,4.375],"rotation":0,"texture":"#0","tintindex":0}}}],"display":{"head":{"translation":[0.0,-6.4,0.0],"rotation":[0.0,0.0,0.0],"scale":[3.8095,3.8095,3.8095]}}}