{"textures":{"0":"modelengine:entity/wasteland_shaman"},"elements":[{"name":"cube","from":[7.9500003,8.436752,4.487458],"to":[8.55,9.036753,21.28746],"rotation":{"angle":0.0,"axis":"x","origin":[7.9500003,13.836753,13.487458]},"faces":{"down":{"uv":[15.25,0.0,15.3125,3.5],"rotation":0,"texture":"#0","tintindex":0},"east":{"uv":[13.375,0.0,15.125,0.125],"rotation":0,"texture":"#0","tintindex":0},"north":{"uv":[15.9375,0.0,16.0,0.125],"rotation":0,"texture":"#0","tintindex":0},"south":{"uv":[15.9375,0.0,16.0,0.125],"rotation":0,"texture":"#0","tintindex":0},"up":{"uv":[15.3125,3.5,15.25,0.0],"rotation":0,"texture":"#0","tintindex":0},"west":{"uv":[15.125,0.0,13.375,0.125],"rotation":0,"texture":"#0","tintindex":0}}},{"name":"cube","from":[7.9500003,-6.721322,-0.31771493],"to":[8.55,-6.1213217,2.682285],"rotation":{"angle":45.0,"axis":"x","origin":[7.9500003,-1.3213215,21.882286]},"faces":{"down":{"uv":[15.9375,0.625,16.0,0.0],"rotation":0,"texture":"#0","tintindex":0},"east":{"uv":[15.6875,0.0,16.0,0.125],"rotation":0,"texture":"#0","tintindex":0},"north":{"uv":[8.0,0.0,8.0625,0.125],"rotation":0,"texture":"#0","tintindex":0},"south":{"uv":[8.0,0.0,8.0625,0.125],"rotation":0,"texture":"#0","tintindex":0},"up":{"uv":[15.9375,0.0,16.0,0.625],"rotation":0,"texture":"#0","tintindex":0},"west":{"uv":[16.0,0.0,15.6875,0.125],"rotation":0,"texture":"#0","tintindex":0}}},{"name":"cube","from":[7.9500003,26.79554,-13.98462],"to":[8.55,27.395542,-7.98462],"rotation":{"angle":-45.0,"axis":"x","origin":[7.9500003,32.19554,17.215382]},"faces":{"down":{"uv":[15.9375,0.0,16.0,1.25],"rotation":0,"texture":"#0","tintindex":0},"east":{"uv":[15.375,0.0,16.0,0.125],"rotation":0,"texture":"#0","tintindex":0},"north":{"uv":[15.9375,0.0,16.0,0.125],"rotation":0,"texture":"#0","tintindex":0},"south":{"uv":[15.9375,0.0,16.0,0.125],"rotation":0,"texture":"#0","tintindex":0},"up":{"uv":[15.9375,0.0,16.0,1.25],"rotation":0,"texture":"#0","tintindex":0},"west":{"uv":[15.375,0.0,16.0,0.125],"rotation":0,"texture":"#0","tintindex":0}}},{"name":"cube","from":[7.9500003,-16.0,-2.353754],"to":[8.55,-15.400002,3.6462462],"rotation":{"angle":45.0,"axis":"x","origin":[7.9500003,0.799999,28.246246]},"faces":{"down":{"uv":[15.9375,1.25,16.0,0.0],"rotation":0,"texture":"#0","tintindex":0},"east":{"uv":[15.375,0.0,16.0,0.125],"rotation":0,"texture":"#0","tintindex":0},"north":{"uv":[8.0,0.0,8.0625,0.125],"rotation":0,"texture":"#0","tintindex":0},"south":{"uv":[8.0,0.0,8.0625,0.125],"rotation":0,"texture":"#0","tintindex":0},"up":{"uv":[15.9375,0.0,16.0,1.25],"rotation":0,"texture":"#0","tintindex":0},"west":{"uv":[16.0,0.0,15.375,0.125],"rotation":0,"texture":"#0","tintindex":0}}},{"name":"cube","from":[7.9500003,-14.521321,-11.717715],"to":[8.55,-9.121322,-6.3177156],"rotation":{"angle":45.0,"axis":"x","origin":[7.9500003,-1.3213215,21.882286]},"faces":{"down":{"uv":[13.3125,1.375,13.375,2.5],"rotation":0,"texture":"#0","tintindex":0},"east":{"uv":[13.3125,1.375,13.875,2.5],"rotation":0,"texture":"#0","tintindex":0},"north":{"uv":[13.3125,1.375,13.375,2.5],"rotation":0,"texture":"#0","tintindex":0},"south":{"uv":[13.3125,1.375,13.375,2.5],"rotation":0,"texture":"#0","tintindex":0},"up":{"uv":[13.3125,1.375,13.375,2.5],"rotation":0,"texture":"#0","tintindex":0},"west":{"uv":[13.3125,1.375,13.875,2.5],"rotation":0,"texture":"#0","tintindex":0}}},{"name":"cube","from":[7.9500003,-13.921323,-6.3177156],"to":[8.55,-9.721322,-5.7177153],"rotation":{"angle":45.0,"axis":"x","origin":[7.9500003,-1.3213215,21.882286]},"faces":{"down":{"uv":[13.75,1.375,13.8125,1.5],"rotation":0,"texture":"#0","tintindex":0},"east":{"uv":[13.875,1.5,13.9375,2.375],"rotation":0,"texture":"#0","tintindex":0},"north":{"uv":[8.0,0.0,8.0625,0.875],"rotation":0,"texture":"#0","tintindex":0},"south":{"uv":[13.875,1.5,13.9375,2.375],"rotation":0,"texture":"#0","tintindex":0},"up":{"uv":[13.25,2.0,13.3125,2.125],"rotation":0,"texture":"#0","tintindex":0},"west":{"uv":[13.875,1.5,13.9375,2.375],"rotation":0,"texture":"#0","tintindex":0}}},{"name":"cube","from":[7.9500003,-13.921323,-12.317716],"to":[8.55,-9.721322,-11.717715],"rotation":{"angle":45.0,"axis":"x","origin":[7.9500003,-1.3213215,21.882286]},"faces":{"down":{"uv":[13.25,1.5,13.3125,1.625],"rotation":0,"texture":"#0","tintindex":0},"east":{"uv":[13.25,1.5,13.3125,2.375],"rotation":0,"texture":"#0","tintindex":0},"north":{"uv":[13.25,1.5,13.3125,2.375],"rotation":0,"texture":"#0","tintindex":0},"south":{"uv":[8.0,0.0,8.0625,0.875],"rotation":0,"texture":"#0","tintindex":0},"up":{"uv":[13.875,2.125,13.9375,2.25],"rotation":0,"texture":"#0","tintindex":0},"west":{"uv":[13.25,1.5,13.3125,2.375],"rotation":0,"texture":"#0","tintindex":0}}},{"name":"cube","from":[7.9500003,-15.121322,-11.117716],"to":[8.55,-14.521321,-6.917715],"rotation":{"angle":45.0,"axis":"x","origin":[7.9500003,-1.3213215,21.882286]},"faces":{"down":{"uv":[13.25,1.5,13.3125,2.375],"rotation":0,"texture":"#0","tintindex":0},"east":{"uv":[13.375,1.25,13.8125,1.375],"rotation":0,"texture":"#0","tintindex":0},"north":{"uv":[13.3125,1.375,13.375,1.5],"rotation":0,"texture":"#0","tintindex":0},"south":{"uv":[13.75,1.375,13.8125,1.5],"rotation":0,"texture":"#0","tintindex":0},"up":{"uv":[8.0,0.0,8.0625,0.875],"rotation":0,"texture":"#0","tintindex":0},"west":{"uv":[13.375,1.25,13.8125,1.375],"rotation":0,"texture":"#0","tintindex":0}}},{"name":"cube","from":[7.9500003,-9.121322,-11.117716],"to":[8.55,-8.521322,-6.917715],"rotation":{"angle":45.0,"axis":"x","origin":[7.9500003,-1.3213215,21.882286]},"faces":{"down":{"uv":[8.0,0.0,8.0625,0.875],"rotation":0,"texture":"#0","tintindex":0},"east":{"uv":[13.375,2.5,13.8125,2.625],"rotation":0,"texture":"#0","tintindex":0},"north":{"uv":[13.25,1.75,13.3125,1.875],"rotation":0,"texture":"#0","tintindex":0},"south":{"uv":[13.25,1.875,13.3125,2.0],"rotation":0,"texture":"#0","tintindex":0},"up":{"uv":[13.25,1.5,13.3125,2.375],"rotation":0,"texture":"#0","tintindex":0},"west":{"uv":[13.375,2.5,13.8125,2.625],"rotation":0,"texture":"#0","tintindex":0}}},{"name":"cube","from":[7.3500004,-12.721322,-5.117715],"to":[9.15,-10.921322,-4.517715],"rotation":{"angle":45.0,"axis":"x","origin":[7.9500003,-1.3213215,21.882286]},"faces":{"down":{"uv":[14.5,0.75,14.6875,0.875],"rotation":0,"texture":"#0","tintindex":0},"east":{"uv":[14.4375,0.5,14.5,0.875],"rotation":0,"texture":"#0","tintindex":0},"north":{"uv":[14.4375,0.875,14.625,1.25],"rotation":0,"texture":"#0","tintindex":0},"south":{"uv":[14.4375,0.875,14.625,1.25],"rotation":0,"texture":"#0","tintindex":0},"up":{"uv":[14.4375,0.75,14.625,0.875],"rotation":0,"texture":"#0","tintindex":0},"west":{"uv":[14.4375,0.5,14.5,0.875],"rotation":0,"texture":"#0","tintindex":0}}}],"display":{"head":{"translation":[0.0,-8.78204,0.0],"rotation":[0.0,0.0,0.0],"scale":[3.8095,3.8095,3.8095]}}}