{"display":{"head":{"rotation":[0.0,0.0,0.0],"scale":[3.8095,3.8095,3.8095],"translation":[0.0,-8.78204,0.0]}},"elements":[{"faces":{"down":{"rotation":0,"texture":"#0","tintindex":0,"uv":[15.25,0.0,15.3125,3.5]},"east":{"rotation":0,"texture":"#0","tintindex":0,"uv":[13.375,0.0,15.125,0.125]},"north":{"rotation":0,"texture":"#0","tintindex":0,"uv":[15.9375,0.0,16.0,0.125]},"south":{"rotation":0,"texture":"#0","tintindex":0,"uv":[15.9375,0.0,16.0,0.125]},"up":{"rotation":0,"texture":"#0","tintindex":0,"uv":[15.3125,3.5,15.25,0.0]},"west":{"rotation":0,"texture":"#0","tintindex":0,"uv":[15.125,0.0,13.375,0.125]}},"from":[7.9500003,8.436752,4.487458],"name":"cube","rotation":{"angle":0.0,"axis":"x","origin":[7.9500003,13.836753,13.487458]},"to":[8.55,9.036753,21.28746]},{"faces":{"down":{"rotation":0,"texture":"#0","tintindex":0,"uv":[15.9375,0.625,16.0,0.0]},"east":{"rotation":0,"texture":"#0","tintindex":0,"uv":[15.6875,0.0,16.0,0.125]},"north":{"rotation":0,"texture":"#0","tintindex":0,"uv":[8.0,0.0,8.0625,0.125]},"south":{"rotation":0,"texture":"#0","tintindex":0,"uv":[8.0,0.0,8.0625,0.125]},"up":{"rotation":0,"texture":"#0","tintindex":0,"uv":[15.9375,0.0,16.0,0.625]},"west":{"rotation":0,"texture":"#0","tintindex":0,"uv":[16.0,0.0,15.6875,0.125]}},"from":[7.9500003,-6.721322,-0.31771493],"name":"cube","rotation":{"angle":45.0,"axis":"x","origin":[7.9500003,-1.3213215,21.882286]},"to":[8.55,-6.1213217,2.682285]},{"faces":{"down":{"rotation":0,"texture":"#0","tintindex":0,"uv":[15.9375,0.0,16.0,1.25]},"east":{"rotation":0,"texture":"#0","tintindex":0,"uv":[15.375,0.0,16.0,0.125]},"north":{"rotation":0,"texture":"#0","tintindex":0,"uv":[15.9375,0.0,16.0,0.125]},"south":{"rotation":0,"texture":"#0","tintindex":0,"uv":[15.9375,0.0,16.0,0.125]},"up":{"rotation":0,"texture":"#0","tintindex":0,"uv":[15.9375,0.0,16.0,1.25]},"west":{"rotation":0,"texture":"#0","tintindex":0,"uv":[15.375,0.0,16.0,0.125]}},"from":[7.9500003,26.79554,-13.98462],"name":"cube","rotation":{"angle":-45.0,"axis":"x","origin":[7.9500003,32.19554,17.215382]},"to":[8.55,27.395542,-7.98462]},{"faces":{"down":{"rotation":0,"texture":"#0","tintindex":0,"uv":[15.9375,1.25,16.0,0.0]},"east":{"rotation":0,"texture":"#0","tintindex":0,"uv":[15.375,0.0,16.0,0.125]},"north":{"rotation":0,"texture":"#0","tintindex":0,"uv":[8.0,0.0,8.0625,0.125]},"south":{"rotation":0,"texture":"#0","tintindex":0,"uv":[8.0,0.0,8.0625,0.125]},"up":{"rotation":0,"texture":"#0","tintindex":0,"uv":[15.9375,0.0,16.0,1.25]},"west":{"rotation":0,"texture":"#0","tintindex":0,"uv":[16.0,0.0,15.375,0.125]}},"from":[7.9500003,-16.0,-2.353754],"name":"cube","rotation":{"angle":45.0,"axis":"x","origin":[7.9500003,0.799999,28.246246]},"to":[8.55,-15.400002,3.6462462]},{"faces":{"down":{"rotation":0,"texture":"#0","tintindex":0,"uv":[13.3125,1.375,13.375,2.5]},"east":{"rotation":0,"texture":"#0","tintindex":0,"uv":[13.3125,1.375,13.875,2.5]},"north":{"rotation":0,"texture":"#0","tintindex":0,"uv":[13.3125,1.375,13.375,2.5]},"south":{"rotation":0,"texture":"#0","tintindex":0,"uv":[13.3125,1.375,13.375,2.5]},"up":{"rotation":0,"texture":"#0","tintindex":0,"uv":[13.3125,1.375,13.375,2.5]},"west":{"rotation":0,"texture":"#0","tintindex":0,"uv":[13.3125,1.375,13.875,2.5]}},"from":[7.9500003,-14.521321,-11.717715],"name":"cube","rotation":{"angle":45.0,"axis":"x","origin":[7.9500003,-1.3213215,21.882286]},"to":[8.55,-9.121322,-6.3177156]},{"faces":{"down":{"rotation":0,"texture":"#0","tintindex":0,"uv":[13.75,1.375,13.8125,1.5]},"east":{"rotation":0,"texture":"#0","tintindex":0,"uv":[13.875,1.5,13.9375,2.375]},"north":{"rotation":0,"texture":"#0","tintindex":0,"uv":[8.0,0.0,8.0625,0.875]},"south":{"rotation":0,"texture":"#0","tintindex":0,"uv":[13.875,1.5,13.9375,2.375]},"up":{"rotation":0,"texture":"#0","tintindex":0,"uv":[13.25,2.0,13.3125,2.125]},"west":{"rotation":0,"texture":"#0","tintindex":0,"uv":[13.875,1.5,13.9375,2.375]}},"from":[7.9500003,-13.921323,-6.3177156],"name":"cube","rotation":{"angle":45.0,"axis":"x","origin":[7.9500003,-1.3213215,21.882286]},"to":[8.55,-9.721322,-5.7177153]},{"faces":{"down":{"rotation":0,"texture":"#0","tintindex":0,"uv":[13.25,1.5,13.3125,1.625]},"east":{"rotation":0,"texture":"#0","tintindex":0,"uv":[13.25,1.5,13.3125,2.375]},"north":{"rotation":0,"texture":"#0","tintindex":0,"uv":[13.25,1.5,13.3125,2.375]},"south":{"rotation":0,"texture":"#0","tintindex":0,"uv":[8.0,0.0,8.0625,0.875]},"up":{"rotation":0,"texture":"#0","tintindex":0,"uv":[13.875,2.125,13.9375,2.25]},"west":{"rotation":0,"texture":"#0","tintindex":0,"uv":[13.25,1.5,13.3125,2.375]}},"from":[7.9500003,-13.921323,-12.317716],"name":"cube","rotation":{"angle":45.0,"axis":"x","origin":[7.9500003,-1.3213215,21.882286]},"to":[8.55,-9.721322,-11.717715]},{"faces":{"down":{"rotation":0,"texture":"#0","tintindex":0,"uv":[13.25,1.5,13.3125,2.375]},"east":{"rotation":0,"texture":"#0","tintindex":0,"uv":[13.375,1.25,13.8125,1.375]},"north":{"rotation":0,"texture":"#0","tintindex":0,"uv":[13.3125,1.375,13.375,1.5]},"south":{"rotation":0,"texture":"#0","tintindex":0,"uv":[13.75,1.375,13.8125,1.5]},"up":{"rotation":0,"texture":"#0","tintindex":0,"uv":[8.0,0.0,8.0625,0.875]},"west":{"rotation":0,"texture":"#0","tintindex":0,"uv":[13.375,1.25,13.8125,1.375]}},"from":[7.9500003,-15.121322,-11.117716],"name":"cube","rotation":{"angle":45.0,"axis":"x","origin":[7.9500003,-1.3213215,21.882286]},"to":[8.55,-14.521321,-6.917715]},{"faces":{"down":{"rotation":0,"texture":"#0","tintindex":0,"uv":[8.0,0.0,8.0625,0.875]},"east":{"rotation":0,"texture":"#0","tintindex":0,"uv":[13.375,2.5,13.8125,2.625]},"north":{"rotation":0,"texture":"#0","tintindex":0,"uv":[13.25,1.75,13.3125,1.875]},"south":{"rotation":0,"texture":"#0","tintindex":0,"uv":[13.25,1.875,13.3125,2.0]},"up":{"rotation":0,"texture":"#0","tintindex":0,"uv":[13.25,1.5,13.3125,2.375]},"west":{"rotation":0,"texture":"#0","tintindex":0,"uv":[13.375,2.5,13.8125,2.625]}},"from":[7.9500003,-9.121322,-11.117716],"name":"cube","rotation":{"angle":45.0,"axis":"x","origin":[7.9500003,-1.3213215,21.882286]},"to":[8.55,-8.521322,-6.917715]},{"faces":{"down":{"rotation":0,"texture":"#0","tintindex":0,"uv":[14.5,0.75,14.6875,0.875]},"east":{"rotation":0,"texture":"#0","tintindex":0,"uv":[14.4375,0.5,14.5,0.875]},"north":{"rotation":0,"texture":"#0","tintindex":0,"uv":[14.4375,0.875,14.625,1.25]},"south":{"rotation":0,"texture":"#0","tintindex":0,"uv":[14.4375,0.875,14.625,1.25]},"up":{"rotation":0,"texture":"#0","tintindex":0,"uv":[14.4375,0.75,14.625,0.875]},"west":{"rotation":0,"texture":"#0","tintindex":0,"uv":[14.4375,0.5,14.5,0.875]}},"from":[7.3500004,-12.721322,-5.117715],"name":"cube","rotation":{"angle":45.0,"axis":"x","origin":[7.9500003,-1.3213215,21.882286]},"to":[9.15,-10.921322,-4.517715]}],"textures":{"0":"modelengine:entity/wasteland_shaman"}}