{"display":{"head":{"rotation":[0.0,0.0,0.0],"scale":[3.8095,3.8095,3.8095],"translation":[0.0,-6.4,0.0]}},"elements":[{"faces":{"down":{"rotation":0,"texture":"#0","tintindex":0,"uv":[5.8625,4.8875,4.8875,6.1125]},"east":{"rotation":0,"texture":"#0","tintindex":0,"uv":[7.1375,0.8875,8.3625,1.3625]},"north":{"rotation":0,"texture":"#0","tintindex":0,"uv":[7.3875,6.7625,8.3625,7.2375]},"south":{"rotation":0,"texture":"#0","tintindex":0,"uv":[7.3875,7.2625,8.3625,7.7375]},"up":{"rotation":0,"texture":"#0","tintindex":0,"uv":[4.8625,6.1125,3.8875,4.8875]},"west":{"rotation":0,"texture":"#0","tintindex":0,"uv":[7.1375,1.3875,8.3625,1.8625]}},"from":[3.7999997,7.7,4.7],"name":"cube","rotation":{"angle":0.0,"axis":"x","origin":[6.2,7.4,7.7]},"to":[8.6,10.1,10.700001]},{"faces":{"down":{"rotation":0,"texture":"#0","tintindex":0,"uv":[7.6125,4.8875,6.8875,5.8625]},"east":{"rotation":0,"texture":"#0","tintindex":0,"uv":[6.0125,3.7625,6.9875,4.6125]},"north":{"rotation":0,"texture":"#0","tintindex":0,"uv":[3.3875,0.8875,4.1125,1.7375]},"south":{"rotation":0,"texture":"#0","tintindex":0,"uv":[6.6375,0.0125,7.3625,0.8625]},"up":{"rotation":0,"texture":"#0","tintindex":0,"uv":[7.2375,3.2375,6.5125,2.2625]},"west":{"rotation":0,"texture":"#0","tintindex":0,"uv":[3.7625,6.1375,4.7375,6.9875]}},"from":[4.3999996,5.3,5.3],"name":"cube","rotation":{"angle":0.0,"axis":"x","origin":[6.2,7.4,7.7]},"to":[8.0,9.5,10.1]},{"faces":{"down":{"rotation":0,"texture":"#0","tintindex":0,"uv":[8.2375,3.0125,7.6375,3.7375]},"east":{"rotation":0,"texture":"#0","tintindex":0,"uv":[2.0125,5.3875,2.7375,5.9875]},"north":{"rotation":0,"texture":"#0","tintindex":0,"uv":[2.7625,8.1375,3.3625,8.7375]},"south":{"rotation":0,"texture":"#0","tintindex":0,"uv":[8.2625,3.0125,8.8625,3.6125]},"up":{"rotation":0,"texture":"#0","tintindex":0,"uv":[6.9875,8.2375,6.3875,7.5125]},"west":{"rotation":0,"texture":"#0","tintindex":0,"uv":[0.5125,7.5125,1.2375,8.1125]}},"from":[5.0,2.2999997,5.8999996],"name":"cube","rotation":{"angle":0.0,"axis":"x","origin":[6.2,3.1999998,7.7]},"to":[8.0,5.3,9.5]}],"textures":{"0":"modelengine:entity/adventurer","1":"modelengine:entity/pasted"}}