{"display":{"head":{"rotation":[0.0,0.0,0.0],"scale":[3.8095,3.8095,3.8095],"translation":[0.0,-6.4,0.0]}},"elements":[{"faces":{"down":{"rotation":0,"texture":"#0","tintindex":0,"uv":[6.8875,5.8875,7.6125,6.7375]},"east":{"rotation":0,"texture":"#0","tintindex":0,"uv":[3.7375,6.0125,2.8875,7.1125]},"north":{"rotation":0,"texture":"#0","tintindex":0,"uv":[1.6125,6.3875,0.8875,7.4875]},"south":{"rotation":0,"texture":"#0","tintindex":0,"uv":[7.1125,0.8875,6.3875,1.9875]},"up":{"rotation":0,"texture":"#0","tintindex":0,"uv":[5.6375,7.7375,6.3625,6.8875]},"west":{"rotation":0,"texture":"#0","tintindex":0,"uv":[2.8625,6.0125,2.0125,7.1125]}},"from":[6.2,2.6,4.1],"name":"cube","rotation":{"angle":0.0,"axis":"x","origin":[8.0,4.7,5.8999996]},"to":[9.8,8.0,8.3]},{"faces":{"down":{"rotation":0,"texture":"#0","tintindex":0,"uv":[7.6375,5.5125,8.1125,6.3625]},"east":{"rotation":0,"texture":"#0","tintindex":0,"uv":[9.2375,1.2625,8.3875,1.6125]},"north":{"rotation":0,"texture":"#0","tintindex":0,"uv":[8.8625,1.6375,8.3875,1.9875]},"south":{"rotation":0,"texture":"#0","tintindex":0,"uv":[8.3625,8.6375,7.8875,8.9875]},"up":{"rotation":0,"texture":"#0","tintindex":0,"uv":[5.1375,8.4875,5.6125,7.6375]},"west":{"rotation":0,"texture":"#0","tintindex":0,"uv":[9.2375,0.8875,8.3875,1.2375]}},"from":[7.4,0.7999997,4.1],"name":"cube","rotation":{"angle":0.0,"axis":"x","origin":[8.0,0.49999976,5.8999996]},"to":[9.8,2.6,8.3]},{"faces":{"down":{"rotation":0,"texture":"#0","tintindex":0,"uv":[6.1375,7.7625,6.3625,8.2375]},"east":{"rotation":0,"texture":"#0","tintindex":0,"uv":[9.2375,8.1375,8.7625,8.3625]},"north":{"rotation":0,"texture":"#0","tintindex":0,"uv":[5.1125,8.2625,4.8875,8.4875]},"south":{"rotation":0,"texture":"#0","tintindex":0,"uv":[4.1125,8.8875,3.8875,9.1125]},"up":{"rotation":0,"texture":"#0","tintindex":0,"uv":[5.3875,7.6125,5.6125,7.1375]},"west":{"rotation":0,"texture":"#0","tintindex":0,"uv":[9.2375,7.8875,8.7625,8.1125]}},"from":[6.2,1.3999997,4.1],"name":"cube","rotation":{"angle":0.0,"axis":"x","origin":[6.8,0.49999976,5.8999996]},"to":[7.4,2.6,6.5]}],"textures":{"0":"modelengine:entity/adventurer","1":"modelengine:entity/pasted"}}