{"textures":{"0":"modelengine:entity/fallenwardenlance","1":"modelengine:entity/fallenwarden1","2":"modelengine:entity/boneshadin1","3":"modelengine:entity/reditexture","4":"modelengine:entity/boneshadin1xd"},"elements":[{"name":"left arm","from":[7.1230597,7.2367716,7.1],"to":[8.923059,8.436771,8.9],"rotation":{"angle":0.0,"axis":"x","origin":[8.02306,7.836772,8.0]},"faces":{"down":{"uv":[9.121,7.754,8.754,8.121],"rotation":0,"texture":"#1","tintindex":0},"east":{"uv":[9.121,7.621,8.754,7.254],"rotation":0,"texture":"#1","tintindex":0},"north":{"uv":[9.121,7.621,8.754,7.254],"rotation":0,"texture":"#1","tintindex":0},"south":{"uv":[9.121,7.621,8.754,7.254],"rotation":0,"texture":"#1","tintindex":0},"up":{"uv":[9.121,7.621,8.754,7.254],"rotation":0,"texture":"#1","tintindex":0},"west":{"uv":[9.121,7.621,8.754,7.254],"rotation":0,"texture":"#1","tintindex":0}}},{"name":"left arm","from":[6.9730597,5.4367714,6.95],"to":[9.07306,7.2367716,9.05],"rotation":{"angle":0.0,"axis":"x","origin":[11.62306,-2.3632288,8.0]},"faces":{"down":{"uv":[7.371,5.254,6.879,5.746],"rotation":0,"texture":"#1","tintindex":0},"east":{"uv":[5.004,8.129,5.496,8.496],"rotation":0,"texture":"#1","tintindex":0},"north":{"uv":[4.379,8.129,4.871,8.496],"rotation":0,"texture":"#1","tintindex":0},"south":{"uv":[8.129,5.129,8.621,5.496],"rotation":0,"texture":"#1","tintindex":0},"up":{"uv":[5.746,7.371,5.254,6.879],"rotation":0,"texture":"#1","tintindex":0},"west":{"uv":[3.754,8.254,4.246,8.621],"rotation":0,"texture":"#1","tintindex":0}}},{"name":"left arm","from":[6.6730595,5.4367714,7.25],"to":[6.9730597,7.2367716,7.85],"rotation":{"angle":0.0,"axis":"x","origin":[11.173059,-2.3632288,8.0]},"faces":{"down":{"uv":[12.871,7.754,12.754,7.871],"rotation":0,"texture":"#1","tintindex":0},"east":{"uv":[12.004,3.254,12.121,3.621],"rotation":0,"texture":"#1","tintindex":0},"north":{"uv":[2.504,12.004,2.621,12.371],"rotation":0,"texture":"#1","tintindex":0},"south":{"uv":[3.379,12.004,3.496,12.371],"rotation":0,"texture":"#1","tintindex":0},"up":{"uv":[7.871,12.871,7.754,12.754],"rotation":0,"texture":"#1","tintindex":0},"west":{"uv":[3.629,12.004,3.746,12.371],"rotation":0,"texture":"#1","tintindex":0}}},{"name":"left arm","from":[6.9730597,6.036772,6.8599997],"to":[9.07306,6.6367717,6.95],"rotation":{"angle":0.0,"axis":"x","origin":[14.17306,5.286772,11.900001]},"faces":{"down":{"uv":[11.746,6.004,11.254,6.121],"rotation":0,"texture":"#1","tintindex":0},"east":{"uv":[12.754,12.754,12.871,12.871],"rotation":0,"texture":"#1","tintindex":0},"north":{"uv":[11.254,5.254,11.746,5.371],"rotation":0,"texture":"#1","tintindex":0},"south":{"uv":[11.254,5.504,11.746,5.621],"rotation":0,"texture":"#1","tintindex":0},"up":{"uv":[11.746,5.871,11.254,5.754],"rotation":0,"texture":"#1","tintindex":0},"west":{"uv":[0.004,12.879,0.121,12.996],"rotation":0,"texture":"#1","tintindex":0}}},{"name":"left arm","from":[6.9730597,6.036772,9.05],"to":[9.07306,6.6367717,9.139999],"rotation":{"angle":0.0,"axis":"x","origin":[14.17306,5.286772,11.900001]},"faces":{"down":{"uv":[11.871,0.879,11.379,0.996],"rotation":0,"texture":"#1","tintindex":0},"east":{"uv":[12.879,1.004,12.996,1.121],"rotation":0,"texture":"#1","tintindex":0},"north":{"uv":[11.254,10.754,11.746,10.871],"rotation":0,"texture":"#1","tintindex":0},"south":{"uv":[11.254,11.004,11.746,11.121],"rotation":0,"texture":"#1","tintindex":0},"up":{"uv":[11.746,11.371,11.254,11.254],"rotation":0,"texture":"#1","tintindex":0},"west":{"uv":[12.879,1.254,12.996,1.371],"rotation":0,"texture":"#1","tintindex":0}}},{"name":"left arm","from":[6.88306,6.036772,6.95],"to":[6.9730597,6.6367717,9.05],"rotation":{"angle":0.0,"axis":"x","origin":[8.32306,5.286772,9.950001]},"faces":{"down":{"uv":[7.371,11.254,7.254,11.746],"rotation":0,"texture":"#1","tintindex":0},"east":{"uv":[11.254,6.254,11.746,6.371],"rotation":0,"texture":"#1","tintindex":0},"north":{"uv":[0.254,12.879,0.371,12.996],"rotation":0,"texture":"#1","tintindex":0},"south":{"uv":[0.504,12.879,0.621,12.996],"rotation":0,"texture":"#1","tintindex":0},"up":{"uv":[5.996,11.746,5.879,11.254],"rotation":0,"texture":"#1","tintindex":0},"west":{"uv":[11.254,6.879,11.746,6.996],"rotation":0,"texture":"#1","tintindex":0}}},{"name":"left arm","from":[9.07306,6.036772,6.95],"to":[9.163059,6.6367717,9.05],"rotation":{"angle":0.0,"axis":"x","origin":[8.32306,5.286772,9.950001]},"faces":{"down":{"uv":[11.371,10.129,11.254,10.621],"rotation":0,"texture":"#1","tintindex":0},"east":{"uv":[11.254,7.129,11.746,7.246],"rotation":0,"texture":"#1","tintindex":0},"north":{"uv":[0.754,12.879,0.871,12.996],"rotation":0,"texture":"#1","tintindex":0},"south":{"uv":[12.879,0.754,12.996,0.871],"rotation":0,"texture":"#1","tintindex":0},"up":{"uv":[7.621,11.746,7.504,11.254],"rotation":0,"texture":"#1","tintindex":0},"west":{"uv":[11.254,8.129,11.746,8.246],"rotation":0,"texture":"#1","tintindex":0}}},{"name":"left arm","from":[6.667351,7.20807,7.25],"to":[6.967351,8.40807,7.85],"rotation":{"angle":-22.5,"axis":"z","origin":[6.7423506,7.20807,8.45]},"faces":{"down":{"uv":[9.746,12.754,9.629,12.871],"rotation":0,"texture":"#1","tintindex":0},"east":{"uv":[12.379,6.254,12.496,6.496],"rotation":0,"texture":"#1","tintindex":0},"north":{"uv":[6.254,12.379,6.371,12.621],"rotation":0,"texture":"#1","tintindex":0},"south":{"uv":[6.504,12.379,6.621,12.621],"rotation":0,"texture":"#1","tintindex":0},"up":{"uv":[9.496,12.871,9.379,12.754],"rotation":0,"texture":"#1","tintindex":0},"west":{"uv":[7.129,12.379,7.246,12.621],"rotation":0,"texture":"#1","tintindex":0}}},{"name":"left arm","from":[6.667351,7.20807,8.15],"to":[6.967351,8.40807,8.75],"rotation":{"angle":-22.5,"axis":"z","origin":[6.7423506,7.20807,8.45]},"faces":{"down":{"uv":[8.871,12.754,8.754,12.871],"rotation":0,"texture":"#1","tintindex":0},"east":{"uv":[12.379,4.754,12.496,4.996],"rotation":0,"texture":"#1","tintindex":0},"north":{"uv":[4.629,12.379,4.746,12.621],"rotation":0,"texture":"#1","tintindex":0},"south":{"uv":[5.754,12.379,5.871,12.621],"rotation":0,"texture":"#1","tintindex":0},"up":{"uv":[8.621,12.871,8.504,12.754],"rotation":0,"texture":"#1","tintindex":0},"west":{"uv":[6.004,12.379,6.121,12.621],"rotation":0,"texture":"#1","tintindex":0}}},{"name":"left arm","from":[6.6730595,5.4367714,8.15],"to":[6.9730597,7.2367716,8.75],"rotation":{"angle":0.0,"axis":"x","origin":[11.173059,-2.3632288,8.0]},"faces":{"down":{"uv":[12.871,8.254,12.754,8.371],"rotation":0,"texture":"#1","tintindex":0},"east":{"uv":[5.504,12.004,5.621,12.371],"rotation":0,"texture":"#1","tintindex":0},"north":{"uv":[3.879,12.004,3.996,12.371],"rotation":0,"texture":"#1","tintindex":0},"south":{"uv":[8.004,12.004,8.121,12.371],"rotation":0,"texture":"#1","tintindex":0},"up":{"uv":[8.121,12.871,8.004,12.754],"rotation":0,"texture":"#1","tintindex":0},"west":{"uv":[8.254,12.004,8.371,12.371],"rotation":0,"texture":"#1","tintindex":0}}},{"name":"left arm","from":[6.82306,3.0367715,6.8],"to":[9.223061,5.4367714,9.2],"rotation":{"angle":0.0,"axis":"x","origin":[11.62306,-2.3632288,8.0]},"faces":{"down":{"uv":[2.371,7.129,1.879,7.621],"rotation":0,"texture":"#1","tintindex":0},"east":{"uv":[7.004,5.879,7.496,6.371],"rotation":0,"texture":"#1","tintindex":0},"north":{"uv":[4.004,7.004,4.496,7.496],"rotation":0,"texture":"#1","tintindex":0},"south":{"uv":[7.004,6.504,7.496,6.996],"rotation":0,"texture":"#1","tintindex":0},"up":{"uv":[7.621,1.996,7.129,1.504],"rotation":0,"texture":"#1","tintindex":0},"west":{"uv":[0.004,7.129,0.496,7.621],"rotation":0,"texture":"#1","tintindex":0}}}],"display":{"head":{"translation":[0.0,-6.4,0.0],"rotation":[0.0,0.0,0.0],"scale":[3.8095,3.8095,3.8095]}}}