{"display":{"head":{"rotation":[0.0,0.0,0.0],"scale":[3.8095,3.8095,3.8095],"translation":[0.0,-6.4,0.0]}},"elements":[{"faces":{"down":{"rotation":0,"texture":"#1","tintindex":0,"uv":[6.129,0.004,6.621,0.871]},"east":{"rotation":0,"texture":"#1","tintindex":0,"uv":[10.1165,4.504,9.754,4.754]},"north":{"rotation":0,"texture":"#1","tintindex":0,"uv":[11.996,7.379,11.504,7.496]},"south":{"rotation":0,"texture":"#1","tintindex":0,"uv":[11.996,7.629,11.504,7.746]},"up":{"rotation":0,"texture":"#1","tintindex":0,"uv":[5.629,3.996,6.121,3.129]},"west":{"rotation":0,"texture":"#1","tintindex":0,"uv":[10.621,4.254,9.754,4.371]}},"from":[6.8599997,8.09822,7.6428204],"name":"left leg","rotation":{"angle":0.0,"axis":"x","origin":[8.0,14.99822,8.242821]},"to":[9.139999,9.29822,9.38282]},{"faces":{"down":{"rotation":0,"texture":"#1","tintindex":0,"uv":[9.496,9.254,9.254,9.746]},"east":{"rotation":0,"texture":"#1","tintindex":0,"uv":[11.754,0.004,12.246,0.121]},"north":{"rotation":0,"texture":"#1","tintindex":0,"uv":[12.746,10.754,12.504,10.871]},"south":{"rotation":0,"texture":"#1","tintindex":0,"uv":[11.129,12.504,11.371,12.621]},"up":{"rotation":0,"texture":"#1","tintindex":0,"uv":[8.879,9.746,9.121,9.254]},"west":{"rotation":0,"texture":"#1","tintindex":0,"uv":[2.254,11.754,2.746,11.871]}},"from":[7.4,8.09822,5.24282],"name":"left leg","rotation":{"angle":0.0,"axis":"x","origin":[8.0,14.39822,8.242821]},"to":[8.6,8.69822,7.6428204]},{"faces":{"down":{"rotation":0,"texture":"#1","tintindex":0,"uv":[4.621,11.754,4.504,12.246]},"east":{"rotation":0,"texture":"#1","tintindex":0,"uv":[11.754,2.754,12.246,2.871]},"north":{"rotation":0,"texture":"#1","tintindex":0,"uv":[12.879,9.254,12.996,9.371]},"south":{"rotation":0,"texture":"#1","tintindex":0,"uv":[12.879,9.504,12.996,9.621]},"up":{"rotation":0,"texture":"#1","tintindex":0,"uv":[0.871,12.246,0.754,11.754]},"west":{"rotation":0,"texture":"#1","tintindex":0,"uv":[3.629,11.754,4.121,11.871]}},"from":[8.235736,7.79822,5.24882],"name":"left leg","rotation":{"angle":-45.0,"axis":"z","origin":[8.775736,8.09822,6.13682]},"to":[9.075736,8.39822,7.64882]},{"faces":{"down":{"rotation":0,"texture":"#1","tintindex":0,"uv":[3.871,6.129,3.379,6.996]},"east":{"rotation":0,"texture":"#1","tintindex":0,"uv":[9.629,9.754,10.496,9.871]},"north":{"rotation":0,"texture":"#1","tintindex":0,"uv":[11.629,8.754,12.121,8.871]},"south":{"rotation":0,"texture":"#1","tintindex":0,"uv":[11.629,9.004,12.121,9.121]},"up":{"rotation":0,"texture":"#1","tintindex":0,"uv":[3.246,6.996,2.754,6.129]},"west":{"rotation":0,"texture":"#1","tintindex":0,"uv":[9.879,0.004,10.746,0.121]}},"from":[6.8,7.49822,5.24282],"name":"left leg","rotation":{"angle":0.0,"axis":"x","origin":[8.0,14.39822,8.242821]},"to":[9.2,8.09822,9.44282]},{"faces":{"down":{"rotation":0,"texture":"#1","tintindex":0,"uv":[10.996,12.504,10.754,12.621]},"east":{"rotation":0,"texture":"#1","tintindex":0,"uv":[12.879,8.504,12.996,8.621]},"north":{"rotation":0,"texture":"#1","tintindex":0,"uv":[9.871,12.504,9.629,12.621]},"south":{"rotation":0,"texture":"#1","tintindex":0,"uv":[10.004,12.504,10.246,12.621]},"up":{"rotation":0,"texture":"#1","tintindex":0,"uv":[10.621,12.621,10.379,12.504]},"west":{"rotation":0,"texture":"#1","tintindex":0,"uv":[12.879,8.754,12.996,8.871]}},"from":[7.403,7.7797136,4.76668],"name":"left leg","rotation":{"angle":45.0,"axis":"x","origin":[8.0,8.079714,5.06668]},"to":[8.597,8.634714,5.36668]},{"faces":{"down":{"rotation":0,"texture":"#1","tintindex":0,"uv":[12.746,9.379,12.504,9.496]},"east":{"rotation":0,"texture":"#1","tintindex":0,"uv":[12.879,8.004,12.996,8.121]},"north":{"rotation":0,"texture":"#1","tintindex":0,"uv":[8.121,12.504,7.879,12.621]},"south":{"rotation":0,"texture":"#1","tintindex":0,"uv":[8.754,12.504,8.996,12.621]},"up":{"rotation":0,"texture":"#1","tintindex":0,"uv":[12.746,9.246,12.504,9.129]},"west":{"rotation":0,"texture":"#1","tintindex":0,"uv":[8.254,12.879,8.371,12.996]}},"from":[7.4,7.49822,4.64282],"name":"left leg","rotation":{"angle":0.0,"axis":"x","origin":[8.0,14.39822,8.242821]},"to":[8.6,8.09822,5.24282]},{"faces":{"down":{"rotation":0,"texture":"#1","tintindex":0,"uv":[10.121,11.629,10.004,12.121]},"east":{"rotation":0,"texture":"#1","tintindex":0,"uv":[11.754,2.254,12.246,2.371]},"north":{"rotation":0,"texture":"#1","tintindex":0,"uv":[9.004,12.879,9.121,12.996]},"south":{"rotation":0,"texture":"#1","tintindex":0,"uv":[12.879,9.004,12.996,9.121]},"up":{"rotation":0,"texture":"#1","tintindex":0,"uv":[5.371,12.121,5.254,11.629]},"west":{"rotation":0,"texture":"#1","tintindex":0,"uv":[11.754,2.504,12.246,2.621]}},"from":[6.924264,7.79822,5.24882],"name":"left leg","rotation":{"angle":45.0,"axis":"z","origin":[7.224264,8.09822,6.1428204]},"to":[7.764264,8.39822,7.64882]}],"textures":{"0":"modelengine:entity/fallenwardenlance","1":"modelengine:entity/fallenwarden1","2":"modelengine:entity/boneshadin1","3":"modelengine:entity/reditexture","4":"modelengine:entity/boneshadin1xd"}}