{"display":{"head":{"rotation":[0.0,0.0,0.0],"scale":[3.8095,3.8095,3.8095],"translation":[0.0,-6.4,0.0]}},"elements":[{"faces":{"down":{"rotation":0,"texture":"#1","tintindex":0,"uv":[8.746,9.254,8.504,9.746]},"east":{"rotation":0,"texture":"#1","tintindex":0,"uv":[11.504,7.879,11.996,7.996]},"north":{"rotation":0,"texture":"#1","tintindex":0,"uv":[12.379,4.004,12.621,4.121]},"south":{"rotation":0,"texture":"#1","tintindex":0,"uv":[12.379,8.379,12.621,8.496]},"up":{"rotation":0,"texture":"#1","tintindex":0,"uv":[9.496,7.996,9.254,7.504]},"west":{"rotation":0,"texture":"#1","tintindex":0,"uv":[8.379,11.504,8.871,11.621]}},"from":[7.4,8.098202,5.242828],"name":"left leg","rotation":{"angle":0.0,"axis":"x","origin":[8.0,14.398202,8.242828]},"to":[8.6,8.698201,7.642828]},{"faces":{"down":{"rotation":0,"texture":"#1","tintindex":0,"uv":[6.621,0.004,6.129,0.871]},"east":{"rotation":0,"texture":"#1","tintindex":0,"uv":[9.754,4.254,10.621,4.371]},"north":{"rotation":0,"texture":"#1","tintindex":0,"uv":[11.504,7.379,11.996,7.496]},"south":{"rotation":0,"texture":"#1","tintindex":0,"uv":[11.504,7.629,11.996,7.746]},"up":{"rotation":0,"texture":"#1","tintindex":0,"uv":[6.121,3.996,5.629,3.129]},"west":{"rotation":0,"texture":"#1","tintindex":0,"uv":[9.754,4.504,10.621,4.621]}},"from":[6.8,7.4982014,5.242828],"name":"left leg","rotation":{"angle":0.0,"axis":"x","origin":[8.0,14.398202,8.242828]},"to":[9.2,8.098202,9.442827]},{"faces":{"down":{"rotation":0,"texture":"#1","tintindex":0,"uv":[6.621,0.004,6.129,0.871]},"east":{"rotation":0,"texture":"#1","tintindex":0,"uv":[9.754,4.254,10.621,4.371]},"north":{"rotation":0,"texture":"#1","tintindex":0,"uv":[11.504,7.379,11.996,7.496]},"south":{"rotation":0,"texture":"#1","tintindex":0,"uv":[11.504,7.629,11.996,7.746]},"up":{"rotation":0,"texture":"#1","tintindex":0,"uv":[6.121,3.996,5.629,3.129]},"west":{"rotation":0,"texture":"#1","tintindex":0,"uv":[9.754,4.504,10.1165,4.754]}},"from":[6.8599997,8.098202,7.642828],"name":"left leg","rotation":{"angle":0.0,"axis":"x","origin":[8.0,14.998202,8.242828]},"to":[9.139999,9.298201,9.382828]},{"faces":{"down":{"rotation":0,"texture":"#1","tintindex":0,"uv":[5.121,11.629,5.004,12.121]},"east":{"rotation":0,"texture":"#1","tintindex":0,"uv":[11.254,11.504,11.746,11.621]},"north":{"rotation":0,"texture":"#1","tintindex":0,"uv":[12.879,6.379,12.996,6.496]},"south":{"rotation":0,"texture":"#1","tintindex":0,"uv":[6.629,12.879,6.746,12.996]},"up":{"rotation":0,"texture":"#1","tintindex":0,"uv":[1.621,12.121,1.504,11.629]},"west":{"rotation":0,"texture":"#1","tintindex":0,"uv":[11.629,1.129,12.121,1.246]}},"from":[6.924264,7.798201,5.248828],"name":"left leg","rotation":{"angle":45.0,"axis":"z","origin":[7.224264,8.098202,6.136828]},"to":[7.764264,8.398201,7.648828]},{"faces":{"down":{"rotation":0,"texture":"#1","tintindex":0,"uv":[3.621,12.504,3.379,12.621]},"east":{"rotation":0,"texture":"#1","tintindex":0,"uv":[12.879,5.879,12.996,5.996]},"north":{"rotation":0,"texture":"#1","tintindex":0,"uv":[12.379,10.504,12.621,10.621]},"south":{"rotation":0,"texture":"#1","tintindex":0,"uv":[12.504,0.754,12.746,0.871]},"up":{"rotation":0,"texture":"#1","tintindex":0,"uv":[12.746,3.246,12.504,3.129]},"west":{"rotation":0,"texture":"#1","tintindex":0,"uv":[12.879,6.129,12.996,6.246]}},"from":[7.4,7.4982014,4.642828],"name":"left leg","rotation":{"angle":0.0,"axis":"x","origin":[8.0,14.398202,8.242828]},"to":[8.6,8.098202,5.242828]},{"faces":{"down":{"rotation":0,"texture":"#1","tintindex":0,"uv":[5.496,12.504,5.254,12.621]},"east":{"rotation":0,"texture":"#1","tintindex":0,"uv":[12.879,6.629,12.996,6.746]},"north":{"rotation":0,"texture":"#1","tintindex":0,"uv":[12.504,3.379,12.746,3.496]},"south":{"rotation":0,"texture":"#1","tintindex":0,"uv":[3.754,12.504,3.996,12.621]},"up":{"rotation":0,"texture":"#1","tintindex":0,"uv":[5.121,12.621,4.879,12.504]},"west":{"rotation":0,"texture":"#1","tintindex":0,"uv":[12.879,6.879,12.996,6.996]}},"from":[7.403,7.779695,4.766688],"name":"left leg","rotation":{"angle":45.0,"axis":"x","origin":[8.0,8.079695,5.066688]},"to":[8.597,8.634695,5.366688]},{"faces":{"down":{"rotation":0,"texture":"#1","tintindex":0,"uv":[9.371,11.504,9.254,11.996]},"east":{"rotation":0,"texture":"#1","tintindex":0,"uv":[11.504,10.129,11.996,10.246]},"north":{"rotation":0,"texture":"#1","tintindex":0,"uv":[12.879,5.379,12.996,5.496]},"south":{"rotation":0,"texture":"#1","tintindex":0,"uv":[12.879,5.629,12.996,5.746]},"up":{"rotation":0,"texture":"#1","tintindex":0,"uv":[9.121,11.996,9.004,11.504]},"west":{"rotation":0,"texture":"#1","tintindex":0,"uv":[11.504,10.379,11.996,10.496]}},"from":[8.235736,7.798201,5.248828],"name":"left leg","rotation":{"angle":-45.0,"axis":"z","origin":[8.775736,8.098202,6.142828]},"to":[9.075736,8.398201,7.648828]}],"textures":{"0":"modelengine:entity/fallenwardenlance","1":"modelengine:entity/fallenwarden1","2":"modelengine:entity/boneshadin1","3":"modelengine:entity/reditexture","4":"modelengine:entity/boneshadin1xd"}}