{"display":{"head":{"rotation":[0.0,0.0,0.0],"scale":[3.8095,3.8095,3.8095],"translation":[0.0,-6.4,0.0]}},"elements":[{"faces":{"down":{"rotation":0,"texture":"#1","tintindex":0,"uv":[9.246,6.379,8.879,6.746]},"east":{"rotation":0,"texture":"#1","tintindex":0,"uv":[9.121,7.621,8.754,7.254]},"north":{"rotation":0,"texture":"#1","tintindex":0,"uv":[9.121,7.621,8.754,7.254]},"south":{"rotation":0,"texture":"#1","tintindex":0,"uv":[9.121,7.621,8.754,7.254]},"up":{"rotation":0,"texture":"#2","tintindex":0,"uv":[0.0,0.0,6.0,4.0]},"west":{"rotation":0,"texture":"#1","tintindex":0,"uv":[9.121,7.621,8.754,7.254]}},"from":[6.47694,7.2367716,7.1],"name":"right arm","rotation":{"angle":0.0,"axis":"x","origin":[3.7769399,-2.3632288,8.0]},"to":[8.27694,8.436771,8.9]},{"faces":{"down":{"rotation":0,"texture":"#1","tintindex":0,"uv":[7.996,5.129,7.504,5.621]},"east":{"rotation":0,"texture":"#1","tintindex":0,"uv":[8.504,0.629,8.996,0.996]},"north":{"rotation":0,"texture":"#1","tintindex":0,"uv":[0.504,8.504,0.996,8.871]},"south":{"rotation":0,"texture":"#1","tintindex":0,"uv":[1.129,8.504,1.621,8.871]},"up":{"rotation":0,"texture":"#1","tintindex":0,"uv":[5.121,7.996,4.629,7.504]},"west":{"rotation":0,"texture":"#1","tintindex":0,"uv":[8.504,4.004,8.996,4.371]}},"from":[6.32694,5.4367714,6.95],"name":"right arm","rotation":{"angle":0.0,"axis":"x","origin":[3.7769399,-2.3632288,8.0]},"to":[8.42694,7.2367716,9.05]},{"faces":{"down":{"rotation":0,"texture":"#1","tintindex":0,"uv":[2.246,12.879,2.129,12.996]},"east":{"rotation":0,"texture":"#1","tintindex":0,"uv":[10.504,12.004,10.621,12.371]},"north":{"rotation":0,"texture":"#1","tintindex":0,"uv":[10.254,12.004,10.371,12.371]},"south":{"rotation":0,"texture":"#1","tintindex":0,"uv":[10.754,12.004,10.871,12.371]},"up":{"rotation":0,"texture":"#1","tintindex":0,"uv":[1.996,12.996,1.879,12.879]},"west":{"rotation":0,"texture":"#1","tintindex":0,"uv":[11.004,12.004,11.121,12.371]}},"from":[8.42694,5.4367714,7.25],"name":"right arm","rotation":{"angle":0.0,"axis":"x","origin":[4.22694,-2.3632288,8.0]},"to":[8.72694,7.2367716,7.85]},{"faces":{"down":{"rotation":0,"texture":"#1","tintindex":0,"uv":[11.871,9.254,11.379,9.371]},"east":{"rotation":0,"texture":"#1","tintindex":0,"uv":[2.379,12.879,2.496,12.996]},"north":{"rotation":0,"texture":"#1","tintindex":0,"uv":[11.379,3.254,11.871,3.371]},"south":{"rotation":0,"texture":"#1","tintindex":0,"uv":[11.379,3.504,11.871,3.621]},"up":{"rotation":0,"texture":"#1","tintindex":0,"uv":[5.496,11.496,5.004,11.379]},"west":{"rotation":0,"texture":"#1","tintindex":0,"uv":[2.629,12.879,2.746,12.996]}},"from":[6.32694,6.036772,6.8599997],"name":"right arm","rotation":{"angle":0.0,"axis":"x","origin":[1.2269399,5.286772,11.900001]},"to":[8.42694,6.6367717,6.95]},{"faces":{"down":{"rotation":0,"texture":"#1","tintindex":0,"uv":[11.996,1.754,11.504,1.871]},"east":{"rotation":0,"texture":"#1","tintindex":0,"uv":[12.879,2.629,12.996,2.746]},"north":{"rotation":0,"texture":"#1","tintindex":0,"uv":[11.379,9.504,11.871,9.621]},"south":{"rotation":0,"texture":"#1","tintindex":0,"uv":[11.504,0.254,11.996,0.371]},"up":{"rotation":0,"texture":"#1","tintindex":0,"uv":[11.996,0.621,11.504,0.504]},"west":{"rotation":0,"texture":"#1","tintindex":0,"uv":[2.879,12.879,2.996,12.996]}},"from":[6.32694,6.036772,9.05],"name":"right arm","rotation":{"angle":0.0,"axis":"x","origin":[1.2269399,5.286772,11.900001]},"to":[8.42694,6.6367717,9.139999]},{"faces":{"down":{"rotation":0,"texture":"#1","tintindex":0,"uv":[11.621,2.254,11.504,2.746]},"east":{"rotation":0,"texture":"#1","tintindex":0,"uv":[11.504,2.004,11.996,2.121]},"north":{"rotation":0,"texture":"#1","tintindex":0,"uv":[12.879,2.879,12.996,2.996]},"south":{"rotation":0,"texture":"#1","tintindex":0,"uv":[12.879,3.129,12.996,3.246]},"up":{"rotation":0,"texture":"#1","tintindex":0,"uv":[5.746,11.871,5.629,11.379]},"west":{"rotation":0,"texture":"#1","tintindex":0,"uv":[2.254,11.504,2.746,11.621]}},"from":[8.42694,6.036772,6.95],"name":"right arm","rotation":{"angle":0.0,"axis":"x","origin":[7.07694,5.286772,9.950001]},"to":[8.51694,6.6367717,9.05]},{"faces":{"down":{"rotation":0,"texture":"#1","tintindex":0,"uv":[6.996,11.504,6.879,11.996]},"east":{"rotation":0,"texture":"#1","tintindex":0,"uv":[3.629,11.504,4.121,11.621]},"north":{"rotation":0,"texture":"#1","tintindex":0,"uv":[12.879,3.379,12.996,3.496]},"south":{"rotation":0,"texture":"#1","tintindex":0,"uv":[12.879,3.629,12.996,3.746]},"up":{"rotation":0,"texture":"#1","tintindex":0,"uv":[4.371,11.996,4.254,11.504]},"west":{"rotation":0,"texture":"#1","tintindex":0,"uv":[11.504,3.754,11.996,3.871]}},"from":[6.2369404,6.036772,6.95],"name":"right arm","rotation":{"angle":0.0,"axis":"x","origin":[7.07694,5.286772,9.950001]},"to":[6.32694,6.6367717,9.05]},{"faces":{"down":{"rotation":0,"texture":"#1","tintindex":0,"uv":[12.996,4.129,12.879,4.246]},"east":{"rotation":0,"texture":"#1","tintindex":0,"uv":[12.379,9.754,12.496,9.996]},"north":{"rotation":0,"texture":"#1","tintindex":0,"uv":[9.379,12.379,9.496,12.621]},"south":{"rotation":0,"texture":"#1","tintindex":0,"uv":[12.379,10.129,12.496,10.371]},"up":{"rotation":0,"texture":"#1","tintindex":0,"uv":[4.246,12.996,4.129,12.879]},"west":{"rotation":0,"texture":"#1","tintindex":0,"uv":[12.379,11.004,12.496,11.246]}},"from":[8.43265,7.20807,7.25],"name":"right arm","rotation":{"angle":22.5,"axis":"z","origin":[8.657649,7.20807,8.45]},"to":[8.732649,8.40807,7.85]},{"faces":{"down":{"rotation":0,"texture":"#1","tintindex":0,"uv":[12.996,4.629,12.879,4.746]},"east":{"rotation":0,"texture":"#1","tintindex":0,"uv":[11.504,12.379,11.621,12.621]},"north":{"rotation":0,"texture":"#1","tintindex":0,"uv":[12.379,11.379,12.496,11.621]},"south":{"rotation":0,"texture":"#1","tintindex":0,"uv":[12.379,11.754,12.496,11.996]},"up":{"rotation":0,"texture":"#1","tintindex":0,"uv":[12.996,4.496,12.879,4.379]},"west":{"rotation":0,"texture":"#1","tintindex":0,"uv":[12.379,12.129,12.496,12.371]}},"from":[8.43265,7.20807,8.15],"name":"right arm","rotation":{"angle":22.5,"axis":"z","origin":[8.657649,7.20807,8.45]},"to":[8.732649,8.40807,8.75]},{"faces":{"down":{"rotation":0,"texture":"#1","tintindex":0,"uv":[12.996,5.129,12.879,5.246]},"east":{"rotation":0,"texture":"#1","tintindex":0,"uv":[12.129,0.254,12.246,0.621]},"north":{"rotation":0,"texture":"#1","tintindex":0,"uv":[11.254,12.004,11.371,12.371]},"south":{"rotation":0,"texture":"#1","tintindex":0,"uv":[12.129,1.629,12.246,1.996]},"up":{"rotation":0,"texture":"#1","tintindex":0,"uv":[12.996,4.996,12.879,4.879]},"west":{"rotation":0,"texture":"#1","tintindex":0,"uv":[12.129,3.754,12.246,4.121]}},"from":[8.42694,5.4367714,8.15],"name":"right arm","rotation":{"angle":0.0,"axis":"x","origin":[4.22694,-2.3632288,8.0]},"to":[8.72694,7.2367716,8.75]}],"textures":{"0":"modelengine:entity/fallenwardenlance","1":"modelengine:entity/fallenwarden1","2":"modelengine:entity/boneshadin1","3":"modelengine:entity/reditexture","4":"modelengine:entity/boneshadin1xd"}}