{"textures":{"0":"modelengine:entity/nocsy_pikachu_mouse","1":"modelengine:entity/nocsy_pikachu_cheeks","2":"modelengine:entity/nocsy_pikachu_full"},"elements":[{"name":"cube","from":[7.389305,8.371843,6.7502136],"to":[8.252825,10.986403,7.613734],"rotation":{"angle":0.0,"axis":"x","origin":[10.097418,-2.184173,7.181974]},"faces":{"down":{"uv":[10.875,13.0,10.5,13.375],"rotation":0,"texture":"#2","tintindex":0},"east":{"uv":[0.75,12.0,1.125,13.125],"rotation":0,"texture":"#2","tintindex":0},"north":{"uv":[11.75,11.75,12.125,12.875],"rotation":0,"texture":"#2","tintindex":0},"south":{"uv":[1.25,12.0,1.625,13.125],"rotation":0,"texture":"#2","tintindex":0},"up":{"uv":[10.375,13.375,10.0,13.0],"rotation":0,"texture":"#2","tintindex":0},"west":{"uv":[1.75,12.0,2.125,13.125],"rotation":0,"texture":"#2","tintindex":0}}},{"name":"cube","from":[7.760216,5.8425946,6.749029],"to":[8.626106,8.459524,7.6149187],"rotation":{"angle":22.5,"axis":"z","origin":[7.821065,7.4903235,7.181974]},"faces":{"down":{"uv":[11.875,13.0,11.5,13.375],"rotation":0,"texture":"#2","tintindex":0},"east":{"uv":[2.75,12.0,3.125,13.125],"rotation":0,"texture":"#2","tintindex":0},"north":{"uv":[2.25,12.0,2.625,13.125],"rotation":0,"texture":"#2","tintindex":0},"south":{"uv":[3.25,12.0,3.625,13.125],"rotation":0,"texture":"#2","tintindex":0},"up":{"uv":[11.375,13.375,11.0,13.0],"rotation":0,"texture":"#2","tintindex":0},"west":{"uv":[3.75,12.0,4.125,13.125],"rotation":0,"texture":"#2","tintindex":0}}},{"name":"cube","from":[7.821065,10.8173,6.744214],"to":[8.477705,11.430164,7.619734],"rotation":{"angle":-45.0,"axis":"z","origin":[7.821065,11.430164,6.9630938]},"faces":{"down":{"uv":[11.75,3.25,11.5,3.625],"rotation":0,"texture":"#2","tintindex":0},"east":{"uv":[2.0,13.25,2.375,13.5],"rotation":0,"texture":"#2","tintindex":0},"north":{"uv":[12.25,4.25,12.5,4.5],"rotation":0,"texture":"#2","tintindex":0},"south":{"uv":[8.0,12.25,8.25,12.5],"rotation":0,"texture":"#2","tintindex":0},"up":{"uv":[11.75,3.125,11.5,2.75],"rotation":0,"texture":"#2","tintindex":0},"west":{"uv":[2.5,13.25,2.875,13.5],"rotation":0,"texture":"#2","tintindex":0}}},{"name":"cube","from":[8.219427,8.972141,6.7485914],"to":[9.086191,11.152185,7.6153564],"rotation":{"angle":22.5,"axis":"z","origin":[9.134344,9.022484,6.9630938]},"faces":{"down":{"uv":[0.875,13.25,0.5,13.625],"rotation":0,"texture":"#2","tintindex":0},"east":{"uv":[12.25,2.75,12.625,3.625],"rotation":0,"texture":"#2","tintindex":0},"north":{"uv":[12.25,1.75,12.625,2.625],"rotation":0,"texture":"#2","tintindex":0},"south":{"uv":[6.5,12.25,6.875,13.125],"rotation":0,"texture":"#2","tintindex":0},"up":{"uv":[0.375,13.625,0.0,13.25],"rotation":0,"texture":"#2","tintindex":0},"west":{"uv":[7.0,12.25,7.375,13.125],"rotation":0,"texture":"#2","tintindex":0}}},{"name":"cube","from":[8.20364,6.783778,6.749029],"to":[9.12953,8.962948,7.6149187],"rotation":{"angle":0.0,"axis":"x","origin":[9.134344,9.022484,6.9630938]},"faces":{"down":{"uv":[1.875,13.25,1.5,13.625],"rotation":0,"texture":"#2","tintindex":0},"east":{"uv":[12.25,8.5,12.625,9.375],"rotation":0,"texture":"#2","tintindex":0},"north":{"uv":[7.5,12.25,7.875,13.125],"rotation":0,"texture":"#2","tintindex":0},"south":{"uv":[12.25,11.25,12.625,12.125],"rotation":0,"texture":"#2","tintindex":0},"up":{"uv":[1.375,13.625,1.0,13.25],"rotation":0,"texture":"#2","tintindex":0},"west":{"uv":[12.25,12.25,12.625,13.125],"rotation":0,"texture":"#2","tintindex":0}}}],"display":{"head":{"translation":[0.0,-6.4,0.0],"rotation":[0.0,0.0,0.0],"scale":[3.8095,3.8095,3.8095]}}}