{"textures":{"0":"modelengine:entity/nocsy_pikachu_mouse","1":"modelengine:entity/nocsy_pikachu_cheeks","2":"modelengine:entity/nocsy_pikachu_full"},"elements":[{"name":"cube","from":[7.747175,8.371843,6.7502136],"to":[8.610695,10.986403,7.613734],"rotation":{"angle":0.0,"axis":"x","origin":[5.902583,-2.184173,7.181974]},"faces":{"down":{"uv":[5.375,13.0,5.0,13.375],"rotation":0,"texture":"#2","tintindex":0},"east":{"uv":[11.75,2.0,12.125,3.125],"rotation":0,"texture":"#2","tintindex":0},"north":{"uv":[11.75,0.75,12.125,1.875],"rotation":0,"texture":"#2","tintindex":0},"south":{"uv":[11.75,3.25,12.125,4.375],"rotation":0,"texture":"#2","tintindex":0},"up":{"uv":[13.375,3.875,13.0,3.5],"rotation":0,"texture":"#2","tintindex":0},"west":{"uv":[8.25,11.75,8.625,12.875],"rotation":0,"texture":"#2","tintindex":0}}},{"name":"cube","from":[7.3738947,5.8425946,6.749029],"to":[8.239784,8.459524,7.6149187],"rotation":{"angle":-22.5,"axis":"z","origin":[8.178935,7.4903235,7.181974]},"faces":{"down":{"uv":[6.375,13.0,6.0,13.375],"rotation":0,"texture":"#2","tintindex":0},"east":{"uv":[8.75,11.75,9.125,12.875],"rotation":0,"texture":"#2","tintindex":0},"north":{"uv":[11.75,8.5,12.125,9.625],"rotation":0,"texture":"#2","tintindex":0},"south":{"uv":[9.25,11.75,9.625,12.875],"rotation":0,"texture":"#2","tintindex":0},"up":{"uv":[5.875,13.375,5.5,13.0],"rotation":0,"texture":"#2","tintindex":0},"west":{"uv":[11.25,11.75,11.625,12.875],"rotation":0,"texture":"#2","tintindex":0}}},{"name":"cube","from":[7.522295,10.8173,6.744214],"to":[8.178935,11.430164,7.619734],"rotation":{"angle":45.0,"axis":"z","origin":[8.178935,11.430164,6.9630938]},"faces":{"down":{"uv":[7.5,10.25,7.25,10.625],"rotation":0,"texture":"#2","tintindex":0},"east":{"uv":[12.75,9.5,13.125,9.75],"rotation":0,"texture":"#2","tintindex":0},"north":{"uv":[12.0,11.5,12.25,11.75],"rotation":0,"texture":"#2","tintindex":0},"south":{"uv":[0.5,12.25,0.75,12.5],"rotation":0,"texture":"#2","tintindex":0},"up":{"uv":[7.5,10.125,7.25,9.75],"rotation":0,"texture":"#2","tintindex":0},"west":{"uv":[13.0,4.0,13.375,4.25],"rotation":0,"texture":"#2","tintindex":0}}},{"name":"cube","from":[6.913809,8.972141,6.7485914],"to":[7.7805734,11.152185,7.6153564],"rotation":{"angle":-22.5,"axis":"z","origin":[6.865655,9.022484,6.9630938]},"faces":{"down":{"uv":[8.875,13.0,8.5,13.375],"rotation":0,"texture":"#2","tintindex":0},"east":{"uv":[12.0,6.5,12.375,7.375],"rotation":0,"texture":"#2","tintindex":0},"north":{"uv":[6.0,12.0,6.375,12.875],"rotation":0,"texture":"#2","tintindex":0},"south":{"uv":[9.75,12.0,10.125,12.875],"rotation":0,"texture":"#2","tintindex":0},"up":{"uv":[8.375,13.375,8.0,13.0],"rotation":0,"texture":"#2","tintindex":0},"west":{"uv":[10.25,12.0,10.625,12.875],"rotation":0,"texture":"#2","tintindex":0}}},{"name":"cube","from":[6.87047,6.783778,6.749029],"to":[7.79636,8.962948,7.6149187],"rotation":{"angle":0.0,"axis":"x","origin":[6.865655,9.022484,6.9630938]},"faces":{"down":{"uv":[9.875,13.0,9.5,13.375],"rotation":0,"texture":"#2","tintindex":0},"east":{"uv":[10.75,12.0,11.125,12.875],"rotation":0,"texture":"#2","tintindex":0},"north":{"uv":[12.0,10.25,12.375,11.125],"rotation":0,"texture":"#2","tintindex":0},"south":{"uv":[0.0,12.25,0.375,13.125],"rotation":0,"texture":"#2","tintindex":0},"up":{"uv":[9.375,13.375,9.0,13.0],"rotation":0,"texture":"#2","tintindex":0},"west":{"uv":[12.25,0.75,12.625,1.625],"rotation":0,"texture":"#2","tintindex":0}}}],"display":{"head":{"translation":[0.0,-6.4,0.0],"rotation":[0.0,0.0,0.0],"scale":[3.8095,3.8095,3.8095]}}}