{"display":{"head":{"rotation":[0.0,0.0,0.0],"scale":[3.8095,3.8095,3.8095],"translation":[0.0,-6.4,0.0]}},"elements":[{"faces":{"down":{"rotation":0,"texture":"#2","tintindex":0,"uv":[5.375,13.0,5.0,13.375]},"east":{"rotation":0,"texture":"#2","tintindex":0,"uv":[11.75,2.0,12.125,3.125]},"north":{"rotation":0,"texture":"#2","tintindex":0,"uv":[11.75,0.75,12.125,1.875]},"south":{"rotation":0,"texture":"#2","tintindex":0,"uv":[11.75,3.25,12.125,4.375]},"up":{"rotation":0,"texture":"#2","tintindex":0,"uv":[13.375,3.875,13.0,3.5]},"west":{"rotation":0,"texture":"#2","tintindex":0,"uv":[8.25,11.75,8.625,12.875]}},"from":[7.747175,8.371843,6.7502136],"name":"cube","rotation":{"angle":0.0,"axis":"x","origin":[5.902583,-2.184173,7.181974]},"to":[8.610695,10.986403,7.613734]},{"faces":{"down":{"rotation":0,"texture":"#2","tintindex":0,"uv":[6.375,13.0,6.0,13.375]},"east":{"rotation":0,"texture":"#2","tintindex":0,"uv":[8.75,11.75,9.125,12.875]},"north":{"rotation":0,"texture":"#2","tintindex":0,"uv":[11.75,8.5,12.125,9.625]},"south":{"rotation":0,"texture":"#2","tintindex":0,"uv":[9.25,11.75,9.625,12.875]},"up":{"rotation":0,"texture":"#2","tintindex":0,"uv":[5.875,13.375,5.5,13.0]},"west":{"rotation":0,"texture":"#2","tintindex":0,"uv":[11.25,11.75,11.625,12.875]}},"from":[7.3738947,5.8425946,6.749029],"name":"cube","rotation":{"angle":-22.5,"axis":"z","origin":[8.178935,7.4903235,7.181974]},"to":[8.239784,8.459524,7.6149187]},{"faces":{"down":{"rotation":0,"texture":"#2","tintindex":0,"uv":[7.5,10.25,7.25,10.625]},"east":{"rotation":0,"texture":"#2","tintindex":0,"uv":[12.75,9.5,13.125,9.75]},"north":{"rotation":0,"texture":"#2","tintindex":0,"uv":[12.0,11.5,12.25,11.75]},"south":{"rotation":0,"texture":"#2","tintindex":0,"uv":[0.5,12.25,0.75,12.5]},"up":{"rotation":0,"texture":"#2","tintindex":0,"uv":[7.5,10.125,7.25,9.75]},"west":{"rotation":0,"texture":"#2","tintindex":0,"uv":[13.0,4.0,13.375,4.25]}},"from":[7.522295,10.8173,6.744214],"name":"cube","rotation":{"angle":45.0,"axis":"z","origin":[8.178935,11.430164,6.9630938]},"to":[8.178935,11.430164,7.619734]},{"faces":{"down":{"rotation":0,"texture":"#2","tintindex":0,"uv":[8.875,13.0,8.5,13.375]},"east":{"rotation":0,"texture":"#2","tintindex":0,"uv":[12.0,6.5,12.375,7.375]},"north":{"rotation":0,"texture":"#2","tintindex":0,"uv":[6.0,12.0,6.375,12.875]},"south":{"rotation":0,"texture":"#2","tintindex":0,"uv":[9.75,12.0,10.125,12.875]},"up":{"rotation":0,"texture":"#2","tintindex":0,"uv":[8.375,13.375,8.0,13.0]},"west":{"rotation":0,"texture":"#2","tintindex":0,"uv":[10.25,12.0,10.625,12.875]}},"from":[6.913809,8.972141,6.7485914],"name":"cube","rotation":{"angle":-22.5,"axis":"z","origin":[6.865655,9.022484,6.9630938]},"to":[7.7805734,11.152185,7.6153564]},{"faces":{"down":{"rotation":0,"texture":"#2","tintindex":0,"uv":[9.875,13.0,9.5,13.375]},"east":{"rotation":0,"texture":"#2","tintindex":0,"uv":[10.75,12.0,11.125,12.875]},"north":{"rotation":0,"texture":"#2","tintindex":0,"uv":[12.0,10.25,12.375,11.125]},"south":{"rotation":0,"texture":"#2","tintindex":0,"uv":[0.0,12.25,0.375,13.125]},"up":{"rotation":0,"texture":"#2","tintindex":0,"uv":[9.375,13.375,9.0,13.0]},"west":{"rotation":0,"texture":"#2","tintindex":0,"uv":[12.25,0.75,12.625,1.625]}},"from":[6.87047,6.783778,6.749029],"name":"cube","rotation":{"angle":0.0,"axis":"x","origin":[6.865655,9.022484,6.9630938]},"to":[7.79636,8.962948,7.6149187]}],"textures":{"0":"modelengine:entity/nocsy_pikachu_mouse","1":"modelengine:entity/nocsy_pikachu_cheeks","2":"modelengine:entity/nocsy_pikachu_full"}}