{"display":{"head":{"rotation":[0.0,0.0,0.0],"scale":[3.8095,3.8095,3.8095],"translation":[0.0,-6.4,0.0]}},"elements":[{"faces":{"down":{"rotation":0,"texture":"#0","tintindex":0,"uv":[11.225,6.025,10.275,7.225]},"east":{"rotation":0,"texture":"#0","tintindex":0,"uv":[10.275,0.025,11.475,0.975]},"north":{"rotation":0,"texture":"#0","tintindex":0,"uv":[10.775,2.525,11.725,3.475]},"south":{"rotation":0,"texture":"#0","tintindex":0,"uv":[7.775,10.775,8.725,11.725]},"up":{"rotation":0,"texture":"#0","tintindex":0,"uv":[11.225,5.975,10.275,4.775]},"west":{"rotation":0,"texture":"#0","tintindex":0,"uv":[10.275,3.775,11.475,4.725]}},"from":[6.7999997,3.7999997,5.3],"name":"cube","rotation":{"angle":0.0,"axis":"x","origin":[6.7999997,6.2,7.4]},"to":[9.2,6.2,8.3]},{"faces":{"down":{"rotation":0,"texture":"#0","tintindex":0,"uv":[0.475,12.025,0.025,13.225]},"east":{"rotation":0,"texture":"#0","tintindex":0,"uv":[11.775,3.025,12.975,3.475]},"north":{"rotation":0,"texture":"#0","tintindex":0,"uv":[4.025,3.525,4.475,3.975]},"south":{"rotation":0,"texture":"#0","tintindex":0,"uv":[6.025,1.525,6.475,1.975]},"up":{"rotation":0,"texture":"#0","tintindex":0,"uv":[9.475,12.975,9.025,11.775]},"west":{"rotation":0,"texture":"#0","tintindex":0,"uv":[7.775,11.775,8.975,12.225]}},"from":[6.7999997,2.6,5.3],"name":"cube","rotation":{"angle":0.0,"axis":"x","origin":[6.7999997,3.7999997,7.4]},"to":[8.0,3.7999997,8.3]},{"faces":{"down":{"rotation":0,"texture":"#0","tintindex":0,"uv":[8.975,12.275,8.525,12.975]},"east":{"rotation":0,"texture":"#0","tintindex":0,"uv":[7.775,12.275,8.475,12.725]},"north":{"rotation":0,"texture":"#0","tintindex":0,"uv":[9.775,3.775,10.225,4.225]},"south":{"rotation":0,"texture":"#0","tintindex":0,"uv":[6.775,10.025,7.225,10.475]},"up":{"rotation":0,"texture":"#0","tintindex":0,"uv":[6.475,12.975,6.025,12.275]},"west":{"rotation":0,"texture":"#0","tintindex":0,"uv":[12.275,8.275,12.975,8.725]}},"from":[8.0,2.6,5.3],"name":"cube","rotation":{"angle":0.0,"axis":"x","origin":[8.0,3.7999997,7.4]},"to":[9.2,3.7999997,7.1]},{"faces":{"down":{"rotation":0,"texture":"#0","tintindex":0,"uv":[12.225,11.525,11.525,12.475]},"east":{"rotation":0,"texture":"#0","tintindex":0,"uv":[11.525,9.025,12.475,9.725]},"north":{"rotation":0,"texture":"#0","tintindex":0,"uv":[10.275,12.025,10.975,12.725]},"south":{"rotation":0,"texture":"#0","tintindex":0,"uv":[12.275,0.025,12.975,0.725]},"up":{"rotation":0,"texture":"#0","tintindex":0,"uv":[12.225,11.475,11.525,10.525]},"west":{"rotation":0,"texture":"#0","tintindex":0,"uv":[11.525,9.775,12.475,10.475]}},"from":[7.0999994,6.2,5.6],"name":"cube","rotation":{"angle":0.0,"axis":"x","origin":[6.5,8.0,7.1]},"to":[8.9,8.0,8.0]}],"textures":{"0":"modelengine:entity/tavern"}}