{"display":{"head":{"rotation":[0.0,0.0,0.0],"scale":[3.8095,3.8095,3.8095],"translation":[0.0,-6.4,0.0]}},"elements":[{"faces":{"down":{"rotation":0,"texture":"#0","tintindex":0,"uv":[6.125,8.84375,5.9375,9.15625]},"east":{"rotation":0,"texture":"#0","tintindex":0,"uv":[9.0625,7.28125,9.375,7.40625]},"north":{"rotation":0,"texture":"#0","tintindex":0,"uv":[9.40625,0.6875,9.59375,0.8125]},"south":{"rotation":0,"texture":"#0","tintindex":0,"uv":[0.71875,9.40625,0.90625,9.53125]},"up":{"rotation":0,"texture":"#0","tintindex":0,"uv":[7.53125,9.125,7.34375,8.8125]},"west":{"rotation":0,"texture":"#0","tintindex":0,"uv":[9.0625,7.40625,9.375,7.53125]}},"from":[6.3088036,7.938753,5.3292665],"name":"cube","rotation":{"angle":0.0,"axis":"x","origin":[13.738114,1.5728914,25.210495]},"to":[9.428803,9.858752,10.849268]},{"faces":{"down":{"rotation":0,"texture":"#0","tintindex":0,"uv":[0.0,0.0,0.0,0.3125]},"east":{"rotation":0,"texture":"#0","tintindex":0,"uv":[8.84375,0.3125,9.15625,0.5]},"north":{"rotation":0,"texture":"#0","tintindex":0,"uv":[0.0,0.0,0.0,0.1875]},"south":{"rotation":0,"texture":"#0","tintindex":0,"uv":[0.0,0.0,0.0,0.1875]},"up":{"rotation":0,"texture":"#0","tintindex":0,"uv":[0.0,0.3125,0.0,0.0]},"west":{"rotation":0,"texture":"#0","tintindex":0,"uv":[8.84375,4.96875,9.15625,5.15625]}},"from":[9.490289,7.114875,5.089268],"name":"cube","rotation":{"angle":22.5,"axis":"z","origin":[13.738114,1.5728914,25.210495]},"to":[9.490289,10.714875,11.089269]}],"textures":{"0":"modelengine:entity/nocsy_dragon_saddled_version"}}