{"textures":{"0":"modelengine:entity/nocsy_dragon_saddled_version"},"elements":[{"name":"cube","from":[6.5711966,7.938753,5.3292665],"to":[9.691196,9.858752,10.849268],"rotation":{"angle":0.0,"axis":"x","origin":[2.2618852,1.5728914,25.210495]},"faces":{"down":{"uv":[8.15625,8.875,7.96875,9.1875],"rotation":0,"texture":"#0","tintindex":0},"east":{"uv":[9.0625,7.53125,9.375,7.65625],"rotation":0,"texture":"#0","tintindex":0},"north":{"uv":[9.40625,1.0625,9.59375,1.1875],"rotation":0,"texture":"#0","tintindex":0},"south":{"uv":[9.40625,1.1875,9.59375,1.3125],"rotation":0,"texture":"#0","tintindex":0},"up":{"uv":[7.28125,9.1875,7.09375,8.875],"rotation":0,"texture":"#0","tintindex":0},"west":{"uv":[8.15625,9.0625,8.46875,9.1875],"rotation":0,"texture":"#0","tintindex":0}}},{"name":"cube","from":[6.5097113,7.114875,5.089268],"to":[6.5097113,10.714875,11.089269],"rotation":{"angle":-22.5,"axis":"z","origin":[2.2618852,1.5728914,25.210495]},"faces":{"down":{"uv":[0.0,0.0,0.0,0.3125],"rotation":0,"texture":"#0","tintindex":0},"east":{"uv":[8.15625,8.875,8.46875,9.0625],"rotation":0,"texture":"#0","tintindex":0},"north":{"uv":[0.0,0.0,0.0,0.1875],"rotation":0,"texture":"#0","tintindex":0},"south":{"uv":[0.0,0.0,0.0,0.1875],"rotation":0,"texture":"#0","tintindex":0},"up":{"uv":[0.0,0.3125,0.0,0.0],"rotation":0,"texture":"#0","tintindex":0},"west":{"uv":[8.46875,8.875,8.78125,9.0625],"rotation":0,"texture":"#0","tintindex":0}}}],"display":{"head":{"translation":[0.0,-6.4,0.0],"rotation":[0.0,0.0,0.0],"scale":[3.8095,3.8095,3.8095]}}}