{"textures":{"0":"modelengine:entity/nocsy_dragon_saddled_version"},"elements":[{"name":"cube","from":[6.3088036,7.938753,5.3292665],"to":[9.428803,9.858752,10.849268],"rotation":{"angle":0.0,"axis":"x","origin":[13.738114,1.5728914,25.210495]},"faces":{"down":{"uv":[6.125,8.84375,5.9375,9.15625],"rotation":0,"texture":"#0","tintindex":0},"east":{"uv":[9.0625,7.28125,9.375,7.40625],"rotation":0,"texture":"#0","tintindex":0},"north":{"uv":[9.40625,0.6875,9.59375,0.8125],"rotation":0,"texture":"#0","tintindex":0},"south":{"uv":[0.71875,9.40625,0.90625,9.53125],"rotation":0,"texture":"#0","tintindex":0},"up":{"uv":[7.53125,9.125,7.34375,8.8125],"rotation":0,"texture":"#0","tintindex":0},"west":{"uv":[9.0625,7.40625,9.375,7.53125],"rotation":0,"texture":"#0","tintindex":0}}},{"name":"cube","from":[9.490289,7.114875,5.089268],"to":[9.490289,10.714875,11.089269],"rotation":{"angle":22.5,"axis":"z","origin":[13.738114,1.5728914,25.210495]},"faces":{"down":{"uv":[0.0,0.0,0.0,0.3125],"rotation":0,"texture":"#0","tintindex":0},"east":{"uv":[8.84375,0.3125,9.15625,0.5],"rotation":0,"texture":"#0","tintindex":0},"north":{"uv":[0.0,0.0,0.0,0.1875],"rotation":0,"texture":"#0","tintindex":0},"south":{"uv":[0.0,0.0,0.0,0.1875],"rotation":0,"texture":"#0","tintindex":0},"up":{"uv":[0.0,0.3125,0.0,0.0],"rotation":0,"texture":"#0","tintindex":0},"west":{"uv":[8.84375,4.96875,9.15625,5.15625],"rotation":0,"texture":"#0","tintindex":0}}}],"display":{"head":{"translation":[0.0,-6.4,0.0],"rotation":[0.0,0.0,0.0],"scale":[3.8095,3.8095,3.8095]}}}