{"display":{"head":{"rotation":[0.0,0.0,0.0],"scale":[3.8095,3.8095,3.8095],"translation":[0.0,-6.4,0.0]}},"elements":[{"faces":{"down":{"rotation":0,"texture":"#0","tintindex":0,"uv":[0.0,0.0,0.0,0.3125]},"east":{"rotation":0,"texture":"#0","tintindex":0,"uv":[6.75,2.125,7.0625,2.3125]},"north":{"rotation":0,"texture":"#0","tintindex":0,"uv":[0.0,0.0,0.0,0.1875]},"south":{"rotation":0,"texture":"#0","tintindex":0,"uv":[0.0,0.0,0.0,0.1875]},"up":{"rotation":0,"texture":"#0","tintindex":0,"uv":[0.0,0.3125,0.0,0.0]},"west":{"rotation":0,"texture":"#0","tintindex":0,"uv":[8.65625,6.0625,8.96875,6.25]}},"from":[5.6572723,3.8299994,-0.97000074],"name":"cube","rotation":{"angle":0.0,"axis":"x","origin":[9.887273,9.559999,-3.7599998]},"to":[5.6572723,7.4299994,5.0299993]},{"faces":{"down":{"rotation":0,"texture":"#0","tintindex":0,"uv":[0.0,0.0,0.0,0.125]},"east":{"rotation":0,"texture":"#0","tintindex":0,"uv":[0.15625,9.375,0.28125,9.5625]},"north":{"rotation":0,"texture":"#0","tintindex":0,"uv":[0.0,0.0,0.0,0.1875]},"south":{"rotation":0,"texture":"#0","tintindex":0,"uv":[0.0,0.0,0.0,0.1875]},"up":{"rotation":0,"texture":"#0","tintindex":0,"uv":[0.0,0.125,0.0,0.0]},"west":{"rotation":0,"texture":"#0","tintindex":0,"uv":[0.28125,9.375,0.40625,9.5625]}},"from":[5.2372723,3.8299994,-2.6500006],"name":"cube","rotation":{"angle":-22.5,"axis":"y","origin":[7.367273,8.629999,0.34999967]},"to":[5.2372723,7.4299994,-0.25000024]},{"faces":{"down":{"rotation":0,"texture":"#0","tintindex":0,"uv":[0.0,0.0,0.0,0.125]},"east":{"rotation":0,"texture":"#0","tintindex":0,"uv":[1.40625,9.375,1.53125,9.5625]},"north":{"rotation":0,"texture":"#0","tintindex":0,"uv":[0.0,0.0,0.0,0.1875]},"south":{"rotation":0,"texture":"#0","tintindex":0,"uv":[0.0,0.0,0.0,0.1875]},"up":{"rotation":0,"texture":"#0","tintindex":0,"uv":[0.0,0.125,0.0,0.0]},"west":{"rotation":0,"texture":"#0","tintindex":0,"uv":[2.5,9.375,2.625,9.5625]}},"from":[10.762728,3.8299994,-2.6500006],"name":"cube","rotation":{"angle":22.5,"axis":"y","origin":[8.632727,8.629999,0.34999967]},"to":[10.762728,7.4299994,-0.25000024]},{"faces":{"down":{"rotation":0,"texture":"#0","tintindex":0,"uv":[0.0,0.0,0.0,0.3125]},"east":{"rotation":0,"texture":"#0","tintindex":0,"uv":[8.6875,4.78125,9.0,4.96875]},"north":{"rotation":0,"texture":"#0","tintindex":0,"uv":[0.0,0.0,0.0,0.1875]},"south":{"rotation":0,"texture":"#0","tintindex":0,"uv":[0.0,0.0,0.0,0.1875]},"up":{"rotation":0,"texture":"#0","tintindex":0,"uv":[0.0,0.3125,0.0,0.0]},"west":{"rotation":0,"texture":"#0","tintindex":0,"uv":[8.71875,2.96875,9.03125,3.15625]}},"from":[10.342728,3.8299994,-0.97000074],"name":"cube","rotation":{"angle":0.0,"axis":"x","origin":[6.112727,9.559999,-3.7599998]},"to":[10.342728,7.4299994,5.0299993]},{"faces":{"down":{"rotation":0,"texture":"#0","tintindex":0,"uv":[0.1875,0.0,0.0,0.0]},"east":{"rotation":0,"texture":"#0","tintindex":0,"uv":[0.0,0.0,0.0,0.21875]},"north":{"rotation":0,"texture":"#0","tintindex":0,"uv":[9.0,3.84375,9.1875,4.0625]},"south":{"rotation":0,"texture":"#0","tintindex":0,"uv":[9.0,4.71875,9.1875,4.9375]},"up":{"rotation":0,"texture":"#0","tintindex":0,"uv":[0.1875,0.0,0.0,0.0]},"west":{"rotation":0,"texture":"#0","tintindex":0,"uv":[0.0,0.0,0.0,0.21875]}},"from":[6.2,3.7999997,-3.13],"name":"cube","rotation":{"angle":0.0,"axis":"x","origin":[6.8,8.929999,-2.5000005]},"to":[9.8,7.7,-3.13]},{"faces":{"down":{"rotation":0,"texture":"#0","tintindex":0,"uv":[7.9375,9.21875,7.875,9.40625]},"east":{"rotation":0,"texture":"#0","tintindex":0,"uv":[6.75,5.4375,6.9375,5.5]},"north":{"rotation":0,"texture":"#0","tintindex":0,"uv":[7.96875,9.5625,8.03125,9.625]},"south":{"rotation":0,"texture":"#0","tintindex":0,"uv":[7.5625,9.59375,7.625,9.65625]},"up":{"rotation":0,"texture":"#0","tintindex":0,"uv":[4.46875,9.40625,4.40625,9.21875]},"west":{"rotation":0,"texture":"#0","tintindex":0,"uv":[7.90625,0.5625,8.09375,0.625]}},"from":[7.342727,7.4299994,0.2299993],"name":"cube","rotation":{"angle":22.5,"axis":"y","origin":[5.5127273,9.559999,-2.5599995]},"to":[8.542727,8.629999,3.8299994]},{"faces":{"down":{"rotation":0,"texture":"#0","tintindex":0,"uv":[9.59375,1.6875,9.40625,1.8125]},"east":{"rotation":0,"texture":"#0","tintindex":0,"uv":[9.9375,8.53125,10.0625,8.59375]},"north":{"rotation":0,"texture":"#0","tintindex":0,"uv":[7.9375,7.78125,8.125,7.84375]},"south":{"rotation":0,"texture":"#0","tintindex":0,"uv":[8.40625,3.3125,8.59375,3.375]},"up":{"rotation":0,"texture":"#0","tintindex":0,"uv":[1.71875,9.53125,1.53125,9.40625]},"west":{"rotation":0,"texture":"#0","tintindex":0,"uv":[9.96875,0.1875,10.09375,0.25]}},"from":[7.3397293,9.83,2.6299994],"name":"cube","rotation":{"angle":0.0,"axis":"x","origin":[6.709729,9.559999,-3.7599998]},"to":[10.93973,11.03,5.0299993]},{"faces":{"down":{"rotation":0,"texture":"#0","tintindex":0,"uv":[0.375,9.90625,0.3125,10.03125]},"east":{"rotation":0,"texture":"#0","tintindex":0,"uv":[0.0,9.71875,0.125,9.84375]},"north":{"rotation":0,"texture":"#0","tintindex":0,"uv":[3.71875,9.5,3.78125,9.625]},"south":{"rotation":0,"texture":"#0","tintindex":0,"uv":[0.65625,9.59375,0.71875,9.71875]},"up":{"rotation":0,"texture":"#0","tintindex":0,"uv":[4.34375,10.0,4.28125,9.875]},"west":{"rotation":0,"texture":"#0","tintindex":0,"uv":[0.5,9.71875,0.625,9.84375]}},"from":[9.562727,7.4299994,-2.6500006],"name":"cube","rotation":{"angle":22.5,"axis":"y","origin":[8.632727,8.629999,0.34999967]},"to":[10.762728,9.83,-0.25000024]},{"faces":{"down":{"rotation":0,"texture":"#0","tintindex":0,"uv":[7.9375,9.8125,7.875,10.0]},"east":{"rotation":0,"texture":"#0","tintindex":0,"uv":[8.78125,6.0,8.96875,6.0625]},"north":{"rotation":0,"texture":"#0","tintindex":0,"uv":[6.40625,9.625,6.46875,9.6875]},"south":{"rotation":0,"texture":"#0","tintindex":0,"uv":[7.375,9.625,7.4375,9.6875]},"up":{"rotation":0,"texture":"#0","tintindex":0,"uv":[6.125,10.0,6.0625,9.8125]},"west":{"rotation":0,"texture":"#0","tintindex":0,"uv":[9.5625,0.125,9.75,0.1875]}},"from":[7.342727,7.4299994,0.2299993],"name":"cube","rotation":{"angle":22.5,"axis":"y","origin":[5.5127273,9.559999,-2.5599995]},"to":[8.542727,8.629999,3.8299994]},{"faces":{"down":{"rotation":0,"texture":"#0","tintindex":0,"uv":[7.09375,9.0625,6.96875,9.375]},"east":{"rotation":0,"texture":"#0","tintindex":0,"uv":[8.46875,9.0625,8.78125,9.1875]},"north":{"rotation":0,"texture":"#0","tintindex":0,"uv":[0.625,9.71875,0.75,9.84375]},"south":{"rotation":0,"texture":"#0","tintindex":0,"uv":[9.71875,0.6875,9.84375,0.8125]},"up":{"rotation":0,"texture":"#0","tintindex":0,"uv":[6.96875,9.375,6.84375,9.0625]},"west":{"rotation":0,"texture":"#0","tintindex":0,"uv":[8.78125,9.0625,9.09375,9.1875]}},"from":[7.9426675,7.4299393,-0.9700608],"name":"cube","rotation":{"angle":0.0,"axis":"x","origin":[6.112727,9.559999,-3.7599998]},"to":[10.342788,9.830059,5.0300593]},{"faces":{"down":{"rotation":0,"texture":"#0","tintindex":0,"uv":[9.75,3.78125,9.6875,3.84375]},"east":{"rotation":0,"texture":"#0","tintindex":0,"uv":[9.625,9.34375,9.6875,9.40625]},"north":{"rotation":0,"texture":"#0","tintindex":0,"uv":[9.625,7.5,9.6875,7.5625]},"south":{"rotation":0,"texture":"#0","tintindex":0,"uv":[9.65625,1.0,9.71875,1.0625]},"up":{"rotation":0,"texture":"#0","tintindex":0,"uv":[9.71875,2.59375,9.65625,2.53125]},"west":{"rotation":0,"texture":"#0","tintindex":0,"uv":[9.65625,1.625,9.71875,1.6875]}},"from":[9.562727,7.4299994,2.1499996],"name":"cube","rotation":{"angle":0.0,"axis":"x","origin":[7.732727,9.559999,-3.0400014]},"to":[10.762728,8.629999,3.35]},{"faces":{"down":{"rotation":0,"texture":"#0","tintindex":0,"uv":[9.15625,2.6875,8.96875,2.9375]},"east":{"rotation":0,"texture":"#0","tintindex":0,"uv":[3.75,5.4375,4.0,5.5]},"north":{"rotation":0,"texture":"#0","tintindex":0,"uv":[9.875,1.9375,10.0625,2.0]},"south":{"rotation":0,"texture":"#0","tintindex":0,"uv":[9.875,3.84375,10.0625,3.90625]},"up":{"rotation":0,"texture":"#0","tintindex":0,"uv":[9.15625,2.6875,8.96875,2.4375]},"west":{"rotation":0,