{"display":{"head":{"rotation":[0.0,0.0,0.0],"scale":[3.8095,3.8095,3.8095],"translation":[0.0,-6.4,0.0]}},"elements":[{"faces":{"down":{"rotation":0,"texture":"#0","tintindex":0,"uv":[2.59375,9.6875,2.46875,9.8125]},"east":{"rotation":0,"texture":"#0","tintindex":0,"uv":[0.25,9.6875,0.375,9.8125]},"north":{"rotation":0,"texture":"#0","tintindex":0,"uv":[0.125,9.6875,0.25,9.8125]},"south":{"rotation":0,"texture":"#0","tintindex":0,"uv":[9.6875,0.875,9.8125,1.0]},"up":{"rotation":0,"texture":"#0","tintindex":0,"uv":[9.8125,1.625,9.6875,1.5]},"west":{"rotation":0,"texture":"#0","tintindex":0,"uv":[1.40625,9.6875,1.53125,9.8125]}},"from":[4.4711056,6.885193,6.9488263],"name":"cube","rotation":{"angle":0.0,"axis":"x","origin":[13.860998,12.101927,15.313686]},"to":[7.3511057,9.765194,9.828827]},{"faces":{"down":{"rotation":0,"texture":"#0","tintindex":0,"uv":[9.8125,3.65625,9.6875,3.78125]},"east":{"rotation":0,"texture":"#0","tintindex":0,"uv":[2.71875,9.6875,2.84375,9.8125]},"north":{"rotation":0,"texture":"#0","tintindex":0,"uv":[2.59375,9.6875,2.71875,9.8125]},"south":{"rotation":0,"texture":"#0","tintindex":0,"uv":[2.84375,9.6875,2.96875,9.8125]},"up":{"rotation":0,"texture":"#0","tintindex":0,"uv":[9.8125,3.25,9.6875,3.125]},"west":{"rotation":0,"texture":"#0","tintindex":0,"uv":[9.6875,3.0,9.8125,3.125]}},"from":[4.831105,3.1828852,11.663452],"name":"cube","rotation":{"angle":22.5,"axis":"x","origin":[9.630999,17.171928,25.303688]},"to":[6.991105,5.702886,14.183453]},{"faces":{"down":{"rotation":0,"texture":"#0","tintindex":0,"uv":[10.03125,3.34375,9.9375,3.4375]},"east":{"rotation":0,"texture":"#0","tintindex":0,"uv":[9.9375,2.375,10.03125,2.46875]},"north":{"rotation":0,"texture":"#0","tintindex":0,"uv":[9.9375,0.96875,10.03125,1.0625]},"south":{"rotation":0,"texture":"#0","tintindex":0,"uv":[9.9375,2.46875,10.03125,2.5625]},"up":{"rotation":0,"texture":"#0","tintindex":0,"uv":[3.0625,10.03125,2.96875,9.9375]},"west":{"rotation":0,"texture":"#0","tintindex":0,"uv":[9.9375,2.5625,10.03125,2.65625]}},"from":[4.9511056,1.4927868,17.421604],"name":"cube","rotation":{"angle":45.0,"axis":"x","origin":[9.630999,17.171928,25.303688]},"to":[6.6311054,3.1727853,19.101604]},{"faces":{"down":{"rotation":0,"texture":"#0","tintindex":0,"uv":[3.65625,9.9375,3.5625,10.03125]},"east":{"rotation":0,"texture":"#0","tintindex":0,"uv":[2.5,9.8125,2.59375,9.96875]},"north":{"rotation":0,"texture":"#0","tintindex":0,"uv":[2.40625,9.8125,2.5,9.96875]},"south":{"rotation":0,"texture":"#0","tintindex":0,"uv":[2.59375,9.8125,2.6875,9.96875]},"up":{"rotation":0,"texture":"#0","tintindex":0,"uv":[10.03125,3.53125,9.9375,3.4375]},"west":{"rotation":0,"texture":"#0","tintindex":0,"uv":[2.6875,9.8125,2.78125,9.96875]}},"from":[5.1911054,11.685192,9.708828],"name":"cube","rotation":{"angle":0.0,"axis":"x","origin":[9.630999,17.171928,25.303688]},"to":[6.3911057,14.085193,10.908827]},{"faces":{"down":{"rotation":0,"texture":"#0","tintindex":0,"uv":[4.15625,9.9375,4.0625,10.03125]},"east":{"rotation":0,"texture":"#0","tintindex":0,"uv":[2.875,9.8125,2.96875,9.96875]},"north":{"rotation":0,"texture":"#0","tintindex":0,"uv":[2.78125,9.8125,2.875,9.96875]},"south":{"rotation":0,"texture":"#0","tintindex":0,"uv":[9.8125,3.0,9.90625,3.15625]},"up":{"rotation":0,"texture":"#0","tintindex":0,"uv":[10.03125,4.0,9.9375,3.90625]},"west":{"rotation":0,"texture":"#0","tintindex":0,"uv":[5.46875,9.8125,5.5625,9.96875]}},"from":[5.431105,20.44896,8.289335],"name":"cube","rotation":{"angle":-22.5,"axis":"x","origin":[9.510998,21.731926,27.223686]},"to":[6.151106,22.368961,9.009336]}],"textures":{"0":"modelengine:entity/nocsy_dragon_saddled_version"}}