{"textures":{"0":"modelengine:entity/nocsy_dragon_saddled_version"},"elements":[{"name":"cube","from":[4.9939995,6.1616936,7.0817833],"to":[10.982,8.549694,11.869784],"rotation":{"angle":0.0,"axis":"x","origin":[7.3879995,10.398961,28.263577]},"faces":{"down":{"uv":[8.71875,2.0625,8.40625,2.3125],"rotation":0,"texture":"#0","tintindex":0},"east":{"uv":[8.3125,9.1875,8.5625,9.3125],"rotation":0,"texture":"#0","tintindex":0},"north":{"uv":[9.09375,0.75,9.40625,0.875],"rotation":0,"texture":"#0","tintindex":0},"south":{"uv":[9.09375,1.6875,9.40625,1.8125],"rotation":0,"texture":"#0","tintindex":0},"up":{"uv":[8.71875,2.0625,8.40625,1.8125],"rotation":0,"texture":"#0","tintindex":0},"west":{"uv":[8.5625,9.1875,8.8125,9.3125],"rotation":0,"texture":"#0","tintindex":0}}},{"name":"cube","from":[4.9939995,6.1616936,7.0817833],"to":[10.982,8.549694,11.869784],"rotation":{"angle":0.0,"axis":"x","origin":[7.3879995,10.398961,28.263577]},"faces":{"down":{"uv":[8.71875,2.5625,8.40625,2.8125],"rotation":0,"texture":"#0","tintindex":0},"east":{"uv":[8.8125,9.1875,9.0625,9.3125],"rotation":0,"texture":"#0","tintindex":0},"north":{"uv":[9.09375,1.8125,9.40625,1.9375],"rotation":0,"texture":"#0","tintindex":0},"south":{"uv":[9.09375,1.9375,9.40625,2.0625],"rotation":0,"texture":"#0","tintindex":0},"up":{"uv":[8.71875,2.5625,8.40625,2.3125],"rotation":0,"texture":"#0","tintindex":0},"west":{"uv":[9.21875,0.875,9.46875,1.0],"rotation":0,"texture":"#0","tintindex":0}}},{"name":"cube","from":[9.667999,-9.149758,15.778735],"to":[12.068,-5.549758,18.178734],"rotation":{"angle":45.0,"axis":"x","origin":[7.3879995,10.398961,28.263577]},"faces":{"down":{"uv":[1.25,9.75,1.125,9.875],"rotation":0,"texture":"#0","tintindex":0},"east":{"uv":[9.40625,5.3125,9.53125,5.5],"rotation":0,"texture":"#0","tintindex":0},"north":{"uv":[9.40625,5.125,9.53125,5.3125],"rotation":0,"texture":"#0","tintindex":0},"south":{"uv":[5.90625,9.40625,6.03125,9.59375],"rotation":0,"texture":"#0","tintindex":0},"up":{"uv":[1.125,9.875,1.0,9.75],"rotation":0,"texture":"#0","tintindex":0},"west":{"uv":[9.40625,6.0,9.53125,6.1875],"rotation":0,"texture":"#0","tintindex":0}}},{"name":"cube","from":[6.9079995,-9.149758,15.778735],"to":[9.308,-5.549758,18.178734],"rotation":{"angle":45.0,"axis":"x","origin":[7.3879995,10.398961,28.263577]},"faces":{"down":{"uv":[9.875,1.25,9.75,1.375],"rotation":0,"texture":"#0","tintindex":0},"east":{"uv":[7.5,9.40625,7.625,9.59375],"rotation":0,"texture":"#0","tintindex":0},"north":{"uv":[6.5,9.40625,6.625,9.59375],"rotation":0,"texture":"#0","tintindex":0},"south":{"uv":[9.40625,8.84375,9.53125,9.03125],"rotation":0,"texture":"#0","tintindex":0},"up":{"uv":[1.375,9.875,1.25,9.75],"rotation":0,"texture":"#0","tintindex":0},"west":{"uv":[9.4375,0.0,9.5625,0.1875],"rotation":0,"texture":"#0","tintindex":0}}},{"name":"cube","from":[3.7879996,-9.149758,15.778735],"to":[6.1879997,-5.549758,18.178734],"rotation":{"angle":45.0,"axis":"x","origin":[7.3879995,10.398961,28.263577]},"faces":{"down":{"uv":[1.78125,9.75,1.65625,9.875],"rotation":0,"texture":"#0","tintindex":0},"east":{"uv":[1.03125,9.4375,1.15625,9.625],"rotation":0,"texture":"#0","tintindex":0},"north":{"uv":[0.90625,9.4375,1.03125,9.625],"rotation":0,"texture":"#0","tintindex":0},"south":{"uv":[1.15625,9.4375,1.28125,9.625],"rotation":0,"texture":"#0","tintindex":0},"up":{"uv":[9.875,1.5,9.75,1.375],"rotation":0,"texture":"#0","tintindex":0},"west":{"uv":[1.28125,9.4375,1.40625,9.625],"rotation":0,"texture":"#0","tintindex":0}}},{"name":"cube","from":[7.2679996,-5.625231,9.590663],"to":[8.948,-2.1452303,11.270664],"rotation":{"angle":22.5,"axis":"x","origin":[7.3879995,10.398961,28.263577]},"faces":{"down":{"uv":[2.46875,9.96875,2.375,10.0625],"rotation":0,"texture":"#0","tintindex":0},"east":{"uv":[8.25,1.5,8.34375,1.6875],"rotation":0,"texture":"#0","tintindex":0},"north":{"uv":[5.5,7.0625,5.59375,7.25],"rotation":0,"texture":"#0","tintindex":0},"south":{"uv":[6.125,8.53125,6.21875,8.71875],"rotation":0,"texture":"#0","tintindex":0},"up":{"uv":[2.375,10.0625,2.28125,9.96875],"rotation":0,"texture":"#0","tintindex":0},"west":{"uv":[4.15625,9.46875,4.25,9.65625],"rotation":0,"texture":"#0","tintindex":0}}},{"name":"cube","from":[10.028,-5.625231,9.590663],"to":[11.708,-2.1452303,11.270664],"rotation":{"angle":22.5,"axis":"x","origin":[7.3879995,10.398961,28.263577]},"faces":{"down":{"uv":[2.65625,9.96875,2.5625,10.0625],"rotation":0,"texture":"#0","tintindex":0},"east":{"uv":[9.5,9.09375,9.59375,9.28125],"rotation":0,"texture":"#0","tintindex":0},"north":{"uv":[7.75,9.5,7.84375,9.6875],"rotation":0,"texture":"#0","tintindex":0},"south":{"uv":[9.53125,0.5,9.625,0.6875],"rotation":0,"texture":"#0","tintindex":0},"up":{"uv":[2.5625,10.0625,2.46875,9.96875],"rotation":0,"texture":"#0","tintindex":0},"west":{"uv":[0.71875,9.53125,0.8125,9.71875],"rotation":0,"texture":"#0","tintindex":0}}},{"name":"cube","from":[4.1479993,-5.625231,9.590663],"to":[5.827999,-2.1452303,11.270664],"rotation":{"angle":22.5,"axis":"x","origin":[7.3879995,10.398961,28.263577]},"faces":{"down":{"uv":[2.84375,9.96875,2.75,10.0625],"rotation":0,"texture":"#0","tintindex":0},"east":{"uv":[1.53125,9.53125,1.625,9.71875],"rotation":0,"texture":"#0","tintindex":0},"north":{"uv":[0.8125,9.53125,0.90625,9.71875],"rotation":0,"texture":"#0","tintindex":0},"south":{"uv":[1.625,9.53125,1.71875,9.71875],"rotation":0,"texture":"#0","tintindex":0},"up":{"uv":[2.75,10.0625,2.65625,9.96875],"rotation":0,"texture":"#0","tintindex":0},"west":{"uv":[9.53125,1.8125,9.625,2.0],"rotation":0,"texture":"#0","tintindex":0}}},{"name":"cube","from":[5.1079993,-9.705231,9.230663],"to":[5.1079993,-5.505231,12.830664],"rotation":{"angle":22.5,"axis":"x","origin":[7.3879995,10.398961,28.263577]},"faces":{"down":{"uv":[0.0,0.0,0.0,0.1875],"rotation":0,"texture":"#0","tintindex":0},"east":{"uv":[9.0,6.25,9.1875,6.46875],"rotation":0,"texture":"#0","tintindex":0},"north":{"uv":[0.0,0.0,0.0,0.21875],"rotation":0,"texture":"#0","tintindex":0},"south":{"uv":[0.0,0.0,0.0,0.21875],"rotation":0,"texture":"#0","tintindex":0},"up":{"uv":[0.0,0.1875,0.0,0.0],"rotation":0,"texture":"#0","tintindex":0},"west":{"uv":[0.6875,9.03125,0.875,9.25],"rotation":0,"texture":"#0","tintindex":0}}},{"name":"cube","from":[8.108,-9.705231,9.230663],"to":[8.108,-5.505231,12.830664],"rotation":{"angle":22.5,"axis":"x","origin":[7.3879995,10.398961,28.263577]},"faces":{"down":{"uv":[0.0,0.0,0.0,0.1875],"rotation":0,"texture":"#0","tintindex":0},"east":{"uv":[0.875,9.03125,1.0625,9.25],"rotation":0,"texture":"#0","tintindex":0},"north":{"uv":[0.0,0.0,0.0,0.21875],"rotation":0,"texture":"#0","tintindex":0},"south":{"uv":[0.0,0.0,0.0,0.21875],"rotation":0,"texture":"#0","tintindex":0},"up":{"uv":[0.0,0.1875,0.0,0.0],"rotation":0,"texture":"#0","tintindex":0},"west":{"uv":[9.03125,2.9375,9.21875,3.15625],"rotation":0,"texture":"#0","tintindex":0}}},{"name":"cube","from":[10.868,-9.705231,9.230663],"to":[10.868,-5.505231,12.830664],"rotation":{"angle":22.5,"axis":"x","origin":[7.3879995,10.398961,28.263577]},"faces":{"down":{"uv":[0.0,0.0,0.0,0.1875],"rotation":0,"texture":"#0","tintindex":0},"east":{"uv":[9.03125,6.46875,9.21875,6.6875],"rotation":0,"texture":"#0","tintindex":0},"north":{"uv":[0.0,0.0,0.0,0.21875],"rotation":0,"texture":"#0","tintindex":0},"south":{"uv":[0.0,0.0,0.0,0.21875],"rotation":0,"texture":"#0","tintindex":0},"up":{"uv":[0.0,0.1875,0.0,0.0],"rotation":0,"texture":"#0","tintindex":0},"west":{"uv":[7.53125,9.03125,7.71875,9.25],"rotation":0,"texture":"#0","tintindex":0}}}],"display":{"head":{"translation":[0.0,-6.4,0.0],"rotation":[0.0,0.0,0.0],"scale":[3.8095,3.8095,3.8095]}}}