{"display":{"head":{"rotation":[0.0,0.0,0.0],"scale":[3.8095,3.8095,3.8095],"translation":[0.0,-6.4,0.0]}},"elements":[{"faces":{"down":{"rotation":0,"texture":"#0","tintindex":0,"uv":[9.375,8.4375,9.21875,8.59375]},"east":{"rotation":0,"texture":"#0","tintindex":0,"uv":[7.46875,7.09375,7.625,8.0]},"north":{"rotation":0,"texture":"#0","tintindex":0,"uv":[3.9375,7.4375,4.09375,8.34375]},"south":{"rotation":0,"texture":"#0","tintindex":0,"uv":[0.75,7.5,0.90625,8.40625]},"up":{"rotation":0,"texture":"#0","tintindex":0,"uv":[9.375,8.125,9.21875,7.96875]},"west":{"rotation":0,"texture":"#0","tintindex":0,"uv":[0.90625,7.5,1.0625,8.40625]}},"from":[6.1379337,6.9513283,6.7205744],"name":"cube","rotation":{"angle":0.0,"axis":"x","origin":[9.017935,14.854304,22.650887]},"to":[9.017935,24.231327,9.6005745]},{"faces":{"down":{"rotation":0,"texture":"#0","tintindex":0,"uv":[0.78125,9.25,0.625,9.40625]},"east":{"rotation":0,"texture":"#0","tintindex":0,"uv":[2.875,8.0,3.03125,8.6875]},"north":{"rotation":0,"texture":"#0","tintindex":0,"uv":[0.46875,8.0,0.625,8.6875]},"south":{"rotation":0,"texture":"#0","tintindex":0,"uv":[3.03125,8.0,3.1875,8.6875]},"up":{"rotation":0,"texture":"#0","tintindex":0,"uv":[0.15625,9.40625,0.0,9.25]},"west":{"rotation":0,"texture":"#0","tintindex":0,"uv":[3.1875,8.0,3.34375,8.6875]}},"from":[6.9779344,0.83132744,6.9005747],"name":"cube","rotation":{"angle":-22.5,"axis":"z","origin":[7.5779343,15.591327,8.160575]},"to":[9.617934,13.671329,9.540575]},{"faces":{"down":{"rotation":0,"texture":"#0","tintindex":0,"uv":[0.0,0.0,0.0,0.75]},"east":{"rotation":0,"texture":"#0","tintindex":0,"uv":[4.5,5.5,5.25,6.4375]},"north":{"rotation":0,"texture":"#0","tintindex":0,"uv":[0.0,0.0,0.0,0.9375]},"south":{"rotation":0,"texture":"#0","tintindex":0,"uv":[0.0,0.0,0.0,0.9375]},"up":{"rotation":0,"texture":"#0","tintindex":0,"uv":[0.0,0.75,0.0,0.0]},"west":{"rotation":0,"texture":"#0","tintindex":0,"uv":[5.25,5.5,6.0,6.4375]}},"from":[8.057935,6.5913258,6.360575],"name":"cube","rotation":{"angle":0.0,"axis":"x","origin":[9.017935,14.854304,22.650887]},"to":[8.057935,24.591328,20.760574]},{"faces":{"down":{"rotation":0,"texture":"#0","tintindex":0,"uv":[0.4375,8.9375,0.3125,9.375]},"east":{"rotation":0,"texture":"#0","tintindex":0,"uv":[2.65625,8.9375,3.09375,9.0625]},"north":{"rotation":0,"texture":"#0","tintindex":0,"uv":[1.28125,9.625,1.40625,9.75]},"south":{"rotation":0,"texture":"#0","tintindex":0,"uv":[9.625,1.375,9.75,1.5]},"up":{"rotation":0,"texture":"#0","tintindex":0,"uv":[0.3125,9.375,0.1875,8.9375]},"west":{"rotation":0,"texture":"#0","tintindex":0,"uv":[8.9375,4.28125,9.375,4.40625]}},"from":[6.737934,22.19133,6.960575],"name":"cube","rotation":{"angle":0.0,"axis":"x","origin":[9.017935,14.854304,22.650887]},"to":[8.897934,24.35133,15.120575]},{"faces":{"down":{"rotation":0,"texture":"#0","tintindex":0,"uv":[2.0625,9.1875,1.9375,9.4375]},"east":{"rotation":0,"texture":"#0","tintindex":0,"uv":[9.1875,0.0,9.4375,0.125]},"north":{"rotation":0,"texture":"#0","tintindex":0,"uv":[1.71875,9.625,1.84375,9.75]},"south":{"rotation":0,"texture":"#0","tintindex":0,"uv":[9.625,1.8125,9.75,1.9375]},"up":{"rotation":0,"texture":"#0","tintindex":0,"uv":[1.9375,9.4375,1.8125,9.1875]},"west":{"rotation":0,"texture":"#0","tintindex":0,"uv":[9.1875,0.125,9.4375,0.25]}},"from":[6.7439337,17.290392,17.715715],"name":"cube","rotation":{"angle":22.5,"axis":"x","origin":[7.817934,28.054302,28.890884]},"to":[8.891934,19.438393,22.263714]},{"faces":{"down":{"rotation":0,"texture":"#0","tintindex":0,"uv":[8.875,9.3125,8.75,9.5]},"east":{"rotation":0,"texture":"#0","tintindex":0,"uv":[9.3125,5.65625,9.5,5.78125]},"north":{"rotation":0,"texture":"#0","tintindex":0,"uv":[1.84375,9.625,1.96875,9.75]},"south":{"rotation":0,"texture":"#0","tintindex":0,"uv":[1.96875,9.625,2.09375,9.75]},"up":{"rotation":0,"texture":"#0","tintindex":0,"uv":[8.75,9.5,8.625,9.3125]},"west":{"rotation":0,"texture":"#0","tintindex":0,"uv":[8.4375,9.3125,8.625,9.4375]}},"from":[6.4979343,17.044394,21.069714],"name":"cube","rotation":{"angle":22.5,"axis":"x","origin":[7.817934,28.054302,28.890884]},"to":[9.137934,19.684391,24.909714]},{"faces":{"down":{"rotation":0,"texture":"#0","tintindex":0,"uv":[3.34375,9.625,3.21875,9.75]},"east":{"rotation":0,"texture":"#0","tintindex":0,"uv":[2.21875,9.625,2.34375,9.75]},"north":{"rotation":0,"texture":"#0","tintindex":0,"uv":[2.09375,9.625,2.21875,9.75]},"south":{"rotation":0,"texture":"#0","tintindex":0,"uv":[9.625,2.28125,9.75,2.40625]},"up":{"rotation":0,"texture":"#0","tintindex":0,"uv":[3.21875,9.75,3.09375,9.625]},"west":{"rotation":0,"texture":"#0","tintindex":0,"uv":[2.34375,9.625,2.46875,9.75]}},"from":[6.857934,8.398426,29.26577],"name":"cube","rotation":{"angle":45.0,"axis":"x","origin":[7.817934,25.362576,39.46577]},"to":[8.777934,10.318424,31.185768]},{"faces":{"down":{"rotation":0,"texture":"#0","tintindex":0,"uv":[10.0,4.75,9.90625,4.84375]},"east":{"rotation":0,"texture":"#0","tintindex":0,"uv":[9.90625,0.78125,10.0,0.875]},"north":{"rotation":0,"texture":"#0","tintindex":0,"uv":[9.90625,0.25,10.0,0.34375]},"south":{"rotation":0,"texture":"#0","tintindex":0,"uv":[9.90625,0.875,10.0,0.96875]},"up":{"rotation":0,"texture":"#0","tintindex":0,"uv":[10.0,3.09375,9.90625,3.0]},"west":{"rotation":0,"texture":"#0","tintindex":0,"uv":[9.90625,2.28125,10.0,2.375]}},"from":[7.217934,26.334698,20.90387],"name":"cube","rotation":{"angle":-22.5,"axis":"x","origin":[7.817934,25.362576,39.46577]},"to":[8.417934,27.534698,22.10387]}],"textures":{"0":"modelengine:entity/nocsy_dragon_saddled_version"}}