{"textures":{"0":"modelengine:entity/nocsy_dragon_saddled_version"},"elements":[{"name":"cube","from":[6.632,7.660205,5.4654474],"to":[9.512001,10.540201,8.345447],"rotation":{"angle":0.0,"axis":"x","origin":[16.021893,16.025059,3.1287134]},"faces":{"down":{"uv":[4.375,9.625,4.25,9.75],"rotation":0,"texture":"#0","tintindex":0},"east":{"uv":[3.71875,9.625,3.84375,9.75],"rotation":0,"texture":"#0","tintindex":0},"north":{"uv":[3.46875,9.625,3.59375,9.75],"rotation":0,"texture":"#0","tintindex":0},"south":{"uv":[3.84375,9.625,3.96875,9.75],"rotation":0,"texture":"#0","tintindex":0},"up":{"uv":[4.09375,9.75,3.96875,9.625],"rotation":0,"texture":"#0","tintindex":0},"west":{"uv":[9.625,3.84375,9.75,3.96875],"rotation":0,"texture":"#0","tintindex":0}}},{"name":"cube","from":[6.9919996,12.37483,9.527754],"to":[9.152,14.894826,12.047755],"rotation":{"angle":22.5,"axis":"x","origin":[11.791893,26.015064,-1.941287]},"faces":{"down":{"uv":[9.75,5.03125,9.625,5.15625],"rotation":0,"texture":"#0","tintindex":0},"east":{"uv":[4.71875,9.625,4.84375,9.75],"rotation":0,"texture":"#0","tintindex":0},"north":{"uv":[9.625,4.375,9.75,4.5],"rotation":0,"texture":"#0","tintindex":0},"south":{"uv":[9.625,4.71875,9.75,4.84375],"rotation":0,"texture":"#0","tintindex":0},"up":{"uv":[5.09375,9.75,4.96875,9.625],"rotation":0,"texture":"#0","tintindex":0},"west":{"uv":[4.84375,9.625,4.96875,9.75],"rotation":0,"texture":"#0","tintindex":0}}},{"name":"cube","from":[7.1119995,18.13298,12.057854],"to":[8.792,19.81298,13.737853],"rotation":{"angle":45.0,"axis":"x","origin":[11.791893,26.015064,-1.941287]},"faces":{"down":{"uv":[10.0,7.65625,9.90625,7.75],"rotation":0,"texture":"#0","tintindex":0},"east":{"uv":[9.90625,5.53125,10.0,5.625],"rotation":0,"texture":"#0","tintindex":0},"north":{"uv":[5.34375,9.90625,5.4375,10.0],"rotation":0,"texture":"#0","tintindex":0},"south":{"uv":[9.90625,6.03125,10.0,6.125],"rotation":0,"texture":"#0","tintindex":0},"up":{"uv":[10.0,7.65625,9.90625,7.5625],"rotation":0,"texture":"#0","tintindex":0},"west":{"uv":[9.90625,7.46875,10.0,7.5625],"rotation":0,"texture":"#0","tintindex":0}}},{"name":"cube","from":[7.352,10.420201,1.1454465],"to":[8.552,11.620201,3.5454466],"rotation":{"angle":0.0,"axis":"x","origin":[11.791893,26.015064,-1.941287]},"faces":{"down":{"uv":[8.75,9.78125,8.65625,9.9375],"rotation":0,"texture":"#0","tintindex":0},"east":{"uv":[9.75,8.25,9.90625,8.34375],"rotation":0,"texture":"#0","tintindex":0},"north":{"uv":[9.90625,7.75,10.0,7.84375],"rotation":0,"texture":"#0","tintindex":0},"south":{"uv":[9.90625,7.84375,10.0,7.9375],"rotation":0,"texture":"#0","tintindex":0},"up":{"uv":[8.65625,9.9375,8.5625,9.78125],"rotation":0,"texture":"#0","tintindex":0},"west":{"uv":[9.78125,2.4375,9.9375,2.53125],"rotation":0,"texture":"#0","tintindex":0}}},{"name":"cube","from":[7.592,9.00071,-7.138317],"to":[8.312,9.720714,-5.218319],"rotation":{"angle":-22.5,"axis":"x","origin":[11.671893,27.935062,-6.5012865]},"faces":{"down":{"uv":[9.625,9.78125,9.53125,9.9375],"rotation":0,"texture":"#0","tintindex":0},"east":{"uv":[8.75,9.78125,8.90625,9.875],"rotation":0,"texture":"#0","tintindex":0},"north":{"uv":[9.90625,7.9375,10.0,8.03125],"rotation":0,"texture":"#0","tintindex":0},"south":{"uv":[9.90625,8.03125,10.0,8.125],"rotation":0,"texture":"#0","tintindex":0},"up":{"uv":[9.875,9.625,9.78125,9.46875],"rotation":0,"texture":"#0","tintindex":0},"west":{"uv":[9.375,9.78125,9.53125,9.875],"rotation":0,"texture":"#0","tintindex":0}}}],"display":{"head":{"translation":[0.0,-6.4,0.0],"rotation":[0.0,0.0,0.0],"scale":[3.8095,3.8095,3.8095]}}}