{"display":{"head":{"rotation":[0.0,0.0,0.0],"scale":[3.8095,3.8095,3.8095],"translation":[0.0,-6.4,0.0]}},"elements":[{"faces":{"down":{"rotation":0,"texture":"#0","tintindex":0,"uv":[10.0625,0.71875,9.9375,0.78125]},"east":{"rotation":0,"texture":"#0","tintindex":0,"uv":[5.9375,8.71875,6.0,8.84375]},"north":{"rotation":0,"texture":"#0","tintindex":0,"uv":[9.6875,8.0,9.8125,8.125]},"south":{"rotation":0,"texture":"#0","tintindex":0,"uv":[8.34375,9.6875,8.46875,9.8125]},"up":{"rotation":0,"texture":"#0","tintindex":0,"uv":[10.03125,5.6875,9.90625,5.625]},"west":{"rotation":0,"texture":"#0","tintindex":0,"uv":[8.75,6.25,8.8125,6.375]}},"from":[6.913454,6.6145325,-1.9430232],"name":"cube","rotation":{"angle":0.0,"axis":"x","origin":[8.113455,-20.155457,27.285545]},"to":[9.313455,9.014532,-0.74302316]},{"faces":{"down":{"rotation":0,"texture":"#0","tintindex":0,"uv":[10.0625,4.0,9.9375,4.0625]},"east":{"rotation":0,"texture":"#0","tintindex":0,"uv":[7.09375,2.5625,7.15625,2.9375]},"north":{"rotation":0,"texture":"#0","tintindex":0,"uv":[8.96875,0.5,9.09375,0.875]},"south":{"rotation":0,"texture":"#0","tintindex":0,"uv":[8.96875,1.6875,9.09375,2.0625]},"up":{"rotation":0,"texture":"#0","tintindex":0,"uv":[10.0625,1.125,9.9375,1.0625]},"west":{"rotation":0,"texture":"#0","tintindex":0,"uv":[7.90625,4.5625,7.96875,4.9375]}},"from":[6.9194546,1.8205312,-1.4570236],"name":"cube","rotation":{"angle":0.0,"axis":"x","origin":[8.113455,-20.155457,27.285545]},"to":[9.307455,8.948531,-0.2690239]},{"faces":{"down":{"rotation":0,"texture":"#0","tintindex":0,"uv":[0.6875,9.125,0.625,9.25]},"east":{"rotation":0,"texture":"#0","tintindex":0,"uv":[2.625,9.375,2.75,9.5625]},"north":{"rotation":0,"texture":"#0","tintindex":0,"uv":[6.59375,6.8125,6.65625,7.0]},"south":{"rotation":0,"texture":"#0","tintindex":0,"uv":[2.25,6.9375,2.3125,7.125]},"up":{"rotation":0,"texture":"#0","tintindex":0,"uv":[4.34375,8.9375,4.28125,8.8125]},"west":{"rotation":0,"texture":"#0","tintindex":0,"uv":[2.75,9.375,2.875,9.5625]}},"from":[-0.17130113,4.7005596,3.1089368],"name":"cube","rotation":{"angle":-22.5,"axis":"y","origin":[7.3076434,-1.3154545,18.765545]},"to":[1.0286989,8.300558,5.508937]},{"faces":{"down":{"rotation":0,"texture":"#0","tintindex":0,"uv":[7.71875,9.25,7.65625,9.375]},"east":{"rotation":0,"texture":"#0","tintindex":0,"uv":[2.875,9.375,3.0,9.5625]},"north":{"rotation":0,"texture":"#0","tintindex":0,"uv":[2.0625,7.5625,2.125,7.75]},"south":{"rotation":0,"texture":"#0","tintindex":0,"uv":[7.5625,8.0,7.625,8.1875]},"up":{"rotation":0,"texture":"#0","tintindex":0,"uv":[4.09375,9.28125,4.03125,9.15625]},"west":{"rotation":0,"texture":"#0","tintindex":0,"uv":[6.625,9.375,6.75,9.5625]}},"from":[5.4528017,4.7905536,3.5914826],"name":"cube","rotation":{"angle":0.0,"axis":"x","origin":[7.3076434,-1.3154545,18.765545]},"to":[6.6408014,8.378553,5.9794827]},{"faces":{"down":{"rotation":0,"texture":"#0","tintindex":0,"uv":[0.25,0.0,0.0,0.0]},"east":{"rotation":0,"texture":"#0","tintindex":0,"uv":[0.0,0.0,0.0,0.1875]},"north":{"rotation":0,"texture":"#0","tintindex":0,"uv":[7.65625,6.90625,7.90625,7.09375]},"south":{"rotation":0,"texture":"#0","tintindex":0,"uv":[8.96875,0.875,9.21875,1.0625]},"up":{"rotation":0,"texture":"#0","tintindex":0,"uv":[0.25,0.0,0.0,0.0]},"west":{"rotation":0,"texture":"#0","tintindex":0,"uv":[0.0,0.0,0.0,0.1875]}},"from":[5.7134542,8.414533,-0.9830241],"name":"cube","rotation":{"angle":0.0,"axis":"x","origin":[9.313455,-20.155457,27.285545]},"to":[10.513454,12.014533,-0.9830241]},{"faces":{"down":{"rotation":0,"texture":"#0","tintindex":0,"uv":[0.0,0.0,0.0,0.3125]},"east":{"rotation":0,"texture":"#0","tintindex":0,"uv":[4.71875,8.71875,5.03125,8.90625]},"north":{"rotation":0,"texture":"#0","tintindex":0,"uv":[0.0,0.0,0.0,0.1875]},"south":{"rotation":0,"texture":"#0","tintindex":0,"uv":[0.0,0.0,0.0,0.1875]},"up":{"rotation":0,"texture":"#0","tintindex":0,"uv":[0.0,0.3125,0.0,0.0]},"west":{"rotation":0,"texture":"#0","tintindex":0,"uv":[5.03125,8.71875,5.34375,8.90625]}},"from":[10.426046,8.384554,-1.2145176],"name":"cube","rotation":{"angle":0.0,"axis":"x","origin":[9.525206,-1.3154545,18.765545]},"to":[10.426046,11.984553,4.7854824]},{"faces":{"down":{"rotation":0,"texture":"#0","tintindex":0,"uv":[0.0,0.0,0.0,0.3125]},"east":{"rotation":0,"texture":"#0","tintindex":0,"uv":[5.625,8.71875,5.9375,8.90625]},"north":{"rotation":0,"texture":"#0","tintindex":0,"uv":[0.0,0.0,0.0,0.1875]},"south":{"rotation":0,"texture":"#0","tintindex":0,"uv":[0.0,0.0,0.0,0.1875]},"up":{"rotation":0,"texture":"#0","tintindex":0,"uv":[0.0,0.3125,0.0,0.0]},"west":{"rotation":0,"texture":"#0","tintindex":0,"uv":[6.125,8.71875,6.4375,8.90625]}},"from":[5.8008623,8.384554,-1.2145176],"name":"cube","rotation":{"angle":0.0,"axis":"x","origin":[6.701704,-1.3154545,18.765545]},"to":[5.8008623,11.984553,4.7854824]},{"faces":{"down":{"rotation":0,"texture":"#0","tintindex":0,"uv":[3.75,6.0625,3.5,6.375]},"east":{"rotation":0,"texture":"#0","tintindex":0,"uv":[8.71875,6.59375,9.03125,6.78125]},"north":{"rotation":0,"texture":"#0","tintindex":0,"uv":[8.96875,2.0625,9.21875,2.25]},"south":{"rotation":0,"texture":"#0","tintindex":0,"uv":[8.96875,2.25,9.21875,2.4375]},"up":{"rotation":0,"texture":"#0","tintindex":0,"uv":[4.0,5.4375,3.75,5.125]},"west":{"rotation":0,"texture":"#0","tintindex":0,"uv":[8.75,1.125,9.0625,1.3125]}},"from":[5.7134542,4.7845535,-1.2145176],"name":"cube","rotation":{"angle":0.0,"axis":"x","origin":[6.374296,-1.3154545,18.765545]},"to":[10.513454,8.384554,4.7854824]},{"faces":{"down":{"rotation":0,"texture":"#0","tintindex":0,"uv":[9.8125,9.34375,9.6875,9.46875]},"east":{"rotation":0,"texture":"#0","tintindex":0,"uv":[6.875,9.375,7.0,9.5625]},"north":{"rotation":0,"texture":"#0","tintindex":0,"uv":[6.75,9.375,6.875,9.5625]},"south":{"rotation":0,"texture":"#0","tintindex":0,"uv":[9.375,7.28125,9.5,7.46875]},"up":{"rotation":0,"texture":"#0","tintindex":0,"uv":[9.8125,8.46875,9.6875,8.34375]},"west":{"rotation":0,"texture":"#0","tintindex":0,"uv":[9.375,7.46875,9.5,7.65625]}},"from":[6.914055,-3.2687678,-4.256268],"name":"cube","rotation":{"angle":22.5,"axis":"x","origin":[8.713454,-2.9954543,15.885545]},"to":[9.312855,0.3300326,-1.8574672]},{"faces":{"down":{"rotation":0,"texture":"#0","tintindex":0,"uv":[9.53125,6.875,9.34375,7.0]},"east":{"rotation":0,"texture":"#0","tintindex":0,"uv":[7.75,0.0,7.875,0.3125]},"north":{"rotation":0,"texture":"#0","tintindex":0,"uv":[1.875,8.6875,2.0625,9.0]},"south":{"rotation":0,"texture":"#0","tintindex":0,"uv":[7.5625,8.71875,7.75,9.03125]},"up":{"rotation":0,"texture":"#0","tintindex":0,"uv":[9.5,9.25,9.3125,9.125]},"west":{"rotation":0,"texture":"#0","tintindex":0,"uv":[8.5,6.90625,8.625,7.21875]}},"from":[6.3074546,2.408531,-0.98902416],"name":"cube","rotation":{"angle":0.0,"axis":"x","origin":[8.713454,-20.155457,27.285545]},"to":[9.919455,8.420532,1.422976]},{"faces":{"down":{"rotation":0,"texture":"#0","tintindex":0,"uv":[7.84375,9.375,7.65625,9.5]},"east":{"rotation":0,"texture":"#0","tintindex":0,"uv":[1.4375,9.0625,1.5625,9.375]},"north":{"rotation":0,"texture":"#0","tintindex":0,"uv":[8.75,5.1875,8.9375,5.5]},"south":{"rotation":0,"texture":"#0","tintindex":0,"uv":[8.75,5.5,8.9375,5.8125]},"up":{"rotation":0,"texture":"#0","tintindex":0,"uv":[9.5625,4.40625,9.375,4.28125]},"west":{"rotation":0,"texture":"#0","tintindex":0,"uv":[2.5,9.0625,2.625,9.375]}},"from":[6.3134546,2.8945317,0.69697547],"name":"cube","rotation":{"angle":0.0,"axis":"x","origin":[8.713454,-20.155457,27.285545]},"to":[9.913454,8.894532,3.0969756]},{"faces":{"down":{"rotation":0,"texture":"#0","tintindex":0,"uv":[9.5625,7.78125,9.375,7.90625]},"east":{"rotation":0,"texture":"#0","tintindex":0,"uv":[2.625,9.0625,2.75,9.375]},"north":{"rotation":0,"texture":"#0","tintindex":0,"uv":[8.78125,0.78125,8.96875,1.09375]},"south":{"rotation":0,"texture":"#0","tintindex":0,"uv":[8.78125,7.75,8.96875,8.0625]},"up":{"rotation":0,"texture":"#0","tintindex":0,