{"display":{"head":{"rotation":[0.0,0.0,0.0],"scale":[3.8095,3.8095,3.8095],"translation":[0.0,-6.4,0.0]}},"elements":[{"faces":{"down":{"rotation":0,"texture":"#0","tintindex":0,"uv":[9.875,4.96875,9.75,5.09375]},"east":{"rotation":0,"texture":"#0","tintindex":0,"uv":[4.625,9.75,4.75,9.875]},"north":{"rotation":0,"texture":"#0","tintindex":0,"uv":[9.75,4.3125,9.875,4.4375]},"south":{"rotation":0,"texture":"#0","tintindex":0,"uv":[9.75,4.625,9.875,4.75]},"up":{"rotation":0,"texture":"#0","tintindex":0,"uv":[5.0,9.875,4.875,9.75]},"west":{"rotation":0,"texture":"#0","tintindex":0,"uv":[4.75,9.75,4.875,9.875]}},"from":[5.791383,-3.565662,7.6280193],"name":"cube","rotation":{"angle":0.0,"axis":"x","origin":[7.3033834,-3.278923,12.211615]},"to":[8.671383,-0.68566036,10.5080185]},{"faces":{"down":{"rotation":0,"texture":"#0","tintindex":0,"uv":[9.875,5.34375,9.75,5.46875]},"east":{"rotation":0,"texture":"#0","tintindex":0,"uv":[9.75,5.09375,9.875,5.21875]},"north":{"rotation":0,"texture":"#0","tintindex":0,"uv":[5.0,9.75,5.125,9.875]},"south":{"rotation":0,"texture":"#0","tintindex":0,"uv":[5.125,9.75,5.25,9.875]},"up":{"rotation":0,"texture":"#0","tintindex":0,"uv":[5.375,9.875,5.25,9.75]},"west":{"rotation":0,"texture":"#0","tintindex":0,"uv":[9.75,5.21875,9.875,5.34375]}},"from":[6.151383,-4.538009,9.523288],"name":"cube","rotation":{"angle":22.5,"axis":"x","origin":[7.3033834,-3.278923,12.211615]},"to":[8.311382,-2.0180097,12.043288]},{"faces":{"down":{"rotation":0,"texture":"#0","tintindex":0,"uv":[5.71875,9.96875,5.625,10.0625]},"east":{"rotation":0,"texture":"#0","tintindex":0,"uv":[5.09375,9.96875,5.1875,10.0625]},"north":{"rotation":0,"texture":"#0","tintindex":0,"uv":[5.0,9.96875,5.09375,10.0625]},"south":{"rotation":0,"texture":"#0","tintindex":0,"uv":[9.96875,5.3125,10.0625,5.40625]},"up":{"rotation":0,"texture":"#0","tintindex":0,"uv":[5.625,10.0625,5.53125,9.96875]},"west":{"rotation":0,"texture":"#0","tintindex":0,"uv":[5.4375,9.96875,5.53125,10.0625]}},"from":[6.511383,-4.1892447,11.710334],"name":"cube","rotation":{"angle":45.0,"axis":"x","origin":[7.3033834,-3.278923,12.211615]},"to":[8.191383,-2.509244,13.390334]},{"faces":{"down":{"rotation":0,"texture":"#0","tintindex":0,"uv":[4.53125,9.84375,4.4375,10.0]},"east":{"rotation":0,"texture":"#0","tintindex":0,"uv":[9.84375,2.78125,10.0,2.875]},"north":{"rotation":0,"texture":"#0","tintindex":0,"uv":[9.96875,5.78125,10.0625,5.875]},"south":{"rotation":0,"texture":"#0","tintindex":0,"uv":[9.96875,5.875,10.0625,5.96875]},"up":{"rotation":0,"texture":"#0","tintindex":0,"uv":[4.4375,10.0,4.34375,9.84375]},"west":{"rotation":0,"texture":"#0","tintindex":0,"uv":[9.84375,3.53125,10.0,3.625]}},"from":[6.751383,-4.64566,12.42802],"name":"cube","rotation":{"angle":0.0,"axis":"x","origin":[7.3033834,-3.278923,12.211615]},"to":[7.951383,-3.445661,14.828019]},{"faces":{"down":{"rotation":0,"texture":"#0","tintindex":0,"uv":[5.8125,9.84375,5.71875,10.0]},"east":{"rotation":0,"texture":"#0","tintindex":0,"uv":[9.84375,4.4375,10.0,4.53125]},"north":{"rotation":0,"texture":"#0","tintindex":0,"uv":[5.96875,9.96875,6.0625,10.0625]},"south":{"rotation":0,"texture":"#0","tintindex":0,"uv":[6.125,9.96875,6.21875,10.0625]},"up":{"rotation":0,"texture":"#0","tintindex":0,"uv":[4.625,10.0,4.53125,9.84375]},"west":{"rotation":0,"texture":"#0","tintindex":0,"uv":[9.84375,4.53125,10.0,4.625]}},"from":[7.231383,-4.907771,13.164095],"name":"cube","rotation":{"angle":-22.5,"axis":"x","origin":[7.543383,-2.8589225,11.731615]},"to":[7.951383,-4.187772,15.084094]},{"faces":{"down":{"rotation":0,"texture":"#0","tintindex":0,"uv":[8.1875,7.34375,7.9375,7.78125]},"east":{"rotation":0,"texture":"#0","tintindex":0,"uv":[7.09375,2.125,7.53125,2.5625]},"north":{"rotation":0,"texture":"#0","tintindex":0,"uv":[7.90625,0.0,8.15625,0.4375]},"south":{"rotation":0,"texture":"#0","tintindex":0,"uv":[7.90625,4.125,8.15625,4.5625]},"up":{"rotation":0,"texture":"#0","tintindex":0,"uv":[8.1875,7.34375,7.9375,6.90625]},"west":{"rotation":0,"texture":"#0","tintindex":0,"uv":[6.59375,7.125,7.03125,7.5625]}},"from":[5.6,3.7005153,3.8671029],"name":"cube","rotation":{"angle":0.0,"axis":"x","origin":[16.400002,-9.9401,14.200988]},"to":[10.4,12.100516,12.267103]},{"faces":{"down":{"rotation":0,"texture":"#0","tintindex":0,"uv":[6.5,8.90625,6.3125,9.21875]},"east":{"rotation":0,"texture":"#0","tintindex":0,"uv":[7.625,7.46875,7.9375,7.84375]},"north":{"rotation":0,"texture":"#0","tintindex":0,"uv":[8.625,3.65625,8.8125,4.03125]},"south":{"rotation":0,"texture":"#0","tintindex":0,"uv":[8.625,6.90625,8.8125,7.28125]},"up":{"rotation":0,"texture":"#0","tintindex":0,"uv":[6.3125,9.21875,6.125,8.90625]},"west":{"rotation":0,"texture":"#0","tintindex":0,"uv":[7.65625,3.0,7.96875,3.375]}},"from":[6.8,-7.540303,-1.569222],"name":"cube","rotation":{"angle":22.5,"axis":"x","origin":[8.6,-15.220099,18.40099]},"to":[10.4,-0.34030342,4.4307775]},{"faces":{"down":{"rotation":0,"texture":"#0","tintindex":0,"uv":[7.0,7.5625,6.75,8.0625]},"east":{"rotation":0,"texture":"#0","tintindex":0,"uv":[1.0625,7.5625,1.5625,7.8125]},"north":{"rotation":0,"texture":"#0","tintindex":0,"uv":[0.0,8.6875,0.25,8.9375]},"south":{"rotation":0,"texture":"#0","tintindex":0,"uv":[0.25,8.6875,0.5,8.9375]},"up":{"rotation":0,"texture":"#0","tintindex":0,"uv":[6.75,8.0625,6.5,7.5625]},"west":{"rotation":0,"texture":"#0","tintindex":0,"uv":[1.5625,7.5625,2.0625,7.8125]}},"from":[4.88,-4.9346123,0.46620584],"name":"cube","rotation":{"angle":0.0,"axis":"x","origin":[8.6,-15.575229,18.240091]},"to":[9.68,-0.13461304,10.066207]},{"faces":{"down":{"rotation":0,"texture":"#0","tintindex":0,"uv":[8.6875,4.625,8.46875,4.96875]},"east":{"rotation":0,"texture":"#0","tintindex":0,"uv":[8.46875,0.0,8.8125,0.21875]},"north":{"rotation":0,"texture":"#0","tintindex":0,"uv":[6.9375,5.875,7.15625,6.09375]},"south":{"rotation":0,"texture":"#0","tintindex":0,"uv":[4.46875,8.9375,4.6875,9.15625]},"up":{"rotation":0,"texture":"#0","tintindex":0,"uv":[8.6875,4.625,8.46875,4.28125]},"west":{"rotation":0,"texture":"#0","tintindex":0,"uv":[8.46875,4.0625,8.8125,4.28125]}},"from":[5.48,-4.334612,-3.7337947],"name":"cube","rotation":{"angle":0.0,"axis":"x","origin":[7.28,-17.855228,9.600092]},"to":[9.08,-0.73461294,2.266206]}],"textures":{"0":"modelengine:entity/nocsy_dragon_saddled_version"}}