{"textures":{"0":"modelengine:entity/nocsy_dragon_saddled_version"},"elements":[{"name":"cube","from":[7.0884457,1.8583041,16.400448],"to":[9.968445,4.738305,19.280449],"rotation":{"angle":0.0,"axis":"x","origin":[16.478336,7.075038,24.765308]},"faces":{"down":{"uv":[2.28125,9.75,2.15625,9.875],"rotation":0,"texture":"#0","tintindex":0},"east":{"uv":[1.78125,9.75,1.90625,9.875],"rotation":0,"texture":"#0","tintindex":0},"north":{"uv":[9.75,1.75,9.875,1.875],"rotation":0,"texture":"#0","tintindex":0},"south":{"uv":[9.75,1.875,9.875,2.0],"rotation":0,"texture":"#0","tintindex":0},"up":{"uv":[2.15625,9.875,2.03125,9.75],"rotation":0,"texture":"#0","tintindex":0},"west":{"uv":[1.90625,9.75,2.03125,9.875],"rotation":0,"texture":"#0","tintindex":0}}},{"name":"cube","from":[7.4484453,-1.8440032,21.115074],"to":[9.608446,0.67599607,23.635075],"rotation":{"angle":22.5,"axis":"x","origin":[12.248339,12.145039,34.755306]},"faces":{"down":{"uv":[3.46875,9.75,3.34375,9.875],"rotation":0,"texture":"#0","tintindex":0},"east":{"uv":[2.28125,9.75,2.40625,9.875],"rotation":0,"texture":"#0","tintindex":0},"north":{"uv":[9.75,2.1875,9.875,2.3125],"rotation":0,"texture":"#0","tintindex":0},"south":{"uv":[3.09375,9.75,3.21875,9.875],"rotation":0,"texture":"#0","tintindex":0},"up":{"uv":[9.875,3.375,9.75,3.25],"rotation":0,"texture":"#0","tintindex":0},"west":{"uv":[3.21875,9.75,3.34375,9.875],"rotation":0,"texture":"#0","tintindex":0}}},{"name":"cube","from":[7.5684457,-3.5341034,26.873226],"to":[9.2484455,-1.8541017,28.553226],"rotation":{"angle":45.0,"axis":"x","origin":[12.248339,12.145039,34.755306]},"faces":{"down":{"uv":[3.34375,9.96875,3.25,10.0625],"rotation":0,"texture":"#0","tintindex":0},"east":{"uv":[9.96875,2.875,10.0625,2.96875],"rotation":0,"texture":"#0","tintindex":0},"north":{"uv":[2.84375,9.96875,2.9375,10.0625],"rotation":0,"texture":"#0","tintindex":0},"south":{"uv":[3.0625,9.96875,3.15625,10.0625],"rotation":0,"texture":"#0","tintindex":0},"up":{"uv":[3.25,10.0625,3.15625,9.96875],"rotation":0,"texture":"#0","tintindex":0},"west":{"uv":[9.96875,3.09375,10.0625,3.1875],"rotation":0,"texture":"#0","tintindex":0}}},{"name":"cube","from":[7.8084455,6.5383034,19.16045],"to":[9.008446,7.738303,20.96045],"rotation":{"angle":-22.5,"axis":"x","origin":[8.408445,7.858304,19.760448]},"faces":{"down":{"uv":[9.96875,6.375,9.875,6.5],"rotation":0,"texture":"#0","tintindex":0},"east":{"uv":[6.125,9.875,6.25,9.96875],"rotation":0,"texture":"#0","tintindex":0},"north":{"uv":[3.34375,9.96875,3.4375,10.0625],"rotation":0,"texture":"#0","tintindex":0},"south":{"uv":[3.4375,9.96875,3.53125,10.0625],"rotation":0,"texture":"#0","tintindex":0},"up":{"uv":[9.96875,6.375,9.875,6.25],"rotation":0,"texture":"#0","tintindex":0},"west":{"uv":[6.25,9.875,6.375,9.96875],"rotation":0,"texture":"#0","tintindex":0}}},{"name":"cube","from":[8.048445,7.236651,20.623081],"to":[8.768446,7.9566526,21.943077],"rotation":{"angle":0.0,"axis":"x","origin":[8.408445,7.836652,21.283077]},"faces":{"down":{"uv":[9.96875,6.96875,9.875,7.09375],"rotation":0,"texture":"#0","tintindex":0},"east":{"uv":[9.875,6.65625,10.0,6.75],"rotation":0,"texture":"#0","tintindex":0},"north":{"uv":[9.96875,3.625,10.0625,3.71875],"rotation":0,"texture":"#0","tintindex":0},"south":{"uv":[3.65625,9.96875,3.75,10.0625],"rotation":0,"texture":"#0","tintindex":0},"up":{"uv":[9.96875,6.96875,9.875,6.84375],"rotation":0,"texture":"#0","tintindex":0},"west":{"uv":[9.875,6.75,10.0,6.84375],"rotation":0,"texture":"#0","tintindex":0}}},{"name":"cube","from":[5.4798284,0.3176942,4.5105724],"to":[10.279829,12.317694,12.910572],"rotation":{"angle":0.0,"axis":"x","origin":[-0.5201719,11.000723,24.463085]},"faces":{"down":{"uv":[8.125,7.84375,7.875,8.28125],"rotation":0,"texture":"#0","tintindex":0},"east":{"uv":[6.5,5.5,6.9375,6.125],"rotation":0,"texture":"#0","tintindex":0},"north":{"uv":[2.875,7.375,3.125,8.0],"rotation":0,"texture":"#0","tintindex":0},"south":{"uv":[3.125,7.375,3.375,8.0],"rotation":0,"texture":"#0","tintindex":0},"up":{"uv":[4.75,8.3125,4.5,7.875],"rotation":0,"texture":"#0","tintindex":0},"west":{"uv":[6.65625,2.3125,7.09375,2.9375],"rotation":0,"texture":"#0","tintindex":0}}},{"name":"cube","from":[5.4858284,-3.6280022,12.729464],"to":[9.073828,2.3599977,21.117462],"rotation":{"angle":22.5,"axis":"x","origin":[-0.5201719,11.000723,24.463085]},"faces":{"down":{"uv":[7.75,8.28125,7.5625,8.71875],"rotation":0,"texture":"#0","tintindex":0},"east":{"uv":[7.53125,5.25,7.96875,5.5625],"rotation":0,"texture":"#0","tintindex":0},"north":{"uv":[5.09375,8.90625,5.28125,9.21875],"rotation":0,"texture":"#0","tintindex":0},"south":{"uv":[5.625,8.90625,5.8125,9.21875],"rotation":0,"texture":"#0","tintindex":0},"up":{"uv":[8.40625,3.34375,8.21875,2.90625],"rotation":0,"texture":"#0","tintindex":0},"west":{"uv":[7.53125,5.5625,7.96875,5.875],"rotation":0,"texture":"#0","tintindex":0}}},{"name":"cube","from":[4.8798285,-10.374876,18.883148],"to":[10.879828,1.6251245,23.683147],"rotation":{"angle":22.5,"axis":"x","origin":[-0.5201719,11.000723,24.463085]},"faces":{"down":{"uv":[8.71875,3.0625,8.40625,3.3125],"rotation":0,"texture":"#0","tintindex":0},"east":{"uv":[3.375,7.375,3.625,8.0],"rotation":0,"texture":"#0","tintindex":0},"north":{"uv":[1.5,6.9375,1.8125,7.5625],"rotation":0,"texture":"#0","tintindex":0},"south":{"uv":[1.8125,6.9375,2.125,7.5625],"rotation":0,"texture":"#0","tintindex":0},"up":{"uv":[8.71875,3.0625,8.40625,2.8125],"rotation":0,"texture":"#0","tintindex":0},"west":{"uv":[4.09375,7.375,4.34375,8.0],"rotation":0,"texture":"#0","tintindex":0}}},{"name":"cube","from":[4.9998283,-10.734875,19.60315],"to":[10.759829,-8.094876,23.563145],"rotation":{"angle":22.5,"axis":"x","origin":[-0.5201719,11.000723,24.463085]},"faces":{"down":{"uv":[8.90625,8.65625,8.59375,8.875],"rotation":0,"texture":"#0","tintindex":0},"east":{"uv":[7.28125,9.125,7.5,9.28125],"rotation":0,"texture":"#0","tintindex":0},"north":{"uv":[5.28125,8.9375,5.59375,9.09375],"rotation":0,"texture":"#0","tintindex":0},"south":{"uv":[8.9375,5.3125,9.25,5.46875],"rotation":0,"texture":"#0","tintindex":0},"up":{"uv":[8.96875,8.65625,8.65625,8.4375],"rotation":0,"texture":"#0","tintindex":0},"west":{"uv":[9.09375,9.125,9.3125,9.28125],"rotation":0,"texture":"#0","tintindex":0}}}],"display":{"head":{"translation":[0.0,-6.4,0.0],"rotation":[0.0,0.0,0.0],"scale":[3.8095,3.8095,3.8095]}}}