{"display":{"head":{"rotation":[0.0,0.0,0.0],"scale":[3.8095,3.8095,3.8095],"translation":[0.0,-6.4,0.0]}},"elements":[{"faces":{"down":{"rotation":0,"texture":"#0","tintindex":0,"uv":[2.125,9.0,1.875,9.1875]},"east":{"rotation":0,"texture":"#0","tintindex":0,"uv":[8.96875,8.1875,9.15625,8.4375]},"north":{"rotation":0,"texture":"#0","tintindex":0,"uv":[6.59375,8.6875,6.84375,8.9375]},"south":{"rotation":0,"texture":"#0","tintindex":0,"uv":[6.84375,8.6875,7.09375,8.9375]},"up":{"rotation":0,"texture":"#0","tintindex":0,"uv":[9.21875,8.625,8.96875,8.4375]},"west":{"rotation":0,"texture":"#0","tintindex":0,"uv":[9.0,0.0,9.1875,0.25]}},"from":[5.753333,9.717016,11.149633],"name":"cube","rotation":{"angle":-22.5,"axis":"x","origin":[8.153334,-6.951994,19.993954]},"to":[10.553333,14.517015,14.749634]},{"faces":{"down":{"rotation":0,"texture":"#0","tintindex":0,"uv":[7.3125,9.4375,7.1875,9.625]},"east":{"rotation":0,"texture":"#0","tintindex":0,"uv":[9.4375,6.6875,9.625,6.8125]},"north":{"rotation":0,"texture":"#0","tintindex":0,"uv":[9.75,8.84375,9.875,8.96875]},"south":{"rotation":0,"texture":"#0","tintindex":0,"uv":[8.90625,9.75,9.03125,9.875]},"up":{"rotation":0,"texture":"#0","tintindex":0,"uv":[6.34375,9.625,6.21875,9.4375]},"west":{"rotation":0,"texture":"#0","tintindex":0,"uv":[7.0,9.4375,7.1875,9.5625]}},"from":[5.033333,13.317016,9.949635],"name":"cube","rotation":{"angle":-22.5,"axis":"x","origin":[8.153334,-6.951994,19.993954]},"to":[7.4333334,15.717016,13.549634]},{"faces":{"down":{"rotation":0,"texture":"#0","tintindex":0,"uv":[9.5625,8.03125,9.4375,8.21875]},"east":{"rotation":0,"texture":"#0","tintindex":0,"uv":[9.4375,7.15625,9.625,7.28125]},"north":{"rotation":0,"texture":"#0","tintindex":0,"uv":[9.75,8.96875,9.875,9.09375]},"south":{"rotation":0,"texture":"#0","tintindex":0,"uv":[9.75,9.21875,9.875,9.34375]},"up":{"rotation":0,"texture":"#0","tintindex":0,"uv":[8.15625,9.625,8.03125,9.4375]},"west":{"rotation":0,"texture":"#0","tintindex":0,"uv":[7.84375,9.4375,8.03125,9.5625]}},"from":[8.753333,13.317016,9.949635],"name":"cube","rotation":{"angle":-22.5,"axis":"x","origin":[8.153334,-6.951994,19.993954]},"to":[11.153334,15.717016,13.549634]},{"faces":{"down":{"rotation":0,"texture":"#0","tintindex":0,"uv":[1.375,9.875,1.28125,10.03125]},"east":{"rotation":0,"texture":"#0","tintindex":0,"uv":[0.96875,9.875,1.125,9.96875]},"north":{"rotation":0,"texture":"#0","tintindex":0,"uv":[7.09375,9.96875,7.1875,10.0625]},"south":{"rotation":0,"texture":"#0","tintindex":0,"uv":[9.96875,7.125,10.0625,7.21875]},"up":{"rotation":0,"texture":"#0","tintindex":0,"uv":[9.96875,1.375,9.875,1.21875]},"west":{"rotation":0,"texture":"#0","tintindex":0,"uv":[1.125,9.875,1.28125,9.96875]}},"from":[9.113333,10.429235,14.844087],"name":"cube","rotation":{"angle":-45.0,"axis":"x","origin":[9.953333,-6.511235,12.277936]},"to":[10.793333,12.109237,17.724087]},{"faces":{"down":{"rotation":0,"texture":"#0","tintindex":0,"uv":[0.0,0.0,0.0,0.25]},"east":{"rotation":0,"texture":"#0","tintindex":0,"uv":[8.6875,7.5,8.9375,7.75]},"north":{"rotation":0,"texture":"#0","tintindex":0,"uv":[0.0,0.0,0.0,0.25]},"south":{"rotation":0,"texture":"#0","tintindex":0,"uv":[0.0,0.0,0.0,0.25]},"up":{"rotation":0,"texture":"#0","tintindex":0,"uv":[0.0,0.25,0.0,0.0]},"west":{"rotation":0,"texture":"#0","tintindex":0,"uv":[8.71875,1.71875,8.96875,1.96875]}},"from":[9.833334,8.209236,10.344087],"name":"cube","rotation":{"angle":-45.0,"axis":"x","origin":[9.953333,-6.511235,12.277936]},"to":[9.833334,13.009236,15.144087]},{"faces":{"down":{"rotation":0,"texture":"#0","tintindex":0,"uv":[0.0,0.0,0.0,0.25]},"east":{"rotation":0,"texture":"#0","tintindex":0,"uv":[8.71875,1.96875,8.96875,2.21875]},"north":{"rotation":0,"texture":"#0","tintindex":0,"uv":[0.0,0.0,0.0,0.25]},"south":{"rotation":0,"texture":"#0","tintindex":0,"uv":[0.0,0.0,0.0,0.25]},"up":{"rotation":0,"texture":"#0","tintindex":0,"uv":[0.0,0.25,0.0,0.0]},"west":{"rotation":0,"texture":"#0","tintindex":0,"uv":[8.71875,2.21875,8.96875,2.46875]}},"from":[6.0533333,8.209236,10.344087],"name":"cube","rotation":{"angle":-45.0,"axis":"x","origin":[9.953333,-6.511235,12.277936]},"to":[6.0533333,13.009236,15.144087]},{"faces":{"down":{"rotation":0,"texture":"#0","tintindex":0,"uv":[0.0,0.0,0.0,0.25]},"east":{"rotation":0,"texture":"#0","tintindex":0,"uv":[8.71875,2.46875,8.96875,2.71875]},"north":{"rotation":0,"texture":"#0","tintindex":0,"uv":[0.0,0.0,0.0,0.25]},"south":{"rotation":0,"texture":"#0","tintindex":0,"uv":[0.0,0.0,0.0,0.25]},"up":{"rotation":0,"texture":"#0","tintindex":0,"uv":[0.0,0.25,0.0,0.0]},"west":{"rotation":0,"texture":"#0","tintindex":0,"uv":[8.71875,2.71875,8.96875,2.96875]}},"from":[7.673333,4.7577744,4.6936164],"name":"cube","rotation":{"angle":-22.5,"axis":"x","origin":[9.953333,-6.511235,12.277936]},"to":[7.673333,9.557775,9.493616]},{"faces":{"down":{"rotation":0,"texture":"#0","tintindex":0,"uv":[1.90625,9.875,1.8125,10.03125]},"east":{"rotation":0,"texture":"#0","tintindex":0,"uv":[9.875,1.375,10.03125,1.46875]},"north":{"rotation":0,"texture":"#0","tintindex":0,"uv":[7.1875,9.96875,7.28125,10.0625]},"south":{"rotation":0,"texture":"#0","tintindex":0,"uv":[9.96875,7.21875,10.0625,7.3125]},"up":{"rotation":0,"texture":"#0","tintindex":0,"uv":[9.96875,1.84375,9.875,1.6875]},"west":{"rotation":0,"texture":"#0","tintindex":0,"uv":[1.65625,9.875,1.8125,9.96875]}},"from":[5.273333,10.429235,14.844087],"name":"cube","rotation":{"angle":-45.0,"axis":"x","origin":[9.953333,-6.511235,12.277936]},"to":[6.953333,12.109237,17.724087]},{"faces":{"down":{"rotation":0,"texture":"#0","tintindex":0,"uv":[9.125,9.4375,9.0,9.625]},"east":{"rotation":0,"texture":"#0","tintindex":0,"uv":[9.4375,8.21875,9.625,8.34375]},"north":{"rotation":0,"texture":"#0","tintindex":0,"uv":[9.78125,0.25,9.90625,0.375]},"south":{"rotation":0,"texture":"#0","tintindex":0,"uv":[9.78125,2.3125,9.90625,2.4375]},"up":{"rotation":0,"texture":"#0","tintindex":0,"uv":[8.28125,9.625,8.15625,9.4375]},"west":{"rotation":0,"texture":"#0","tintindex":0,"uv":[8.4375,9.4375,8.625,9.5625]}},"from":[6.833333,8.637016,9.949635],"name":"cube","rotation":{"angle":-22.5,"axis":"x","origin":[8.153334,-6.951994,19.993954]},"to":[9.233334,11.037016,13.549634]}],"textures":{"0":"modelengine:entity/nocsy_dragon_saddled_version"}}