{"display":{"head":{"rotation":[0.0,0.0,0.0],"scale":[3.8095,3.8095,3.8095],"translation":[0.0,-6.4,59.35119]}},"elements":[{"faces":{"down":{"rotation":0,"texture":"#0","tintindex":0,"uv":[1.53125,9.5625,1.40625,9.6875]},"east":{"rotation":0,"texture":"#0","tintindex":0,"uv":[1.34375,7.8125,1.46875,8.6875]},"north":{"rotation":0,"texture":"#0","tintindex":0,"uv":[1.21875,7.8125,1.34375,8.6875]},"south":{"rotation":0,"texture":"#0","tintindex":0,"uv":[1.46875,7.8125,1.59375,8.6875]},"up":{"rotation":0,"texture":"#0","tintindex":0,"uv":[0.375,9.6875,0.25,9.5625]},"west":{"rotation":0,"texture":"#0","tintindex":0,"uv":[1.59375,7.8125,1.71875,8.6875]}},"from":[6.610997,7.3779726,-8.800002],"name":"cube","rotation":{"angle":0.0,"axis":"x","origin":[7.175767,-12.363139,6.43441]},"to":[9.010997,24.177975,-6.4000015]},{"faces":{"down":{"rotation":0,"texture":"#0","tintindex":0,"uv":[0.0,0.0,0.0,2.125]},"east":{"rotation":0,"texture":"#0","tintindex":0,"uv":[4.0,0.0,6.125,1.375]},"north":{"rotation":0,"texture":"#0","tintindex":0,"uv":[0.0,0.0,0.0,1.375]},"south":{"rotation":0,"texture":"#0","tintindex":0,"uv":[0.0,0.0,0.0,1.375]},"up":{"rotation":0,"texture":"#0","tintindex":0,"uv":[0.0,2.125,0.0,0.0]},"west":{"rotation":0,"texture":"#0","tintindex":0,"uv":[4.0,1.375,6.125,2.75]}},"from":[7.690997,-1.0220304,-8.800002],"name":"cube","rotation":{"angle":0.0,"axis":"x","origin":[7.175767,-12.363139,6.43441]},"to":[7.690997,25.377972,32.0]}],"textures":{"0":"modelengine:entity/nocsy_dragon_saddled_version"}}