{"display":{"head":{"rotation":[0.0,0.0,0.0],"scale":[3.8095,3.8095,3.8095],"translation":[0.0,-6.4,0.0]}},"elements":[{"faces":{"down":{"rotation":0,"texture":"#0","tintindex":0,"uv":[10.5,0.0,11.125,0.75]},"east":{"rotation":0,"texture":"#0","tintindex":0,"uv":[8.625,9.25,7.875,10.25]},"north":{"rotation":0,"texture":"#0","tintindex":0,"uv":[10.125,0.75,9.5,1.75]},"south":{"rotation":0,"texture":"#0","tintindex":0,"uv":[2.625,9.625,2.0,10.625]},"up":{"rotation":0,"texture":"#0","tintindex":0,"uv":[10.375,10.0,11.0,9.25]},"west":{"rotation":0,"texture":"#0","tintindex":0,"uv":[10.0,6.25,9.25,7.25]}},"from":[4.9797745,5.6361427,6.721095],"name":"cube","rotation":{"angle":0.0,"axis":"x","origin":[10.283415,5.7760468,4.006531]},"to":[7.979775,10.436143,10.321095]},{"faces":{"down":{"rotation":0,"texture":"#0","tintindex":0,"uv":[5.25,8.25,5.75,8.75]},"east":{"rotation":0,"texture":"#0","tintindex":0,"uv":[10.75,2.625,10.25,3.625]},"north":{"rotation":0,"texture":"#0","tintindex":0,"uv":[10.625,7.0,10.125,8.0]},"south":{"rotation":0,"texture":"#0","tintindex":0,"uv":[10.25,10.125,9.75,11.125]},"up":{"rotation":0,"texture":"#0","tintindex":0,"uv":[3.875,8.25,4.375,7.75]},"west":{"rotation":0,"texture":"#0","tintindex":0,"uv":[9.75,10.125,9.25,11.125]}},"from":[5.579775,0.8361435,7.9210954],"name":"cube","rotation":{"angle":0.0,"axis":"x","origin":[10.283415,0.9760475,4.006531]},"to":[7.979775,5.6361427,10.321095]}],"textures":{"0":"modelengine:entity/pharaoh"}}