{"display":{"head":{"rotation":[0.0,0.0,0.0],"scale":[3.8095,3.8095,3.8095],"translation":[0.0,-6.4,0.0]}},"elements":[{"faces":{"down":{"rotation":0,"texture":"#0","tintindex":0,"uv":[11.0,11.125,11.5,11.75]},"east":{"rotation":0,"texture":"#0","tintindex":0,"uv":[6.875,9.0,6.25,10.25]},"north":{"rotation":0,"texture":"#0","tintindex":0,"uv":[6.125,9.625,5.625,10.875]},"south":{"rotation":0,"texture":"#0","tintindex":0,"uv":[10.125,7.25,9.625,8.5]},"up":{"rotation":0,"texture":"#0","tintindex":0,"uv":[9.75,11.75,10.25,11.125]},"west":{"rotation":0,"texture":"#0","tintindex":0,"uv":[5.0,9.0,4.375,10.25]}},"from":[6.913127,6.342615,15.591299],"name":"cube","rotation":{"angle":-45.0,"axis":"x","origin":[10.850828,0.92290473,16.94383]},"to":[9.3131275,12.342616,18.5913]},{"faces":{"down":{"rotation":0,"texture":"#0","tintindex":0,"uv":[11.625,5.5,12.125,5.875]},"east":{"rotation":0,"texture":"#0","tintindex":0,"uv":[11.875,4.375,11.5,5.125]},"north":{"rotation":0,"texture":"#0","tintindex":0,"uv":[11.5,9.25,11.0,10.0]},"south":{"rotation":0,"texture":"#0","tintindex":0,"uv":[11.5,10.0,11.0,10.75]},"up":{"rotation":0,"texture":"#0","tintindex":0,"uv":[11.625,5.5,12.125,5.125]},"west":{"rotation":0,"texture":"#0","tintindex":0,"uv":[1.875,11.5,1.5,12.25]}},"from":[6.913127,-2.9989238,13.496653],"name":"cube","rotation":{"angle":22.5,"axis":"x","origin":[10.850828,-3.9197364,20.689415]},"to":[9.3131275,0.60107684,15.296653]},{"faces":{"down":{"rotation":0,"texture":"#0","tintindex":0,"uv":[11.625,3.25,12.125,3.625]},"east":{"rotation":0,"texture":"#0","tintindex":0,"uv":[11.375,7.125,11.0,8.125]},"north":{"rotation":0,"texture":"#0","tintindex":0,"uv":[8.125,10.25,7.625,11.25]},"south":{"rotation":0,"texture":"#0","tintindex":0,"uv":[8.625,10.25,8.125,11.25]},"up":{"rotation":0,"texture":"#0","tintindex":0,"uv":[9.5,2.125,10.0,1.75]},"west":{"rotation":0,"texture":"#0","tintindex":0,"uv":[3.75,11.0,3.375,12.0]}},"from":[6.913127,1.5426148,15.591299],"name":"cube","rotation":{"angle":-45.0,"axis":"x","origin":[10.850828,0.92290473,16.94383]},"to":[9.3131275,6.342615,17.3913]},{"faces":{"down":{"rotation":0,"texture":"#0","tintindex":0,"uv":[8.5,11.5,9.0,12.0]},"east":{"rotation":0,"texture":"#0","tintindex":0,"uv":[12.375,1.625,11.875,1.875]},"north":{"rotation":0,"texture":"#0","tintindex":0,"uv":[12.0,11.75,11.5,12.0]},"south":{"rotation":0,"texture":"#0","tintindex":0,"uv":[12.375,1.375,11.875,1.625]},"up":{"rotation":0,"texture":"#0","tintindex":0,"uv":[10.125,8.5,10.625,8.0]},"west":{"rotation":0,"texture":"#0","tintindex":0,"uv":[12.375,1.125,11.875,1.375]}},"from":[6.913127,-0.41311288,14.700564],"name":"cube","rotation":{"angle":-22.5,"axis":"x","origin":[10.850828,-3.326013,18.068596]},"to":[9.3131275,0.78688717,17.100563]}],"textures":{"0":"modelengine:entity/pharaoh"}}