{"display":{"head":{"rotation":[0.0,0.0,0.0],"scale":[3.8095,3.8095,3.8095],"translation":[0.0,-6.4,0.0]}},"elements":[{"faces":{"down":{"rotation":0,"texture":"#0","tintindex":0,"uv":[11.5,11.125,11.0,11.75]},"east":{"rotation":0,"texture":"#0","tintindex":0,"uv":[4.375,9.0,5.0,10.25]},"north":{"rotation":0,"texture":"#0","tintindex":0,"uv":[5.625,9.625,6.125,10.875]},"south":{"rotation":0,"texture":"#0","tintindex":0,"uv":[9.625,7.25,10.125,8.5]},"up":{"rotation":0,"texture":"#0","tintindex":0,"uv":[10.25,11.75,9.75,11.125]},"west":{"rotation":0,"texture":"#0","tintindex":0,"uv":[6.25,9.0,6.875,10.25]}},"from":[6.6868725,6.342615,15.591299],"name":"cube","rotation":{"angle":-45.0,"axis":"x","origin":[5.149173,0.92290473,16.94383]},"to":[9.086873,12.342616,18.5913]},{"faces":{"down":{"rotation":0,"texture":"#0","tintindex":0,"uv":[12.125,5.5,11.625,5.875]},"east":{"rotation":0,"texture":"#0","tintindex":0,"uv":[1.5,11.5,1.875,12.25]},"north":{"rotation":0,"texture":"#0","tintindex":0,"uv":[11.0,9.25,11.5,10.0]},"south":{"rotation":0,"texture":"#0","tintindex":0,"uv":[11.0,10.0,11.5,10.75]},"up":{"rotation":0,"texture":"#0","tintindex":0,"uv":[12.125,5.5,11.625,5.125]},"west":{"rotation":0,"texture":"#0","tintindex":0,"uv":[11.5,4.375,11.875,5.125]}},"from":[6.6868725,-2.9989238,13.496653],"name":"cube","rotation":{"angle":22.5,"axis":"x","origin":[5.149173,-3.9197364,20.689415]},"to":[9.086873,0.60107684,15.296653]},{"faces":{"down":{"rotation":0,"texture":"#0","tintindex":0,"uv":[12.125,3.25,11.625,3.625]},"east":{"rotation":0,"texture":"#0","tintindex":0,"uv":[3.375,11.0,3.75,12.0]},"north":{"rotation":0,"texture":"#0","tintindex":0,"uv":[7.625,10.25,8.125,11.25]},"south":{"rotation":0,"texture":"#0","tintindex":0,"uv":[8.125,10.25,8.625,11.25]},"up":{"rotation":0,"texture":"#0","tintindex":0,"uv":[10.0,2.125,9.5,1.75]},"west":{"rotation":0,"texture":"#0","tintindex":0,"uv":[11.0,7.125,11.375,8.125]}},"from":[6.6868725,1.5426148,15.591299],"name":"cube","rotation":{"angle":-45.0,"axis":"x","origin":[5.149173,0.92290473,16.94383]},"to":[9.086873,6.342615,17.3913]},{"faces":{"down":{"rotation":0,"texture":"#0","tintindex":0,"uv":[9.0,11.5,8.5,12.0]},"east":{"rotation":0,"texture":"#0","tintindex":0,"uv":[11.875,1.125,12.375,1.375]},"north":{"rotation":0,"texture":"#0","tintindex":0,"uv":[11.5,11.75,12.0,12.0]},"south":{"rotation":0,"texture":"#0","tintindex":0,"uv":[11.875,1.375,12.375,1.625]},"up":{"rotation":0,"texture":"#0","tintindex":0,"uv":[10.625,8.5,10.125,8.0]},"west":{"rotation":0,"texture":"#0","tintindex":0,"uv":[11.875,1.625,12.375,1.875]}},"from":[6.6868725,-0.41311288,14.700564],"name":"cube","rotation":{"angle":-22.5,"axis":"x","origin":[5.149173,-3.326013,18.068596]},"to":[9.086873,0.78688717,17.100563]}],"textures":{"0":"modelengine:entity/pharaoh"}}