{"credit":"Made with Blockbench","display":{"firstperson_lefthand":{"scale":[0.52,0.52,0.52],"translation":[-3,2.75,-0.25]},"firstperson_righthand":{"scale":[0.52,0.52,0.52],"translation":[-2,3,0]},"fixed":{"rotation":[-1,0,0],"scale":[0.8,0.8,0.8],"translation":[0,0.25,-6.75]},"ground":{"rotation":[90,0,0],"scale":[0.54,0.54,0.54],"translation":[1.5,2.25,-1]},"gui":{"rotation":[0,147,47],"scale":[0.62,0.62,0.62],"translation":[-3,-1.25,0]},"head":{"rotation":[0,-180,0],"scale":[0.7,0.7,0.7],"translation":[-0.25,-15.25,7.75]},"thirdperson_lefthand":{"scale":[0.52,0.52,0.52],"translation":[0,0.25,-3.25]},"thirdperson_righthand":{"rotation":[2,0,0],"scale":[0.52,0.52,0.52],"translation":[0,-0.25,-3]}},"elements":[{"faces":{"down":{"texture":"#0","uv":[3.99931,0,5.99859,1.99927]},"east":{"texture":"#0","uv":[0,1.99927,1.99927,3.99855]},"north":{"texture":"#0","uv":[1.99927,1.99927,3.99779,3.99855]},"south":{"texture":"#0","uv":[5.99935,1.99927,7.99862,3.99855]},"up":{"rotation":180,"texture":"#0","uv":[1.99927,0,3.99855,1.99927]},"west":{"texture":"#0","uv":[3.99931,1.99927,5.99859,3.99855]}},"from":[3,9.25,8],"rotation":{"angle":-22.5,"axis":"x","origin":[8,3.25,10]},"to":[12,18.25,17]},{"faces":{"down":{"texture":"#0","uv":[12.24947,0,14.24798,1.99851]},"east":{"texture":"#0","uv":[7.99939,1.99927,9.9979,3.99779]},"north":{"texture":"#0","uv":[9.99942,1.99927,11.99718,3.99779]},"south":{"texture":"#0","uv":[13.99993,1.99989,15.99776,3.99806]},"up":{"rotation":180,"texture":"#0","uv":[9.99942,0,11.99793,1.99851]},"west":{"texture":"#0","uv":[11.99946,1.99927,13.99797,3.99779]}},"from":[2.8,9.05,7.95],"rotation":{"angle":-22.5,"axis":"x","origin":[8,3.25,10.25]},"to":[12.2,18.45,17.35]},{"faces":{"down":{"texture":"#0","uv":[6.99937,3.99931,8.89879,4.99857]},"east":{"texture":"#0","uv":[3.99931,4.99933,4.99857,7.99863]},"north":{"texture":"#0","uv":[4.99933,4.99933,6.89876,7.99863]},"south":{"texture":"#0","uv":[7.99939,4.99933,9.89881,7.99863]},"up":{"texture":"#0","uv":[4.99933,3.99931,6.89876,4.99857]},"west":{"texture":"#0","uv":[6.99937,4.99933,7.99863,7.99863]}},"from":[5,4,10.199],"rotation":{"angle":0,"axis":"y","origin":[8,5,9]},"to":[9.9,11,12.699]},{"faces":{"down":{"texture":"#0","uv":[7,8,8.899,9]},"east":{"texture":"#0","uv":[3.99931,8.99941,4.99857,11.9987]},"north":{"texture":"#0","uv":[4.99933,8.99941,6.89876,11.9987]},"south":{"texture":"#0","uv":[7.99984,8.99982,9.89915,11.99904]},"up":{"texture":"#0","uv":[5,8,6.899,9]},"west":{"texture":"#0","uv":[6.99937,8.99941,7.99863,11.9987]}},"from":[4.8,3.8,9.999],"rotation":{"angle":0,"axis":"y","origin":[8,5,9]},"to":[10.1,11.2,12.899]},{"faces":{"down":{"rotation":90,"texture":"#0","uv":[10,9,11,12]},"east":{"rotation":90,"texture":"#0","uv":[11,8,12,9]},"north":{"rotation":270,"texture":"#0","uv":[11,9,12,12]},"south":{"rotation":90,"texture":"#0","uv":[13,9,14,12]},"up":{"rotation":270,"texture":"#0","uv":[13,12,12,9]},"west":{"rotation":270,"texture":"#0","uv":[12,8,13,9]}},"from":[-2.32868,8.87868,10],"rotation":{"angle":-45,"axis":"z","origin":[4,9.75,11.5]},"to":[5.07132,11.67868,13]},{"faces":{"down":{"rotation":270,"texture":"#0","uv":[15,13,16,16]},"east":{"texture":"#0","uv":[14,12,15,13]},"north":{"rotation":90,"texture":"#0","uv":[13,13,14,16]},"south":{"rotation":270,"texture":"#0","uv":[12,13,13,16]},"up":{"rotation":270,"texture":"#0","uv":[14,13,15,16]},"west":{"rotation":180,"texture":"#0","uv":[13,12,14,13]}},"from":[9.05,11,10],"rotation":{"angle":45,"axis":"z","origin":[12.75,11.5,11.5]},"to":[16.45,14,12.8]},{"faces":{"down":{"rotation":270,"texture":"#0","uv":[8,13,9,15.999]},"east":{"rotation":270,"texture":"#0","uv":[10,12,11,13]},"north":{"rotation":90,"texture":"#0","uv":[11,13,12,16]},"south":{"rotation":270,"texture":"#0","uv":[9,13,10,16]},"up":{"rotation":270,"texture":"#0","uv":[10,13,11,15.999]},"west":{"rotation":270,"texture":"#0","uv":[9,12,10,13]}},"from":[9.20711,10.74289,10.2],"rotation":{"angle":45,"axis":"z","origin":[12,11.5,11.5]},"to":[16.20711,13.19289,12.7]},{"faces":{"down":{"rotation":180,"texture":"#0","uv":[9,12,10,13]},"east":{"rotation":180,"texture":"#0","uv":[8,13,9,15.999]},"north":{"rotation":180,"texture":"#0","uv":[11,13,12,16]},"south":{"rotation":180,"texture":"#0","uv":[9,13,10,16]},"up":{"rotation":180,"texture":"#0","uv":[10,12,11,13]},"west":{"rotation":180,"texture":"#0","uv":[10,13,11,15.999]}},"from":[1.80711,9.20711,10.2],"rotation":{"angle":45,"axis":"z","origin":[3.5,12,11.5]},"to":[4.25711,16.20711,12.7]},{"faces":{"down":{"rotation":180,"texture":"#0","uv":[2,8,3,9]},"east":{"texture":"#0","uv":[0,9,1,12]},"north":{"texture":"#0","uv":[1,9,1.899,11.999]},"south":{"texture":"#0","uv":[3,9,4,12]},"up":{"rotation":180,"texture":"#0","uv":[1,8,2,9]},"west":{"texture":"#0","uv":[2,9,3,12]}},"from":[7.1,-3.15,9.975],"rotation":{"angle":0,"axis":"y","origin":[8.5,3.5,9.25]},"to":[10.15,4.25,12.75]},{"faces":{"down":{"rotation":180,"texture":"#0","uv":[2,4,3,5]},"east":{"texture":"#0","uv":[0,5,1,8]},"north":{"texture":"#0","uv":[1,5,1.899,7.999]},"south":{"texture":"#0","uv":[3,5,4,8]},"up":{"rotation":180,"texture":"#0","uv":[1,4,2,5]},"west":{"texture":"#0","uv":[2,5,3,8]}},"from":[7.45,-2.95,10.05],"rotation":{"angle":0,"axis":"y","origin":[8.75,3.5,9.25]},"to":[9.9,4.05,12.55]},{"faces":{"down":{"rotation":180,"texture":"#0","uv":[2,12,3,13]},"east":{"texture":"#0","uv":[0,13,1,16]},"north":{"texture":"#0","uv":[1,13,1.899,15.999]},"south":{"texture":"#0","uv":[3,13,4,16]},"up":{"rotation":180,"texture":"#0","uv":[1,12,2,13]},"west":{"texture":"#0","uv":[2.25,13,3.25,16]}},"from":[5.00224,-3.15,9.94037],"rotation":{"angle":-22.5,"axis":"y","origin":[8.25,3.5,9.75]},"to":[7.70224,4.25,12.76537]},{"faces":{"down":{"rotation":90,"texture":"#0","uv":[5.999,12,6.999,13]},"east":{"texture":"#0","uv":[5,13,6,16]},"north":{"texture":"#0","uv":[5.999,13,6.999,15.999]},"south":{"texture":"#0","uv":[4,13,5,15.999]},"up":{"rotation":270,"texture":"#0","uv":[5,12,6,13]},"west":{"texture":"#0","uv":[7,13,8,16]}},"from":[4.45,-2.95,10.2],"rotation":{"angle":-22.5,"axis":"y","origin":[7.75,3.5,11.5]},"to":[6.95,4.05,12.65]},{"faces":{"down":{"texture":"#1","uv":[5,5,9,7]},"east":{"texture":"#1","uv":[6,0,8,16]},"north":{"texture":"#1","uv":[4,0,8,16]},"south":{"texture":"#1","uv":[5,0,9,16]},"up":{"texture":"#1","uv":[7,5,11,7]},"west":{"texture":"#1","uv":[7,0,9,16]}},"from":[5.5,-6,12.7499],"rotation":{"angle":0,"axis":"y","origin":[15.25,8,20.75]},"to":[9.25,22.75,14.2499]},{"faces":{"down":{"texture":"#1","uv":[0,7,16,9]},"east":{"texture":"#1","uv":[0,0,1.5,2.5]},"north":{"texture":"#1","uv":[0,5,16,8]},"south":{"texture":"#1","uv":[0,0,16,3]},"up":{"texture":"#1","uv":[0,8,16,10]},"west":{"texture":"#1","uv":[6,5,8,8]}},"from":[-0.25,12.25,12.75],"rotation":{"angle":0,"axis":"y","origin":[15,20.25,21.25]},"to":[15.75,14.75,14.25]}],"groups":[{"children":[0,1],"name":"Голова","origin":[8,8,8]},{"children":[2,3],"name":"Грудь","origin":[8,8,8]},{"children":[4],"name":"Левая рука","origin":[8,8,8]},{"children":[5,6,7],"name":"Правая рука","origin":[8,8,8]},{"children":[8,9],"name":"Левая нога","origin":[8,8,8]},{"children":[10,11],"name":"Правая нога","origin":[8,8,8]},12,13],"textures":{"0":"gospodgospodnytext/gospodgospodny","1":"block/beehive_end","particle":"gospodgospodnytext/gospodgospodny"}}