{"display":{"head":{"rotation":[0.0,0.0,0.0],"scale":[3.8095,3.8095,3.8095],"translation":[0.0,-6.4,0.0]}},"elements":[{"faces":{"down":{"rotation":0,"texture":"#5","tintindex":0,"uv":[6.7375,15.5125,6.6375,15.6125]},"east":{"rotation":0,"texture":"#5","tintindex":0,"uv":[10.2625,14.8875,10.3625,15.1125]},"north":{"rotation":0,"texture":"#5","tintindex":0,"uv":[10.0125,14.8875,10.1125,15.1125]},"south":{"rotation":0,"texture":"#5","tintindex":0,"uv":[10.5125,14.8875,10.6125,15.1125]},"up":{"rotation":0,"texture":"#5","tintindex":0,"uv":[15.6125,6.6125,15.5125,6.5125]},"west":{"rotation":0,"texture":"#5","tintindex":0,"uv":[14.8875,10.7625,14.9875,10.9875]}},"from":[7.1,-0.40000033,8.17625],"name":"reaperfald_13","rotation":{"angle":0.0,"axis":"x","origin":[9.5,21.2,8.0]},"to":[7.7,0.7999997,8.35625]},{"faces":{"down":{"rotation":0,"texture":"#5","tintindex":0,"uv":[15.1125,10.2625,14.8875,10.3625]},"east":{"rotation":0,"texture":"#5","tintindex":0,"uv":[8.5125,14.3875,8.6125,14.7375]},"north":{"rotation":0,"texture":"#5","tintindex":0,"uv":[11.8875,12.5125,12.1125,12.8625]},"south":{"rotation":0,"texture":"#5","tintindex":0,"uv":[12.2625,12.5125,12.4875,12.8625]},"up":{"rotation":0,"texture":"#5","tintindex":0,"uv":[15.1125,8.9875,14.8875,8.8875]},"west":{"rotation":0,"texture":"#5","tintindex":0,"uv":[8.7625,14.3875,8.8625,14.7375]}},"from":[7.1,0.7999997,8.17625],"name":"reaperfald_10","rotation":{"angle":0.0,"axis":"x","origin":[9.5,21.2,8.0]},"to":[8.3,2.6,8.35625]},{"faces":{"down":{"rotation":0,"texture":"#5","tintindex":0,"uv":[7.2375,15.5125,7.1375,15.6125]},"east":{"rotation":0,"texture":"#5","tintindex":0,"uv":[1.7625,11.1375,1.8625,12.2375]},"north":{"rotation":0,"texture":"#5","tintindex":0,"uv":[1.5125,11.1375,1.6125,12.2375]},"south":{"rotation":0,"texture":"#5","tintindex":0,"uv":[2.0125,11.1375,2.1125,12.2375]},"up":{"rotation":0,"texture":"#5","tintindex":0,"uv":[6.9875,15.6125,6.8875,15.5125]},"west":{"rotation":0,"texture":"#5","tintindex":0,"uv":[2.2625,11.1375,2.3625,12.2375]}},"from":[6.5,1.9999998,8.17625],"name":"reaperfald_5","rotation":{"angle":0.0,"axis":"x","origin":[9.5,21.2,8.0]},"to":[7.1,7.4,8.35625]},{"faces":{"down":{"rotation":0,"texture":"#5","tintindex":0,"uv":[10.1125,14.3875,9.7625,14.4875]},"east":{"rotation":0,"texture":"#5","tintindex":0,"uv":[5.0125,11.6375,5.1125,12.6125]},"north":{"rotation":0,"texture":"#5","tintindex":0,"uv":[5.8875,7.2625,6.2375,8.2375]},"south":{"rotation":0,"texture":"#5","tintindex":0,"uv":[6.3875,7.2625,6.7375,8.2375]},"up":{"rotation":0,"texture":"#5","tintindex":0,"uv":[9.3625,14.4875,9.0125,14.3875]},"west":{"rotation":0,"texture":"#5","tintindex":0,"uv":[7.2625,11.6375,7.3625,12.6125]}},"from":[7.1,2.6,8.17625],"name":"reaperfald_1","rotation":{"angle":0.0,"axis":"x","origin":[9.5,21.2,8.0]},"to":[8.9,7.4,8.35625]},{"faces":{"down":{"rotation":0,"texture":"#5","tintindex":0,"uv":[14.7375,11.1375,14.3875,11.2375]},"east":{"rotation":0,"texture":"#5","tintindex":0,"uv":[7.3875,15.5125,7.4875,15.6125]},"north":{"rotation":0,"texture":"#5","tintindex":0,"uv":[14.3875,10.0125,14.7375,10.1125]},"south":{"rotation":0,"texture":"#5","tintindex":0,"uv":[14.3875,10.2625,14.7375,10.3625]},"up":{"rotation":0,"texture":"#5","tintindex":0,"uv":[10.8625,14.4875,10.5125,14.3875]},"west":{"rotation":0,"texture":"#5","tintindex":0,"uv":[15.5125,7.5125,15.6125,7.6125]}},"from":[7.1,7.4,8.02625],"name":"reaperfald_2","rotation":{"angle":0.0,"axis":"x","origin":[9.5,26.0,7.85]},"to":[8.9,8.0,8.20625]},{"faces":{"down":{"rotation":0,"texture":"#5","tintindex":0,"uv":[15.6125,7.7625,15.5125,7.8625]},"east":{"rotation":0,"texture":"#5","tintindex":0,"uv":[2.6375,12.7625,2.7375,13.3625]},"north":{"rotation":0,"texture":"#5","tintindex":0,"uv":[2.3875,12.7625,2.4875,13.3625]},"south":{"rotation":0,"texture":"#5","tintindex":0,"uv":[2.8875,12.7625,2.9875,13.3625]},"up":{"rotation":0,"texture":"#5","tintindex":0,"uv":[7.7375,15.6125,7.6375,15.5125]},"west":{"rotation":0,"texture":"#5","tintindex":0,"uv":[3.5125,12.7625,3.6125,13.3625]}},"from":[8.9,4.3999996,8.17625],"name":"reaperfald_4","rotation":{"angle":0.0,"axis":"x","origin":[9.5,21.2,8.0]},"to":[9.5,7.4,8.35625]}],"textures":{"0":"modelengine:entity/boneshadingreaper","1":"modelengine:entity/boneshadin2reeaperxd","2":"modelengine:entity/reapercloak","3":"modelengine:entity/osdeculo","4":"modelengine:entity/reaperfald","5":"modelengine:entity/fallenreapervoid"}}