{"display":{"head":{"rotation":[0.0,0.0,0.0],"scale":[3.8095,3.8095,3.8095],"translation":[0.0,-6.4,0.0]}},"elements":[{"faces":{"down":{"rotation":0,"texture":"#5","tintindex":0,"uv":[14.4875,12.1375,14.0125,12.2375]},"east":{"rotation":0,"texture":"#5","tintindex":0,"uv":[1.0125,10.2625,1.1125,11.3625]},"north":{"rotation":0,"texture":"#5","tintindex":0,"uv":[2.6375,5.3875,3.1125,6.4875]},"south":{"rotation":0,"texture":"#5","tintindex":0,"uv":[3.2625,5.3875,3.7375,6.4875]},"up":{"rotation":0,"texture":"#5","tintindex":0,"uv":[14.4875,11.9875,14.0125,11.8875]},"west":{"rotation":0,"texture":"#5","tintindex":0,"uv":[7.6375,10.8875,7.7375,11.9875]}},"from":[6.74,2.65454,7.85],"name":"reaperfald_1","rotation":{"angle":0.0,"axis":"x","origin":[2.5399995,21.25454,7.85]},"to":[9.139999,8.054541,8.15]},{"faces":{"down":{"rotation":0,"texture":"#5","tintindex":0,"uv":[15.6125,2.5125,15.5125,2.6125]},"east":{"rotation":0,"texture":"#5","tintindex":0,"uv":[11.5125,12.6375,11.6125,13.2375]},"north":{"rotation":0,"texture":"#5","tintindex":0,"uv":[11.2625,12.6375,11.3625,13.2375]},"south":{"rotation":0,"texture":"#5","tintindex":0,"uv":[12.6375,12.5125,12.7375,13.1125]},"up":{"rotation":0,"texture":"#5","tintindex":0,"uv":[15.6125,2.3625,15.5125,2.2625]},"west":{"rotation":0,"texture":"#5","tintindex":0,"uv":[0.0125,12.7625,0.1125,13.3625]}},"from":[6.14,4.4545403,7.85],"name":"reaperfald_5","rotation":{"angle":0.0,"axis":"x","origin":[2.5399995,21.25454,7.85]},"to":[6.74,7.4545403,8.15]},{"faces":{"down":{"rotation":0,"texture":"#5","tintindex":0,"uv":[15.1125,8.6375,14.8875,8.7375]},"east":{"rotation":0,"texture":"#5","tintindex":0,"uv":[7.2625,14.0125,7.3625,14.4875]},"north":{"rotation":0,"texture":"#5","tintindex":0,"uv":[11.5125,4.2625,11.7375,4.7375]},"south":{"rotation":0,"texture":"#5","tintindex":0,"uv":[4.6375,11.6375,4.8625,12.1125]},"up":{"rotation":0,"texture":"#5","tintindex":0,"uv":[15.1125,8.4875,14.8875,8.3875]},"west":{"rotation":0,"texture":"#5","tintindex":0,"uv":[7.5125,14.0125,7.6125,14.4875]}},"from":[7.34,0.25453997,7.85],"name":"reaperfald_10","rotation":{"angle":0.0,"axis":"x","origin":[2.5399995,21.25454,7.85]},"to":[8.54,2.65454,8.15]},{"faces":{"down":{"rotation":0,"texture":"#5","tintindex":0,"uv":[15.6125,3.2625,15.5125,3.3625]},"east":{"rotation":0,"texture":"#5","tintindex":0,"uv":[0.5125,12.7625,0.6125,13.3625]},"north":{"rotation":0,"texture":"#5","tintindex":0,"uv":[0.2625,12.7625,0.3625,13.3625]},"south":{"rotation":0,"texture":"#5","tintindex":0,"uv":[12.7625,1.3875,12.8625,1.9875]},"up":{"rotation":0,"texture":"#5","tintindex":0,"uv":[15.6125,3.1125,15.5125,3.0125]},"west":{"rotation":0,"texture":"#5","tintindex":0,"uv":[12.7625,2.1375,12.8625,2.7375]}},"from":[9.139999,4.4545403,7.85],"name":"reaperfald_6","rotation":{"angle":0.0,"axis":"x","origin":[2.5399995,21.25454,7.85]},"to":[9.74,7.4545403,8.15]},{"faces":{"down":{"rotation":0,"texture":"#5","tintindex":0,"uv":[15.6125,5.8875,15.5125,5.9875]},"east":{"rotation":0,"texture":"#5","tintindex":0,"uv":[4.8875,15.5125,4.9875,15.6125]},"north":{"rotation":0,"texture":"#5","tintindex":0,"uv":[4.6375,15.5125,4.7375,15.6125]},"south":{"rotation":0,"texture":"#5","tintindex":0,"uv":[5.1375,15.5125,5.2375,15.6125]},"up":{"rotation":0,"texture":"#5","tintindex":0,"uv":[5.9875,15.6125,5.8875,15.5125]},"west":{"rotation":0,"texture":"#5","tintindex":0,"uv":[5.3875,15.5125,5.4875,15.6125]}},"from":[7.94,-0.34546018,7.85],"name":"reaperfald_14","rotation":{"angle":0.0,"axis":"x","origin":[2.5399995,21.25454,7.85]},"to":[8.54,0.25453997,8.15]}],"textures":{"0":"modelengine:entity/boneshadingreaper","1":"modelengine:entity/boneshadin2reeaperxd","2":"modelengine:entity/reapercloak","3":"modelengine:entity/osdeculo","4":"modelengine:entity/reaperfald","5":"modelengine:entity/fallenreapervoid"}}