{"display":{"head":{"rotation":[0.0,0.0,0.0],"scale":[3.8095,3.8095,3.8095],"translation":[0.0,-6.4,0.0]}},"elements":[{"faces":{"down":{"rotation":0,"texture":"#5","tintindex":0,"uv":[4.8625,4.3875,4.1375,5.2375]},"east":{"rotation":0,"texture":"#5","tintindex":0,"uv":[7.6375,2.3875,8.4875,2.7375]},"north":{"rotation":0,"texture":"#5","tintindex":0,"uv":[3.7625,8.2625,4.4875,8.6125]},"south":{"rotation":0,"texture":"#5","tintindex":0,"uv":[4.6375,8.3875,5.3625,8.7375]},"up":{"rotation":0,"texture":"#5","tintindex":0,"uv":[4.8625,4.2375,4.1375,3.3875]},"west":{"rotation":0,"texture":"#5","tintindex":0,"uv":[7.6375,3.3875,8.4875,3.7375]}},"from":[6.2,10.700001,6.3050003],"name":"vacuum","rotation":{"angle":0.0,"axis":"x","origin":[-9.085769,13.977153,2.2072997]},"to":[9.8,12.5,10.31]},{"faces":{"down":{"rotation":0,"texture":"#5","tintindex":0,"uv":[3.9875,1.6375,3.0125,2.3625]},"east":{"rotation":0,"texture":"#5","tintindex":0,"uv":[6.1375,2.1375,6.8625,2.7375]},"north":{"rotation":0,"texture":"#5","tintindex":0,"uv":[5.0125,2.3875,5.9875,2.9875]},"south":{"rotation":0,"texture":"#5","tintindex":0,"uv":[5.0125,3.1375,5.9875,3.7375]},"up":{"rotation":0,"texture":"#5","tintindex":0,"uv":[3.8625,3.4875,2.8875,2.7625]},"west":{"rotation":0,"texture":"#5","tintindex":0,"uv":[6.1375,2.8875,6.8625,3.4875]}},"from":[5.75,7.7,6.545],"name":"vacuum","rotation":{"angle":0.0,"axis":"x","origin":[-9.085769,10.977154,2.2072997]},"to":[10.25,8.9,10.31]},{"faces":{"down":{"rotation":0,"texture":"#5","tintindex":0,"uv":[6.2375,6.5125,5.5125,7.1125]},"east":{"rotation":0,"texture":"#5","tintindex":0,"uv":[12.6375,9.8875,13.2375,9.9875]},"north":{"rotation":0,"texture":"#5","tintindex":0,"uv":[12.2625,11.2625,12.9875,11.3625]},"south":{"rotation":0,"texture":"#5","tintindex":0,"uv":[11.8875,12.2625,12.6125,12.3625]},"up":{"rotation":0,"texture":"#5","tintindex":0,"uv":[5.3625,7.1125,4.6375,6.5125]},"west":{"rotation":0,"texture":"#5","tintindex":0,"uv":[10.0125,12.6375,10.6125,12.7375]}},"from":[6.35,7.1,7.1449995],"name":"vacuum","rotation":{"angle":0.0,"axis":"x","origin":[-9.085769,10.977154,2.2072997]},"to":[9.65,7.7,10.16]},{"faces":{"down":{"rotation":0,"texture":"#1","tintindex":0,"uv":[11.5,6.0,11.875,6.25]},"east":{"rotation":0,"texture":"#1","tintindex":0,"uv":[11.5,6.0,11.875,6.25]},"north":{"rotation":0,"texture":"#1","tintindex":0,"uv":[10.0,6.0,10.821875,6.778125]},"south":{"rotation":0,"texture":"#1","tintindex":0,"uv":[11.5,6.0,11.875,6.25]},"up":{"rotation":0,"texture":"#1","tintindex":0,"uv":[11.5,6.0,11.875,6.25]},"west":{"rotation":0,"texture":"#1","tintindex":0,"uv":[11.5,6.0,11.875,6.25]}},"from":[6.0199995,8.465,6.294374],"name":"vacuum","rotation":{"angle":0.0,"axis":"x","origin":[-9.010769,10.677153,2.8072999]},"to":[9.965,12.2,7.209374]},{"faces":{"down":{"rotation":0,"texture":"#5","tintindex":0,"uv":[4.4875,6.0125,3.8875,6.7375]},"east":{"rotation":0,"texture":"#5","tintindex":0,"uv":[5.0125,3.8875,5.7375,4.6125]},"north":{"rotation":0,"texture":"#5","tintindex":0,"uv":[5.8875,3.8875,6.4875,4.6125]},"south":{"rotation":0,"texture":"#5","tintindex":0,"uv":[5.8875,4.7625,6.4875,5.4875]},"up":{"rotation":0,"texture":"#5","tintindex":0,"uv":[6.6125,0.7375,6.0125,0.0125]},"west":{"rotation":0,"texture":"#5","tintindex":0,"uv":[5.0125,4.7625,5.7375,5.4875]}},"from":[6.5,8.6,6.95],"name":"vacuum","rotation":{"angle":0.0,"axis":"x","origin":[-9.085769,10.677153,2.2072997]},"to":[9.5,12.2,10.31]},{"faces":{"down":{"rotation":0,"texture":"#5","tintindex":0,"uv":[1.3625,6.3875,0.7625,7.1125]},"east":{"rotation":0,"texture":"#5","tintindex":0,"uv":[12.0125,0.0125,12.7375,0.1125]},"north":{"rotation":0,"texture":"#5","tintindex":0,"uv":[9.2625,12.6375,9.8625,12.7375]},"south":{"rotation":0,"texture":"#5","tintindex":0,"uv":[12.6375,9.6375,13.2375,9.7375]},"up":{"rotation":0,"texture":"#5","tintindex":0,"uv":[2.2375,6.9875,1.6375,6.2625]},"west":{"rotation":0,"texture":"#5","tintindex":0,"uv":[12.0125,3.5125,12.7375,3.6125]}},"from":[6.5,12.5,6.95],"name":"vacuum","rotation":{"angle":0.0,"axis":"x","origin":[-9.085769,14.577153,2.2072997]},"to":[9.5,13.054999,10.31]},{"faces":{"down":{"rotation":0,"texture":"#5","tintindex":0,"uv":[11.8625,4.8875,11.7625,5.7375]},"east":{"rotation":0,"texture":"#5","tintindex":0,"uv":[11.7625,0.3875,12.6125,0.4875]},"north":{"rotation":0,"texture":"#5","tintindex":0,"uv":[15.2625,8.1375,15.3625,8.2375]},"south":{"rotation":0,"texture":"#5","tintindex":0,"uv":[15.2625,8.3875,15.3625,8.4875]},"up":{"rotation":0,"texture":"#5","tintindex":0,"uv":[3.6125,12.6125,3.5125,11.7625]},"west":{"rotation":0,"texture":"#5","tintindex":0,"uv":[11.7625,0.6375,12.6125,0.7375]}},"from":[5.8999996,11.900001,6.05],"name":"vacuum","rotation":{"angle":0.0,"axis":"x","origin":[5.3,11.0,8.3]},"to":[6.2,12.5,10.4]},{"faces":{"down":{"rotation":0,"texture":"#5","tintindex":0,"uv":[8.4875,10.0125,8.2625,10.8625]},"east":{"rotation":0,"texture":"#5","tintindex":0,"uv":[10.0125,6.8875,10.8625,7.1125]},"north":{"rotation":0,"texture":"#5","tintindex":0,"uv":[10.1375,13.7625,10.3625,13.9875]},"south":{"rotation":0,"texture":"#5","tintindex":0,"uv":[13.7625,12.3875,13.9875,12.6125]},"up":{"rotation":0,"texture":"#5","tintindex":0,"uv":[10.2375,8.1125,10.0125,7.2625]},"west":{"rotation":0,"texture":"#5","tintindex":0,"uv":[7.2625,10.0125,8.1125,10.2375]}},"from":[9.8,8.9,6.05],"name":"vacuum","rotation":{"angle":0.0,"axis":"x","origin":[11.6,8.6,8.3]},"to":[11.0,10.115,10.4]},{"faces":{"down":{"rotation":0,"texture":"#5","tintindex":0,"uv":[1.8625,10.1375,1.6375,10.9875]},"east":{"rotation":0,"texture":"#5","tintindex":0,"uv":[10.0125,8.2625,10.8625,8.4875]},"north":{"rotation":0,"texture":"#5","tintindex":0,"uv":[13.8875,0.7625,14.1125,0.9875]},"south":{"rotation":0,"texture":"#5","tintindex":0,"uv":[13.8875,1.1375,14.1125,1.3625]},"up":{"rotation":0,"texture":"#5","tintindex":0,"uv":[1.4875,10.9875,1.2625,10.1375]},"west":{"rotation":0,"texture":"#5","tintindex":0,"uv":[10.0125,8.6375,10.8625,8.8625]}},"from":[10.075907,8.112924,6.05],"name":"vacuum","rotation":{"angle":22.5,"axis":"z","origin":[10.975906,8.412924,8.3]},"to":[11.275907,9.312923,10.4]},{"faces":{"down":{"rotation":0,"texture":"#5","tintindex":0,"uv":[8.6125,11.7625,8.5125,12.6125]},"east":{"rotation":0,"texture":"#5","tintindex":0,"uv":[7.6375,1.8875,8.4875,2.2375]},"north":{"rotation":0,"texture":"#5","tintindex":0,"uv":[2.3875,14.2625,2.4875,14.6125]},"south":{"rotation":0,"texture":"#5","tintindex":0,"uv":[14.2625,2.5125,14.3625,2.8625]},"up":{"rotation":0,"texture":"#5","tintindex":0,"uv":[6.4875,12.6125,6.3875,11.7625]},"west":{"rotation":0,"texture":"#5","tintindex":0,"uv":[2.1375,7.6375,2.9875,7.9875]}},"from":[10.219347,7.0613003,6.0506],"name":"vacuum","rotation":{"angle":-45.0,"axis":"z","origin":[10.519347,7.8263006,8.3]},"to":[10.819347,8.7263,10.3946]},{"faces":{"down":{"rotation":0,"texture":"#5","tintindex":0,"uv":[3.9875,10.0125,3.7625,10.8625]},"east":{"rotation":0,"texture":"#5","tintindex":0,"uv":[7.5125,7.0125,8.3625,7.3625]},"north":{"rotation":0,"texture":"#5","tintindex":0,"uv":[4.6375,6.0125,4.8625,6.3625]},"south":{"rotation":0,"texture":"#5","tintindex":0,"uv":[12.0125,3.0125,12.2375,3.3625]},"up":{"rotation":0,"texture":"#5","tintindex":0,"uv":[7.1125,10.3625,6.8875,9.5125]},"west":{"rotation":0,"texture":"#5","tintindex":0,"uv":[7.5125,7.5125,8.3625,7.8625]}},"from":[9.5,10.1,6.05],"name":"vacuum","rotation":{"angle":0.0,"axis":"x","origin":[11.3,10.4,8.3]},"to":[10.700001,11.900001,10.4]},{"faces":{"down":{"rotation":0,"texture":"#5","tintindex":0,"uv":[5.4875,10.2625,5.2625,11.1125]},"east":{"rotation":0,"texture":"#5","tintindex":0,"uv":[7.6375,3.8875,8.4875,4.2375]},"north":{"rotation":0,"texture":"#5","tintindex":0,"uv":[5.6375,12.0125,5.8625,12.3625]},"south":{"rotation":0,"texture":"#5","tintindex":0,"uv":[6.8875,12.0125,7.1125,12.3625]},"up":{"rotation":0,"texture":"#5","tintindex":0,"uv":[5.1125,11.1125,4.8875,10.2625]},"west":{"rotation":0,