{"display":{"head":{"rotation":[0.0,0.0,0.0],"scale":[3.8095,3.8095,3.8095],"translation":[0.0,-6.4,0.0]}},"elements":[{"faces":{"down":{"rotation":0,"texture":"#5","tintindex":0,"uv":[9.6375,2.5125,10.1125,2.9875]},"east":{"rotation":0,"texture":"#5","tintindex":0,"uv":[0.5125,9.6375,0.0125,9.8875]},"north":{"rotation":0,"texture":"#5","tintindex":0,"uv":[4.8875,9.5125,4.3875,9.7625]},"south":{"rotation":0,"texture":"#5","tintindex":0,"uv":[9.1375,9.5125,8.6375,9.7625]},"up":{"rotation":0,"texture":"#5","tintindex":0,"uv":[0.6375,10.1125,1.1125,9.6375]},"west":{"rotation":0,"texture":"#5","tintindex":0,"uv":[6.7625,9.5125,6.2625,9.7625]}},"from":[5.8999996,6.8,6.8],"name":"left arm","rotation":{"angle":0.0,"axis":"x","origin":[10.700001,-5.8,8.0]},"to":[8.3,8.0,9.2]},{"faces":{"down":{"rotation":0,"texture":"#5","tintindex":0,"uv":[0.0125,10.6375,0.3625,11.1125]},"east":{"rotation":0,"texture":"#5","tintindex":0,"uv":[10.9875,13.6375,10.5125,13.7375]},"north":{"rotation":0,"texture":"#5","tintindex":0,"uv":[14.4875,12.3875,14.1375,12.4875]},"south":{"rotation":0,"texture":"#5","tintindex":0,"uv":[1.7375,14.2625,1.3875,14.3625]},"up":{"rotation":0,"texture":"#5","tintindex":0,"uv":[10.2625,10.9875,10.6125,10.5125]},"west":{"rotation":0,"texture":"#5","tintindex":0,"uv":[9.6125,13.6375,9.1375,13.7375]}},"from":[6.5,8.0,6.8],"name":"left arm","rotation":{"angle":0.0,"axis":"x","origin":[10.700001,-5.8,8.0]},"to":[8.3,8.6,9.2]},{"faces":{"down":{"rotation":0,"texture":"#5","tintindex":0,"uv":[5.7625,11.3875,5.9875,11.8625]},"east":{"rotation":0,"texture":"#5","tintindex":0,"uv":[11.6125,14.0125,11.1375,14.1125]},"north":{"rotation":0,"texture":"#5","tintindex":0,"uv":[11.1125,14.7625,10.8875,14.8625]},"south":{"rotation":0,"texture":"#5","tintindex":0,"uv":[11.4875,14.7625,11.2625,14.8625]},"up":{"rotation":0,"texture":"#5","tintindex":0,"uv":[11.3875,5.9875,11.6125,5.5125]},"west":{"rotation":0,"texture":"#5","tintindex":0,"uv":[14.4875,9.7625,14.0125,9.8625]}},"from":[7.1,8.6,6.8],"name":"left arm","rotation":{"angle":0.0,"axis":"x","origin":[10.700001,-5.200001,8.0]},"to":[8.3,8.9,9.2]},{"faces":{"down":{"rotation":0,"texture":"#5","tintindex":0,"uv":[14.3875,14.7625,14.4875,14.9875]},"east":{"rotation":0,"texture":"#5","tintindex":0,"uv":[13.9875,14.7625,13.7625,14.8625]},"north":{"rotation":0,"texture":"#5","tintindex":0,"uv":[15.4875,12.5125,15.3875,12.6125]},"south":{"rotation":0,"texture":"#5","tintindex":0,"uv":[12.7375,15.3875,12.6375,15.4875]},"up":{"rotation":0,"texture":"#5","tintindex":0,"uv":[14.1375,14.9875,14.2375,14.7625]},"west":{"rotation":0,"texture":"#5","tintindex":0,"uv":[14.9875,13.1375,14.7625,13.2375]}},"from":[6.5,8.6,7.4],"name":"left arm","rotation":{"angle":0.0,"axis":"x","origin":[10.1,-5.200001,8.0]},"to":[7.1,8.9,8.6]},{"faces":{"down":{"rotation":0,"texture":"#5","tintindex":0,"uv":[12.3875,14.7625,12.4875,14.9875]},"east":{"rotation":0,"texture":"#5","tintindex":0,"uv":[12.2375,14.7625,12.0125,14.8625]},"north":{"rotation":0,"texture":"#5","tintindex":0,"uv":[12.2375,15.3875,12.1375,15.4875]},"south":{"rotation":0,"texture":"#5","tintindex":0,"uv":[12.4875,15.3875,12.3875,15.4875]},"up":{"rotation":0,"texture":"#5","tintindex":0,"uv":[5.7625,14.9875,5.8625,14.7625]},"west":{"rotation":0,"texture":"#5","tintindex":0,"uv":[11.8625,14.7625,11.6375,14.8625]}},"from":[7.55,8.9,7.4],"name":"left arm","rotation":{"angle":0.0,"axis":"x","origin":[11.15,-4.9000006,8.0]},"to":[8.15,9.2,8.6]},{"faces":{"down":{"rotation":0,"texture":"#5","tintindex":0,"uv":[4.8875,13.6375,4.9875,14.1125]},"east":{"rotation":0,"texture":"#5","tintindex":0,"uv":[14.1125,7.3875,13.6375,7.4875]},"north":{"rotation":0,"texture":"#5","tintindex":0,"uv":[15.2375,6.2625,15.1375,6.3625]},"south":{"rotation":0,"texture":"#5","tintindex":0,"uv":[15.2375,6.8875,15.1375,6.9875]},"up":{"rotation":0,"texture":"#5","tintindex":0,"uv":[4.6375,14.1125,4.7375,13.6375]},"west":{"rotation":0,"texture":"#5","tintindex":0,"uv":[14.1125,7.1375,13.6375,7.2375]}},"from":[6.2018814,7.5512576,6.803],"name":"left arm","rotation":{"angle":-22.5,"axis":"z","origin":[7.101881,8.301258,8.0]},"to":[6.8018813,8.301258,9.1970005]},{"faces":{"down":{"rotation":0,"texture":"#5","tintindex":0,"uv":[9.7625,1.2625,10.2375,1.7375]},"east":{"rotation":0,"texture":"#5","tintindex":0,"uv":[0.4875,7.5125,0.0125,8.2375]},"north":{"rotation":0,"texture":"#5","tintindex":0,"uv":[1.3625,3.6375,0.8875,4.3625]},"south":{"rotation":0,"texture":"#5","tintindex":0,"uv":[7.3625,7.2625,6.8875,7.9875]},"up":{"rotation":0,"texture":"#5","tintindex":0,"uv":[9.7625,1.1125,10.2375,0.6375]},"west":{"rotation":0,"texture":"#5","tintindex":0,"uv":[7.7375,1.0125,7.2625,1.7375]}},"from":[5.7799997,3.7700002,6.7699995],"name":"layer","rotation":{"angle":0.0,"axis":"x","origin":[11.15,-6.4000006,8.0]},"to":[8.28875,7.4299994,9.23]}],"textures":{"0":"modelengine:entity/boneshadingreaper","1":"modelengine:entity/boneshadin2reeaperxd","2":"modelengine:entity/reapercloak","3":"modelengine:entity/osdeculo","4":"modelengine:entity/reaperfald","5":"modelengine:entity/fallenreapervoid"}}