{"display":{"head":{"rotation":[0.0,0.0,0.0],"scale":[3.8095,3.8095,3.8095],"translation":[0.0,-6.4,0.0]}},"elements":[{"faces":{"down":{"rotation":0,"texture":"#5","tintindex":0,"uv":[7.6125,13.3875,7.5125,13.8625]},"east":{"rotation":0,"texture":"#5","tintindex":0,"uv":[10.6375,13.3875,11.1125,13.4875]},"north":{"rotation":0,"texture":"#5","tintindex":0,"uv":[15.0125,13.6375,15.1125,13.7375]},"south":{"rotation":0,"texture":"#5","tintindex":0,"uv":[13.8875,15.0125,13.9875,15.1125]},"up":{"rotation":0,"texture":"#5","tintindex":0,"uv":[7.3625,13.8625,7.2625,13.3875]},"west":{"rotation":0,"texture":"#5","tintindex":0,"uv":[13.3875,11.3875,13.8625,11.4875]}},"from":[9.07306,6.9367714,6.95],"name":"left arm","rotation":{"angle":0.0,"axis":"x","origin":[8.32306,6.1867714,9.950001]},"to":[9.163059,7.536772,9.05]},{"faces":{"down":{"rotation":0,"texture":"#5","tintindex":0,"uv":[13.8625,12.7625,13.3875,12.8625]},"east":{"rotation":0,"texture":"#5","tintindex":0,"uv":[15.0125,13.8875,15.1125,13.9875]},"north":{"rotation":0,"texture":"#5","tintindex":0,"uv":[13.3875,11.6375,13.8625,11.7375]},"south":{"rotation":0,"texture":"#5","tintindex":0,"uv":[13.3875,11.8875,13.8625,11.9875]},"up":{"rotation":0,"texture":"#5","tintindex":0,"uv":[13.8625,12.2375,13.3875,12.1375]},"west":{"rotation":0,"texture":"#5","tintindex":0,"uv":[15.0125,14.1375,15.1125,14.2375]}},"from":[6.9730597,6.9367714,6.8599997],"name":"left arm","rotation":{"angle":0.0,"axis":"x","origin":[14.17306,6.1867714,11.900001]},"to":[9.07306,7.536772,6.95]},{"faces":{"down":{"rotation":0,"texture":"#5","tintindex":0,"uv":[13.2375,11.7625,12.7625,11.8625]},"east":{"rotation":0,"texture":"#5","tintindex":0,"uv":[3.8875,15.0125,3.9875,15.1125]},"north":{"rotation":0,"texture":"#5","tintindex":0,"uv":[12.7625,8.0125,13.2375,8.1125]},"south":{"rotation":0,"texture":"#5","tintindex":0,"uv":[8.6375,12.7625,9.1125,12.8625]},"up":{"rotation":0,"texture":"#5","tintindex":0,"uv":[13.2375,11.6125,12.7625,11.5125]},"west":{"rotation":0,"texture":"#5","tintindex":0,"uv":[4.1375,15.0125,4.2375,15.1125]}},"from":[6.9730597,5.7367716,6.8599997],"name":"left arm","rotation":{"angle":0.0,"axis":"x","origin":[14.17306,4.9867716,11.900001]},"to":[9.07306,6.336772,6.95]},{"faces":{"down":{"rotation":0,"texture":"#5","tintindex":0,"uv":[13.3625,6.3875,12.8875,6.4875]},"east":{"rotation":0,"texture":"#5","tintindex":0,"uv":[6.0125,15.0125,6.1125,15.1125]},"north":{"rotation":0,"texture":"#5","tintindex":0,"uv":[12.8875,3.7625,13.3625,3.8625]},"south":{"rotation":0,"texture":"#5","tintindex":0,"uv":[12.8875,5.8875,13.3625,5.9875]},"up":{"rotation":0,"texture":"#5","tintindex":0,"uv":[13.3625,6.2375,12.8875,6.1375]},"west":{"rotation":0,"texture":"#5","tintindex":0,"uv":[15.0125,6.0125,15.1125,6.1125]}},"from":[6.9730597,5.7367716,9.05],"name":"left arm","rotation":{"angle":0.0,"axis":"x","origin":[14.17306,4.9867716,11.900001]},"to":[9.07306,6.336772,9.139999]},{"faces":{"down":{"rotation":0,"texture":"#5","tintindex":0,"uv":[1.1125,12.8875,1.0125,13.3625]},"east":{"rotation":0,"texture":"#5","tintindex":0,"uv":[12.7625,12.0125,13.2375,12.1125]},"north":{"rotation":0,"texture":"#5","tintindex":0,"uv":[4.6375,15.0125,4.7375,15.1125]},"south":{"rotation":0,"texture":"#5","tintindex":0,"uv":[4.8875,15.0125,4.9875,15.1125]},"up":{"rotation":0,"texture":"#5","tintindex":0,"uv":[0.8625,13.3625,0.7625,12.8875]},"west":{"rotation":0,"texture":"#5","tintindex":0,"uv":[12.7625,12.2625,13.2375,12.3625]}},"from":[6.88306,5.7367716,6.95],"name":"left arm","rotation":{"angle":0.0,"axis":"x","origin":[8.32306,4.9867716,9.950001]},"to":[6.9730597,6.336772,9.05]},{"faces":{"down":{"rotation":0,"texture":"#5","tintindex":0,"uv":[12.9875,5.2625,12.8875,5.7375]},"east":{"rotation":0,"texture":"#5","tintindex":0,"uv":[12.8875,0.0125,13.3625,0.1125]},"north":{"rotation":0,"texture":"#5","tintindex":0,"uv":[5.1375,15.0125,5.2375,15.1125]},"south":{"rotation":0,"texture":"#5","tintindex":0,"uv":[5.3875,15.0125,5.4875,15.1125]},"up":{"rotation":0,"texture":"#5","tintindex":0,"uv":[1.3625,13.3625,1.2625,12.8875]},"west":{"rotation":0,"texture":"#5","tintindex":0,"uv":[12.8875,3.5125,13.3625,3.6125]}},"from":[9.07306,5.7367716,6.95],"name":"left arm","rotation":{"angle":0.0,"axis":"x","origin":[8.32306,4.9867716,9.950001]},"to":[9.163059,6.336772,9.05]},{"faces":{"down":{"rotation":0,"texture":"#5","tintindex":0,"uv":[9.7375,13.3875,9.2625,13.4875]},"east":{"rotation":0,"texture":"#5","tintindex":0,"uv":[15.0125,12.1375,15.1125,12.2375]},"north":{"rotation":0,"texture":"#5","tintindex":0,"uv":[13.3875,6.8875,13.8625,6.9875]},"south":{"rotation":0,"texture":"#5","tintindex":0,"uv":[13.3875,7.6375,13.8625,7.7375]},"up":{"rotation":0,"texture":"#5","tintindex":0,"uv":[13.8625,7.9875,13.3875,7.8875]},"west":{"rotation":0,"texture":"#5","tintindex":0,"uv":[15.0125,12.3875,15.1125,12.4875]}},"from":[6.9730597,6.9367714,9.05],"name":"left arm","rotation":{"angle":0.0,"axis":"x","origin":[14.17306,6.1867714,11.900001]},"to":[9.07306,7.536772,9.139999]},{"faces":{"down":{"rotation":0,"texture":"#5","tintindex":0,"uv":[6.4875,13.3875,6.3875,13.8625]},"east":{"rotation":0,"texture":"#5","tintindex":0,"uv":[13.3875,9.6375,13.8625,9.7375]},"north":{"rotation":0,"texture":"#5","tintindex":0,"uv":[15.0125,13.3875,15.1125,13.4875]},"south":{"rotation":0,"texture":"#5","tintindex":0,"uv":[13.6375,15.0125,13.7375,15.1125]},"up":{"rotation":0,"texture":"#5","tintindex":0,"uv":[4.4875,13.8625,4.3875,13.3875]},"west":{"rotation":0,"texture":"#5","tintindex":0,"uv":[13.3875,9.8875,13.8625,9.9875]}},"from":[6.88306,6.9367714,6.95],"name":"left arm","rotation":{"angle":0.0,"axis":"x","origin":[8.32306,6.1867714,9.950001]},"to":[6.9730597,7.536772,9.05]},{"faces":{"down":{"rotation":0,"texture":"#5","tintindex":0,"uv":[9.1125,4.6375,8.6375,5.1125]},"east":{"rotation":0,"texture":"#5","tintindex":0,"uv":[8.6375,1.8875,9.1125,2.3625]},"north":{"rotation":0,"texture":"#5","tintindex":0,"uv":[8.5125,7.0125,8.9875,7.4875]},"south":{"rotation":0,"texture":"#5","tintindex":0,"uv":[3.1375,8.6375,3.6125,9.1125]},"up":{"rotation":0,"texture":"#5","tintindex":0,"uv":[9.1125,4.4875,8.6375,4.0125]},"west":{"rotation":0,"texture":"#5","tintindex":0,"uv":[8.6375,3.3875,9.1125,3.8625]}},"from":[6.9730597,5.4367714,6.95],"name":"left arm","rotation":{"angle":0.0,"axis":"x","origin":[11.62306,-2.3632288,8.0]},"to":[9.07306,7.836772,9.05]},{"faces":{"down":{"rotation":0,"texture":"#5","tintindex":0,"uv":[9.1125,3.1375,9.0125,3.2375]},"east":{"rotation":0,"texture":"#5","tintindex":0,"uv":[9.1375,7.1375,9.2375,7.4875]},"north":{"rotation":0,"texture":"#5","tintindex":0,"uv":[2.1375,7.1375,2.2375,7.4875]},"south":{"rotation":0,"texture":"#5","tintindex":0,"uv":[3.5125,10.5125,3.6125,10.8625]},"up":{"rotation":0,"texture":"#5","tintindex":0,"uv":[3.7375,6.7375,3.6375,6.6375]},"west":{"rotation":0,"texture":"#5","tintindex":0,"uv":[11.3875,1.8875,11.4875,2.2375]}},"from":[6.6730595,5.4367714,7.25],"name":"left arm","rotation":{"angle":0.0,"axis":"x","origin":[11.173059,-2.3632288,8.0]},"to":[6.9730597,7.2367716,7.85]},{"faces":{"down":{"rotation":0,"texture":"#5","tintindex":0,"uv":[12.9875,14.8875,12.8875,14.9875]},"east":{"rotation":0,"texture":"#5","tintindex":0,"uv":[12.5125,14.3875,12.6125,14.6125]},"north":{"rotation":0,"texture":"#5","tintindex":0,"uv":[12.2625,14.3875,12.3625,14.6125]},"south":{"rotation":0,"texture":"#5","tintindex":0,"uv":[14.3875,13.3875,14.4875,13.6125]},"up":{"rotation":0,"texture":"#5","tintindex":0,"uv":[14.9875,12.7375,14.8875,12.6375]},"west":{"rotation":0,"texture":"#5","tintindex":0,"uv":[14.3875,13.7625,14.4875,13.9875]}},"from":[6.667351,7.20807,7.25],"name":"left arm","rotation":{"angle":-22.5,"axis":"z","origin":[6.7423506,7.20807,8.45]},"to":[6.967351,8.40807,7.85]},{"faces":{"down":{"rotation":0,"texture":"#5","tintindex":0,"uv":[12.7375,14.8875,12.6375,14.9875]},"east":{"rotation":0,"texture":"#5","tintindex":0,"uv":[8.5125,7.6375,8.6125,7.8625]},