{"display":{"head":{"rotation":[0.0,0.0,0.0],"scale":[3.8095,3.8095,3.8095],"translation":[0.0,-6.4,0.0]}},"elements":[{"faces":{"down":{"rotation":0,"texture":"#5","tintindex":0,"uv":[14.4875,8.3875,14.1375,8.4875]},"east":{"rotation":0,"texture":"#5","tintindex":0,"uv":[14.3875,14.1375,14.4875,14.3625]},"north":{"rotation":0,"texture":"#5","tintindex":0,"uv":[3.7625,7.8875,4.1125,8.1125]},"south":{"rotation":0,"texture":"#5","tintindex":0,"uv":[10.1375,11.7625,10.4875,11.9875]},"up":{"rotation":0,"texture":"#5","tintindex":0,"uv":[6.9875,14.2375,6.6375,14.1375]},"west":{"rotation":0,"texture":"#5","tintindex":0,"uv":[14.5125,0.2625,14.6125,0.4875]}},"from":[7.1,6.8,6.8],"name":"left leg","rotation":{"angle":22.5,"axis":"x","origin":[8.0,7.4,7.1]},"to":[8.9,8.0,7.4]},{"faces":{"down":{"rotation":0,"texture":"#5","tintindex":0,"uv":[10.8625,0.5125,10.3875,0.8625]},"east":{"rotation":0,"texture":"#5","tintindex":0,"uv":[8.5125,14.1375,8.8625,14.2375]},"north":{"rotation":0,"texture":"#5","tintindex":0,"uv":[12.8875,6.6375,13.3625,6.7375]},"south":{"rotation":0,"texture":"#5","tintindex":0,"uv":[12.8875,8.6375,13.3625,8.7375]},"up":{"rotation":0,"texture":"#5","tintindex":0,"uv":[10.8625,0.3625,10.3875,0.0125]},"west":{"rotation":0,"texture":"#5","tintindex":0,"uv":[14.1375,8.6375,14.4875,8.7375]}},"from":[6.95,6.8,7.4],"name":"left leg","rotation":{"angle":0.0,"axis":"x","origin":[8.99,3.1999998,8.3]},"to":[9.05,7.4,9.35]},{"faces":{"down":{"rotation":0,"texture":"#5","tintindex":0,"uv":[9.6125,0.0125,9.1375,0.4875]},"east":{"rotation":0,"texture":"#5","tintindex":0,"uv":[0.6375,9.0125,1.1125,9.4875]},"north":{"rotation":0,"texture":"#5","tintindex":0,"uv":[0.0125,9.0125,0.4875,9.4875]},"south":{"rotation":0,"texture":"#5","tintindex":0,"uv":[9.0125,2.5125,9.4875,2.9875]},"up":{"rotation":0,"texture":"#5","tintindex":0,"uv":[6.1125,9.4875,5.6375,9.0125]},"west":{"rotation":0,"texture":"#5","tintindex":0,"uv":[5.0125,9.0125,5.4875,9.4875]}},"from":[6.8,4.3999996,7.1],"name":"left leg","rotation":{"angle":0.0,"axis":"x","origin":[7.85,10.700001,8.3]},"to":[8.9,6.8,9.5]},{"faces":{"down":{"rotation":0,"texture":"#5","tintindex":0,"uv":[9.8625,7.7625,9.3875,8.2375]},"east":{"rotation":0,"texture":"#5","tintindex":0,"uv":[13.5125,0.0125,13.9875,0.1125]},"north":{"rotation":0,"texture":"#5","tintindex":0,"uv":[0.0125,13.5125,0.4875,13.6125]},"south":{"rotation":0,"texture":"#5","tintindex":0,"uv":[0.6375,13.5125,1.1125,13.6125]},"up":{"rotation":0,"texture":"#5","tintindex":0,"uv":[7.8625,9.8625,7.3875,9.3875]},"west":{"rotation":0,"texture":"#5","tintindex":0,"uv":[2.3875,13.5125,2.8625,13.6125]}},"from":[6.605,6.2,7.085],"name":"left leg","rotation":{"angle":0.0,"axis":"x","origin":[7.85,10.700001,8.3]},"to":[9.094999,6.8599997,9.514999]},{"faces":{"down":{"rotation":0,"texture":"#5","tintindex":0,"uv":[4.2375,9.3875,3.7625,9.8625]},"east":{"rotation":0,"texture":"#5","tintindex":0,"uv":[13.2625,1.0125,13.7375,1.1125]},"north":{"rotation":0,"texture":"#5","tintindex":0,"uv":[13.2625,0.7625,13.7375,0.8625]},"south":{"rotation":0,"texture":"#5","tintindex":0,"uv":[13.2625,2.8875,13.7375,2.9875]},"up":{"rotation":0,"texture":"#5","tintindex":0,"uv":[9.7375,4.8625,9.2625,4.3875]},"west":{"rotation":0,"texture":"#5","tintindex":0,"uv":[13.2625,3.1375,13.7375,3.2375]}},"from":[6.635,3.7999997,7.1],"name":"left leg","rotation":{"angle":0.0,"axis":"x","origin":[7.85,8.3,8.3]},"to":[9.094999,4.3999996,9.514999]}],"textures":{"0":"modelengine:entity/boneshadingreaper","1":"modelengine:entity/boneshadin2reeaperxd","2":"modelengine:entity/reapercloak","3":"modelengine:entity/osdeculo","4":"modelengine:entity/reaperfald","5":"modelengine:entity/fallenreapervoid"}}