{"display":{"head":{"rotation":[0.0,0.0,0.0],"scale":[3.8095,3.8095,3.8095],"translation":[0.0,-6.4,0.0]}},"elements":[{"faces":{"down":{"rotation":0,"texture":"#5","tintindex":0,"uv":[14.9875,3.0125,14.7625,3.1125]},"east":{"rotation":0,"texture":"#5","tintindex":0,"uv":[15.3875,4.6375,15.4875,4.7375]},"north":{"rotation":0,"texture":"#5","tintindex":0,"uv":[14.7625,1.8875,14.9875,1.9875]},"south":{"rotation":0,"texture":"#5","tintindex":0,"uv":[14.7625,2.1375,14.9875,2.2375]},"up":{"rotation":0,"texture":"#5","tintindex":0,"uv":[2.6125,14.8625,2.3875,14.7625]},"west":{"rotation":0,"texture":"#5","tintindex":0,"uv":[15.3875,4.8875,15.4875,4.9875]}},"from":[6.5814524,9.284046,7.9100003],"name":"maske","rotation":{"angle":22.5,"axis":"z","origin":[7.181452,9.584047,8.21]},"to":[7.781452,9.884047,8.06]},{"faces":{"down":{"rotation":0,"texture":"#5","tintindex":0,"uv":[12.7375,8.6375,12.0125,8.7375]},"east":{"rotation":0,"texture":"#5","tintindex":0,"uv":[14.8875,15.2625,14.9875,15.3625]},"north":{"rotation":0,"texture":"#5","tintindex":0,"uv":[12.0125,6.1375,12.7375,6.2375]},"south":{"rotation":0,"texture":"#5","tintindex":0,"uv":[12.0125,6.3875,12.7375,6.4875]},"up":{"rotation":0,"texture":"#5","tintindex":0,"uv":[12.7375,6.7375,12.0125,6.6375]},"west":{"rotation":0,"texture":"#5","tintindex":0,"uv":[15.3875,0.2625,15.4875,0.3625]}},"from":[6.1882257,8.994522,7.895],"name":"maske","rotation":{"angle":0.0,"axis":"x","origin":[8.8882265,9.894523,6.3949995]},"to":[9.788227,9.594522,8.045]},{"faces":{"down":{"rotation":0,"texture":"#5","tintindex":0,"uv":[14.9875,0.7625,14.7625,0.8625]},"east":{"rotation":0,"texture":"#5","tintindex":0,"uv":[15.3875,3.8875,15.4875,3.9875]},"north":{"rotation":0,"texture":"#5","tintindex":0,"uv":[14.6375,14.1375,14.8625,14.2375]},"south":{"rotation":0,"texture":"#5","tintindex":0,"uv":[14.7625,0.2625,14.9875,0.3625]},"up":{"rotation":0,"texture":"#5","tintindex":0,"uv":[14.9875,0.6125,14.7625,0.5125]},"west":{"rotation":0,"texture":"#5","tintindex":0,"uv":[15.3875,4.1375,15.4875,4.2375]}},"from":[7.388226,9.594522,7.895],"name":"maske","rotation":{"angle":0.0,"axis":"x","origin":[8.8882265,10.494522,6.3949995]},"to":[8.588226,10.194523,8.045]},{"faces":{"down":{"rotation":0,"texture":"#5","tintindex":0,"uv":[15.4875,1.7625,15.3875,1.8625]},"east":{"rotation":0,"texture":"#5","tintindex":0,"uv":[15.3875,0.5125,15.4875,0.6125]},"north":{"rotation":0,"texture":"#5","tintindex":0,"uv":[0.5125,15.3875,0.6125,15.4875]},"south":{"rotation":0,"texture":"#5","tintindex":0,"uv":[15.3875,0.7625,15.4875,0.8625]},"up":{"rotation":0,"texture":"#5","tintindex":0,"uv":[15.4875,1.6125,15.3875,1.5125]},"west":{"rotation":0,"texture":"#5","tintindex":0,"uv":[15.3875,1.0125,15.4875,1.1125]}},"from":[9.188227,8.394523,7.895],"name":"maske","rotation":{"angle":0.0,"axis":"x","origin":[8.8882265,9.294523,6.3949995]},"to":[9.788227,8.994522,8.045]},{"faces":{"down":{"rotation":0,"texture":"#5","tintindex":0,"uv":[3.3625,15.3875,3.2625,15.4875]},"east":{"rotation":0,"texture":"#5","tintindex":0,"uv":[2.5125,15.3875,2.6125,15.4875]},"north":{"rotation":0,"texture":"#5","tintindex":0,"uv":[15.3875,2.0125,15.4875,2.1125]},"south":{"rotation":0,"texture":"#5","tintindex":0,"uv":[2.7625,15.3875,2.8625,15.4875]},"up":{"rotation":0,"texture":"#5","tintindex":0,"uv":[3.1125,15.4875,3.0125,15.3875]},"west":{"rotation":0,"texture":"#5","tintindex":0,"uv":[15.3875,2.7625,15.4875,2.8625]}},"from":[6.1882257,8.394523,7.895],"name":"maske","rotation":{"angle":0.0,"axis":"x","origin":[7.0882263,9.294523,6.3949995]},"to":[6.788226,8.994522,8.045]},{"faces":{"down":{"rotation":0,"texture":"#5","tintindex":0,"uv":[14.8625,13.8875,14.6375,13.9875]},"east":{"rotation":0,"texture":"#5","tintindex":0,"uv":[3.5125,15.3875,3.6125,15.4875]},"north":{"rotation":0,"texture":"#5","tintindex":0,"uv":[13.1375,14.6375,13.3625,14.7375]},"south":{"rotation":0,"texture":"#5","tintindex":0,"uv":[14.6375,13.3875,14.8625,13.4875]},"up":{"rotation":0,"texture":"#5","tintindex":0,"uv":[14.8625,13.7375,14.6375,13.6375]},"west":{"rotation":0,"texture":"#5","tintindex":0,"uv":[15.3875,3.6375,15.4875,3.7375]}},"from":[7.388226,8.394523,7.895],"name":"maske","rotation":{"angle":0.0,"axis":"x","origin":[8.8882265,9.294523,6.3949995]},"to":[8.588226,8.994522,8.045]},{"faces":{"down":{"rotation":0,"texture":"#5","tintindex":0,"uv":[12.7375,5.8875,12.0125,5.9875]},"east":{"rotation":0,"texture":"#5","tintindex":0,"uv":[15.2625,13.6375,15.3625,13.7375]},"north":{"rotation":0,"texture":"#5","tintindex":0,"uv":[12.0125,3.7625,12.7375,3.8625]},"south":{"rotation":0,"texture":"#5","tintindex":0,"uv":[12.0125,5.3875,12.7375,5.4875]},"up":{"rotation":0,"texture":"#5","tintindex":0,"uv":[12.7375,5.7375,12.0125,5.6375]},"west":{"rotation":0,"texture":"#5","tintindex":0,"uv":[13.7625,15.2625,13.8625,15.3625]}},"from":[6.1882257,7.7945223,7.895],"name":"maske","rotation":{"angle":0.0,"axis":"x","origin":[8.8882265,8.694523,6.3949995]},"to":[9.788227,8.394523,8.045]},{"faces":{"down":{"rotation":0,"texture":"#5","tintindex":0,"uv":[10.3625,14.6375,10.1375,14.7375]},"east":{"rotation":0,"texture":"#5","tintindex":0,"uv":[2.6375,14.2625,2.7375,14.6125]},"north":{"rotation":0,"texture":"#5","tintindex":0,"uv":[12.0125,4.8875,12.2375,5.2375]},"south":{"rotation":0,"texture":"#5","tintindex":0,"uv":[5.2625,12.0125,5.4875,12.3625]},"up":{"rotation":0,"texture":"#5","tintindex":0,"uv":[9.9875,14.7375,9.7625,14.6375]},"west":{"rotation":0,"texture":"#5","tintindex":0,"uv":[4.5125,14.2625,4.6125,14.6125]}},"from":[7.388226,5.994522,7.895],"name":"maske","rotation":{"angle":0.0,"axis":"x","origin":[8.8882265,5.6945224,6.3949995]},"to":[8.588226,7.7945223,8.045]},{"faces":{"down":{"rotation":0,"texture":"#5","tintindex":0,"uv":[12.9875,14.6375,12.7625,14.7375]},"east":{"rotation":0,"texture":"#5","tintindex":0,"uv":[14.6375,15.2625,14.7375,15.3625]},"north":{"rotation":0,"texture":"#5","tintindex":0,"uv":[14.6375,11.8875,14.8625,11.9875]},"south":{"rotation":0,"texture":"#5","tintindex":0,"uv":[14.6375,12.1375,14.8625,12.2375]},"up":{"rotation":0,"texture":"#5","tintindex":0,"uv":[14.8625,12.4875,14.6375,12.3875]},"west":{"rotation":0,"texture":"#5","tintindex":0,"uv":[15.2625,14.6375,15.3625,14.7375]}},"from":[6.5814524,7.3550005,7.9100003],"name":"maske","rotation":{"angle":-22.5,"axis":"z","origin":[7.181452,7.6550007,8.21]},"to":[7.781452,7.955001,8.06]},{"faces":{"down":{"rotation":0,"texture":"#5","tintindex":0,"uv":[1.9875,14.7625,1.7625,14.8625]},"east":{"rotation":0,"texture":"#5","tintindex":0,"uv":[4.3875,15.3875,4.4875,15.4875]},"north":{"rotation":0,"texture":"#5","tintindex":0,"uv":[14.7625,1.0125,14.9875,1.1125]},"south":{"rotation":0,"texture":"#5","tintindex":0,"uv":[1.3875,14.7625,1.6125,14.8625]},"up":{"rotation":0,"texture":"#5","tintindex":0,"uv":[14.9875,1.7375,14.7625,1.6375]},"west":{"rotation":0,"texture":"#5","tintindex":0,"uv":[15.3875,4.3875,15.4875,4.4875]}},"from":[8.195,9.284046,7.9100003],"name":"maske","rotation":{"angle":-22.5,"axis":"z","origin":[8.795,9.584047,8.21]},"to":[9.395,9.884047,8.06]},{"faces":{"down":{"rotation":0,"texture":"#5","tintindex":0,"uv":[14.8625,11.6375,14.6375,11.7375]},"east":{"rotation":0,"texture":"#5","tintindex":0,"uv":[15.2625,13.8875,15.3625,13.9875]},"north":{"rotation":0,"texture":"#5","tintindex":0,"uv":[10.5125,14.6375,10.7375,14.7375]},"south":{"rotation":0,"texture":"#5","tintindex":0,"uv":[14.6375,10.5125,14.8625,10.6125]},"up":{"rotation":0,"texture":"#5","tintindex":0,"uv":[14.8625,11.4875,14.6375,11.3875]},"west":{"rotation":0,"texture":"#5","tintindex":0,"uv":[15.2625,14.1375,15.3625,14.2375]}},"from":[8.195,7.3550005,7.9100003],"name":"maske","rotation":{"angle":22.5,"axis":"z","origin":[8.795,7.6550007,8.21]},"to":[9.395,7.955001,8.06]}],"textures":{"0":"modelengine:entity/boneshadingreaper","1":"modelengine:entity/boneshadin2reeaperxd","2":"modelengine:entity/reapercloak","3":"modelengine:entity/osdeculo",