{"display":{"head":{"rotation":[0.0,0.0,0.0],"scale":[3.8095,3.8095,3.8095],"translation":[0.0,-6.4,0.0]}},"elements":[{"faces":{"down":{"rotation":0,"texture":"#5","tintindex":0,"uv":[10.8625,7.2625,10.3875,7.6125]},"east":{"rotation":0,"texture":"#5","tintindex":0,"uv":[0.5125,11.8875,0.8625,12.1125]},"north":{"rotation":0,"texture":"#5","tintindex":0,"uv":[11.1375,3.1375,11.6125,3.3625]},"south":{"rotation":0,"texture":"#5","tintindex":0,"uv":[11.1375,3.5125,11.6125,3.7375]},"up":{"rotation":0,"texture":"#5","tintindex":0,"uv":[7.7375,10.7375,7.2625,10.3875]},"west":{"rotation":0,"texture":"#5","tintindex":0,"uv":[11.8875,4.5125,12.2375,4.7375]}},"from":[6.8599997,8.09822,7.6428204],"name":"left leg","rotation":{"angle":0.0,"axis":"x","origin":[8.0,14.99822,8.242821]},"to":[9.139999,9.29822,9.38282]},{"faces":{"down":{"rotation":0,"texture":"#5","tintindex":0,"uv":[3.1125,11.1375,2.8875,11.6125]},"east":{"rotation":0,"texture":"#5","tintindex":0,"uv":[13.0125,1.6375,13.4875,1.7375]},"north":{"rotation":0,"texture":"#5","tintindex":0,"uv":[14.5125,7.0125,14.7375,7.1125]},"south":{"rotation":0,"texture":"#5","tintindex":0,"uv":[14.5125,7.2625,14.7375,7.3625]},"up":{"rotation":0,"texture":"#5","tintindex":0,"uv":[2.7375,11.6125,2.5125,11.1375]},"west":{"rotation":0,"texture":"#5","tintindex":0,"uv":[13.0125,1.8875,13.4875,1.9875]}},"from":[7.4,8.09822,5.24282],"name":"left leg","rotation":{"angle":0.0,"axis":"x","origin":[8.0,14.39822,8.242821]},"to":[8.6,8.69822,7.6428204]},{"faces":{"down":{"rotation":0,"texture":"#5","tintindex":0,"uv":[6.8625,13.0125,6.7625,13.4875]},"east":{"rotation":0,"texture":"#5","tintindex":0,"uv":[13.0125,2.6375,13.4875,2.7375]},"north":{"rotation":0,"texture":"#5","tintindex":0,"uv":[15.0125,9.1375,15.1125,9.2375]},"south":{"rotation":0,"texture":"#5","tintindex":0,"uv":[9.2625,15.0125,9.3625,15.1125]},"up":{"rotation":0,"texture":"#5","tintindex":0,"uv":[5.8625,13.4875,5.7625,13.0125]},"west":{"rotation":0,"texture":"#5","tintindex":0,"uv":[5.1375,13.0125,5.6125,13.1125]}},"from":[8.235736,7.79822,5.24882],"name":"left leg","rotation":{"angle":-45.0,"axis":"z","origin":[8.775736,8.09822,6.13682]},"to":[9.075736,8.39822,7.64882]},{"faces":{"down":{"rotation":0,"texture":"#5","tintindex":0,"uv":[6.9875,5.6375,6.5125,6.4875]},"east":{"rotation":0,"texture":"#5","tintindex":0,"uv":[3.0125,2.5125,3.8625,2.6125]},"north":{"rotation":0,"texture":"#5","tintindex":0,"uv":[13.0125,0.5125,13.4875,0.6125]},"south":{"rotation":0,"texture":"#5","tintindex":0,"uv":[13.0125,1.3875,13.4875,1.4875]},"up":{"rotation":0,"texture":"#5","tintindex":0,"uv":[0.4875,7.3625,0.0125,6.5125]},"west":{"rotation":0,"texture":"#5","tintindex":0,"uv":[11.3875,1.0125,12.2375,1.1125]}},"from":[6.8,7.49822,5.24282],"name":"left leg","rotation":{"angle":0.0,"axis":"x","origin":[8.0,14.39822,8.242821]},"to":[9.2,8.09822,9.44282]},{"faces":{"down":{"rotation":0,"texture":"#5","tintindex":0,"uv":[14.7375,4.3875,14.5125,4.4875]},"east":{"rotation":0,"texture":"#5","tintindex":0,"uv":[7.5125,15.0125,7.6125,15.1125]},"north":{"rotation":0,"texture":"#5","tintindex":0,"uv":[1.7625,14.5125,1.9875,14.6125]},"south":{"rotation":0,"texture":"#5","tintindex":0,"uv":[14.5125,2.5125,14.7375,2.6125]},"up":{"rotation":0,"texture":"#5","tintindex":0,"uv":[14.7375,2.8625,14.5125,2.7625]},"west":{"rotation":0,"texture":"#5","tintindex":0,"uv":[7.7625,15.0125,7.8625,15.1125]}},"from":[7.403,7.7797136,4.76668],"name":"left leg","rotation":{"angle":45.0,"axis":"x","origin":[8.0,8.079714,5.06668]},"to":[8.597,8.634714,5.36668]},{"faces":{"down":{"rotation":0,"texture":"#5","tintindex":0,"uv":[14.7375,1.3875,14.5125,1.4875]},"east":{"rotation":0,"texture":"#5","tintindex":0,"uv":[7.0125,15.0125,7.1125,15.1125]},"north":{"rotation":0,"texture":"#5","tintindex":0,"uv":[9.3875,5.6375,9.6125,5.7375]},"south":{"rotation":0,"texture":"#5","tintindex":0,"uv":[10.0125,5.3875,10.2375,5.4875]},"up":{"rotation":0,"texture":"#5","tintindex":0,"uv":[1.6125,14.6125,1.3875,14.5125]},"west":{"rotation":0,"texture":"#5","tintindex":0,"uv":[7.2625,15.0125,7.3625,15.1125]}},"from":[7.4,7.49822,4.64282],"name":"left leg","rotation":{"angle":0.0,"axis":"x","origin":[8.0,14.39822,8.242821]},"to":[8.6,8.09822,5.24282]},{"faces":{"down":{"rotation":0,"texture":"#5","tintindex":0,"uv":[4.9875,13.0125,4.8875,13.4875]},"east":{"rotation":0,"texture":"#5","tintindex":0,"uv":[13.0125,2.1375,13.4875,2.2375]},"north":{"rotation":0,"texture":"#5","tintindex":0,"uv":[15.0125,7.7625,15.1125,7.8625]},"south":{"rotation":0,"texture":"#5","tintindex":0,"uv":[9.0125,15.0125,9.1125,15.1125]},"up":{"rotation":0,"texture":"#5","tintindex":0,"uv":[4.7375,13.4875,4.6375,13.0125]},"west":{"rotation":0,"texture":"#5","tintindex":0,"uv":[13.0125,2.3875,13.4875,2.4875]}},"from":[6.924264,7.79822,5.24882],"name":"left leg","rotation":{"angle":45.0,"axis":"z","origin":[7.224264,8.09822,6.1428204]},"to":[7.764264,8.39822,7.64882]}],"textures":{"0":"modelengine:entity/boneshadingreaper","1":"modelengine:entity/boneshadin2reeaperxd","2":"modelengine:entity/reapercloak","3":"modelengine:entity/osdeculo","4":"modelengine:entity/reaperfald","5":"modelengine:entity/fallenreapervoid"}}