{"textures":{"0":"modelengine:entity/fallenwardenlance","1":"modelengine:entity/fallenwarden1","2":"modelengine:entity/boneshadin1","3":"modelengine:entity/reditexture","4":"modelengine:entity/boneshadin1xd"},"elements":[{"name":"left leg","from":[7.4,8.098202,5.242828],"to":[8.6,8.698201,7.642828],"rotation":{"angle":0.0,"axis":"x","origin":[8.0,14.398202,8.242828]},"faces":{"down":{"uv":[8.746,9.254,8.504,9.746],"rotation":0,"texture":"#1","tintindex":0},"east":{"uv":[11.504,7.879,11.996,7.996],"rotation":0,"texture":"#1","tintindex":0},"north":{"uv":[12.379,4.004,12.621,4.121],"rotation":0,"texture":"#1","tintindex":0},"south":{"uv":[12.379,8.379,12.621,8.496],"rotation":0,"texture":"#1","tintindex":0},"up":{"uv":[9.496,7.996,9.254,7.504],"rotation":0,"texture":"#1","tintindex":0},"west":{"uv":[8.379,11.504,8.871,11.621],"rotation":0,"texture":"#1","tintindex":0}}},{"name":"left leg","from":[6.8,7.4982014,5.242828],"to":[9.2,8.098202,9.442827],"rotation":{"angle":0.0,"axis":"x","origin":[8.0,14.398202,8.242828]},"faces":{"down":{"uv":[6.621,0.004,6.129,0.871],"rotation":0,"texture":"#1","tintindex":0},"east":{"uv":[9.754,4.254,10.621,4.371],"rotation":0,"texture":"#1","tintindex":0},"north":{"uv":[11.504,7.379,11.996,7.496],"rotation":0,"texture":"#1","tintindex":0},"south":{"uv":[11.504,7.629,11.996,7.746],"rotation":0,"texture":"#1","tintindex":0},"up":{"uv":[6.121,3.996,5.629,3.129],"rotation":0,"texture":"#1","tintindex":0},"west":{"uv":[9.754,4.504,10.621,4.621],"rotation":0,"texture":"#1","tintindex":0}}},{"name":"left leg","from":[6.8599997,8.098202,7.642828],"to":[9.139999,9.298201,9.382828],"rotation":{"angle":0.0,"axis":"x","origin":[8.0,14.998202,8.242828]},"faces":{"down":{"uv":[6.621,0.004,6.129,0.871],"rotation":0,"texture":"#1","tintindex":0},"east":{"uv":[9.754,4.254,10.621,4.371],"rotation":0,"texture":"#1","tintindex":0},"north":{"uv":[11.504,7.379,11.996,7.496],"rotation":0,"texture":"#1","tintindex":0},"south":{"uv":[11.504,7.629,11.996,7.746],"rotation":0,"texture":"#1","tintindex":0},"up":{"uv":[6.121,3.996,5.629,3.129],"rotation":0,"texture":"#1","tintindex":0},"west":{"uv":[9.754,4.504,10.1165,4.754],"rotation":0,"texture":"#1","tintindex":0}}},{"name":"left leg","from":[6.924264,7.798201,5.248828],"to":[7.764264,8.398201,7.648828],"rotation":{"angle":45.0,"axis":"z","origin":[7.224264,8.098202,6.136828]},"faces":{"down":{"uv":[5.121,11.629,5.004,12.121],"rotation":0,"texture":"#1","tintindex":0},"east":{"uv":[11.254,11.504,11.746,11.621],"rotation":0,"texture":"#1","tintindex":0},"north":{"uv":[12.879,6.379,12.996,6.496],"rotation":0,"texture":"#1","tintindex":0},"south":{"uv":[6.629,12.879,6.746,12.996],"rotation":0,"texture":"#1","tintindex":0},"up":{"uv":[1.621,12.121,1.504,11.629],"rotation":0,"texture":"#1","tintindex":0},"west":{"uv":[11.629,1.129,12.121,1.246],"rotation":0,"texture":"#1","tintindex":0}}},{"name":"left leg","from":[7.4,7.4982014,4.642828],"to":[8.6,8.098202,5.242828],"rotation":{"angle":0.0,"axis":"x","origin":[8.0,14.398202,8.242828]},"faces":{"down":{"uv":[3.621,12.504,3.379,12.621],"rotation":0,"texture":"#1","tintindex":0},"east":{"uv":[12.879,5.879,12.996,5.996],"rotation":0,"texture":"#1","tintindex":0},"north":{"uv":[12.379,10.504,12.621,10.621],"rotation":0,"texture":"#1","tintindex":0},"south":{"uv":[12.504,0.754,12.746,0.871],"rotation":0,"texture":"#1","tintindex":0},"up":{"uv":[12.746,3.246,12.504,3.129],"rotation":0,"texture":"#1","tintindex":0},"west":{"uv":[12.879,6.129,12.996,6.246],"rotation":0,"texture":"#1","tintindex":0}}},{"name":"left leg","from":[7.403,7.779695,4.766688],"to":[8.597,8.634695,5.366688],"rotation":{"angle":45.0,"axis":"x","origin":[8.0,8.079695,5.066688]},"faces":{"down":{"uv":[5.496,12.504,5.254,12.621],"rotation":0,"texture":"#1","tintindex":0},"east":{"uv":[12.879,6.629,12.996,6.746],"rotation":0,"texture":"#1","tintindex":0},"north":{"uv":[12.504,3.379,12.746,3.496],"rotation":0,"texture":"#1","tintindex":0},"south":{"uv":[3.754,12.504,3.996,12.621],"rotation":0,"texture":"#1","tintindex":0},"up":{"uv":[5.121,12.621,4.879,12.504],"rotation":0,"texture":"#1","tintindex":0},"west":{"uv":[12.879,6.879,12.996,6.996],"rotation":0,"texture":"#1","tintindex":0}}},{"name":"left leg","from":[8.235736,7.798201,5.248828],"to":[9.075736,8.398201,7.648828],"rotation":{"angle":-45.0,"axis":"z","origin":[8.775736,8.098202,6.142828]},"faces":{"down":{"uv":[9.371,11.504,9.254,11.996],"rotation":0,"texture":"#1","tintindex":0},"east":{"uv":[11.504,10.129,11.996,10.246],"rotation":0,"texture":"#1","tintindex":0},"north":{"uv":[12.879,5.379,12.996,5.496],"rotation":0,"texture":"#1","tintindex":0},"south":{"uv":[12.879,5.629,12.996,5.746],"rotation":0,"texture":"#1","tintindex":0},"up":{"uv":[9.121,11.996,9.004,11.504],"rotation":0,"texture":"#1","tintindex":0},"west":{"uv":[11.504,10.379,11.996,10.496],"rotation":0,"texture":"#1","tintindex":0}}}],"display":{"head":{"translation":[0.0,-6.4,0.0],"rotation":[0.0,0.0,0.0],"scale":[3.8095,3.8095,3.8095]}}}