{"display":{"head":{"rotation":[0.0,0.0,0.0],"scale":[3.8095,3.8095,3.8095],"translation":[0.0,-6.4,0.0]}},"elements":[{"faces":{"down":{"rotation":0,"texture":"#5","tintindex":0,"uv":[12.1125,10.2625,10.8875,10.3625]},"east":{"rotation":0,"texture":"#5","tintindex":0,"uv":[6.6375,10.1375,6.7375,11.7375]},"north":{"rotation":0,"texture":"#5","tintindex":0,"uv":[0.0125,0.0125,1.2375,1.6125]},"south":{"rotation":0,"texture":"#5","tintindex":0,"uv":[1.3875,0.0125,2.6125,1.6125]},"up":{"rotation":0,"texture":"#5","tintindex":0,"uv":[12.1125,10.1125,10.8875,10.0125]},"west":{"rotation":0,"texture":"#5","tintindex":0,"uv":[9.0125,10.1375,9.1125,11.7375]}},"from":[4.955,-0.10000038,7.7],"name":"reapercloak_0","rotation":{"angle":0.0,"axis":"x","origin":[4.355,7.4,7.7]},"to":[10.955,7.7,8.09375]},{"faces":{"down":{"rotation":0,"texture":"#5","tintindex":0,"uv":[14.3625,15.3875,14.2625,15.4875]},"east":{"rotation":0,"texture":"#5","tintindex":0,"uv":[1.0125,11.5125,1.1125,12.4875]},"north":{"rotation":0,"texture":"#5","tintindex":0,"uv":[3.2625,11.1375,3.3625,12.1125]},"south":{"rotation":0,"texture":"#5","tintindex":0,"uv":[4.1375,11.5125,4.2375,12.4875]},"up":{"rotation":0,"texture":"#5","tintindex":0,"uv":[14.1125,15.4875,14.0125,15.3875]},"west":{"rotation":0,"texture":"#5","tintindex":0,"uv":[4.3875,11.5125,4.4875,12.4875]}},"from":[4.355,2.2999997,7.7],"name":"reapercloak_1","rotation":{"angle":0.0,"axis":"x","origin":[4.355,7.4,7.7]},"to":[4.955,7.1,8.09375]},{"faces":{"down":{"rotation":0,"texture":"#5","tintindex":0,"uv":[15.4875,14.8875,15.3875,14.9875]},"east":{"rotation":0,"texture":"#5","tintindex":0,"uv":[9.6375,11.5125,9.7375,12.4875]},"north":{"rotation":0,"texture":"#5","tintindex":0,"uv":[11.5125,6.1375,11.6125,7.1125]},"south":{"rotation":0,"texture":"#5","tintindex":0,"uv":[9.8875,11.5125,9.9875,12.4875]},"up":{"rotation":0,"texture":"#5","tintindex":0,"uv":[15.4875,14.4875,15.3875,14.3875]},"west":{"rotation":0,"texture":"#5","tintindex":0,"uv":[0.0125,11.6375,0.1125,12.6125]}},"from":[10.955,2.2999997,7.7],"name":"reapercloak_2","rotation":{"angle":0.0,"axis":"x","origin":[4.355,7.4,7.7]},"to":[11.555,7.1,8.09375]},{"faces":{"down":{"rotation":0,"texture":"#5","tintindex":0,"uv":[11.3625,14.2625,11.0125,14.3625]},"east":{"rotation":0,"texture":"#5","tintindex":0,"uv":[7.7625,14.2625,7.8625,14.6125]},"north":{"rotation":0,"texture":"#5","tintindex":0,"uv":[8.6375,5.8875,8.9875,6.2375]},"south":{"rotation":0,"texture":"#5","tintindex":0,"uv":[6.2625,9.0125,6.6125,9.3625]},"up":{"rotation":0,"texture":"#5","tintindex":0,"uv":[14.6125,3.1125,14.2625,3.0125]},"west":{"rotation":0,"texture":"#5","tintindex":0,"uv":[8.0125,14.2625,8.1125,14.6125]}},"from":[5.5550003,-1.9000006,7.7],"name":"reapercloak_3","rotation":{"angle":0.0,"axis":"x","origin":[4.355,7.4,7.7]},"to":[7.355,-0.10000038,8.09375]},{"faces":{"down":{"rotation":0,"texture":"#5","tintindex":0,"uv":[0.3625,15.5125,0.2625,15.6125]},"east":{"rotation":0,"texture":"#5","tintindex":0,"uv":[15.3875,15.1375,15.4875,15.2375]},"north":{"rotation":0,"texture":"#5","tintindex":0,"uv":[15.1375,15.3875,15.2375,15.4875]},"south":{"rotation":0,"texture":"#5","tintindex":0,"uv":[15.3875,15.3875,15.4875,15.4875]},"up":{"rotation":0,"texture":"#5","tintindex":0,"uv":[15.6125,0.1125,15.5125,0.0125]},"west":{"rotation":0,"texture":"#5","tintindex":0,"uv":[0.0125,15.5125,0.1125,15.6125]}},"from":[7.355,-0.7000003,7.7],"name":"reapercloak_4","rotation":{"angle":0.0,"axis":"x","origin":[4.355,7.4,7.7]},"to":[7.955,-0.10000038,8.09375]},{"faces":{"down":{"rotation":0,"texture":"#5","tintindex":0,"uv":[0.3625,14.3875,0.0125,14.4875]},"east":{"rotation":0,"texture":"#5","tintindex":0,"uv":[11.5125,14.2625,11.6125,14.6125]},"north":{"rotation":0,"texture":"#5","tintindex":0,"uv":[11.0125,6.3875,11.3625,6.7375]},"south":{"rotation":0,"texture":"#5","tintindex":0,"uv":[11.0125,6.8875,11.3625,7.2375]},"up":{"rotation":0,"texture":"#5","tintindex":0,"uv":[14.6125,13.2375,14.2625,13.1375]},"west":{"rotation":0,"texture":"#5","tintindex":0,"uv":[14.2625,12.6375,14.3625,12.9875]}},"from":[8.555,-1.9000006,7.7],"name":"reapercloak_5","rotation":{"angle":0.0,"axis":"x","origin":[4.355,7.4,7.7]},"to":[10.355,-0.10000038,8.09375]},{"faces":{"down":{"rotation":0,"texture":"#5","tintindex":0,"uv":[3.3625,14.8875,3.1375,14.9875]},"east":{"rotation":0,"texture":"#5","tintindex":0,"uv":[13.7625,14.2625,13.8625,14.6125]},"north":{"rotation":0,"texture":"#5","tintindex":0,"uv":[4.6375,12.2625,4.8625,12.6125]},"south":{"rotation":0,"texture":"#5","tintindex":0,"uv":[8.1375,12.2625,8.3625,12.6125]},"up":{"rotation":0,"texture":"#5","tintindex":0,"uv":[2.9875,14.9875,2.7625,14.8875]},"west":{"rotation":0,"texture":"#5","tintindex":0,"uv":[0.8875,14.3875,0.9875,14.7375]}},"from":[6.1549997,-3.7000003,7.7],"name":"reapercloak_6","rotation":{"angle":0.0,"axis":"x","origin":[4.355,7.4,7.7]},"to":[7.355,-1.9000006,8.09375]},{"faces":{"down":{"rotation":0,"texture":"#5","tintindex":0,"uv":[15.1125,3.5125,14.8875,3.6125]},"east":{"rotation":0,"texture":"#5","tintindex":0,"uv":[2.8875,14.3875,2.9875,14.7375]},"north":{"rotation":0,"texture":"#5","tintindex":0,"uv":[12.2625,9.8875,12.4875,10.2375]},"south":{"rotation":0,"texture":"#5","tintindex":0,"uv":[12.2625,10.7625,12.4875,11.1125]},"up":{"rotation":0,"texture":"#5","tintindex":0,"uv":[3.7375,14.9875,3.5125,14.8875]},"west":{"rotation":0,"texture":"#5","tintindex":0,"uv":[14.3875,3.2625,14.4875,3.6125]}},"from":[8.555,-3.7000003,7.7],"name":"reapercloak_7","rotation":{"angle":0.0,"axis":"x","origin":[4.355,7.4,7.7]},"to":[9.755,-1.9000006,8.09375]},{"faces":{"down":{"rotation":0,"texture":"#5","tintindex":0,"uv":[1.1125,15.5125,1.0125,15.6125]},"east":{"rotation":0,"texture":"#5","tintindex":0,"uv":[14.8875,4.1375,14.9875,4.3625]},"north":{"rotation":0,"texture":"#5","tintindex":0,"uv":[14.8875,3.7625,14.9875,3.9875]},"south":{"rotation":0,"texture":"#5","tintindex":0,"uv":[14.8875,4.5125,14.9875,4.7375]},"up":{"rotation":0,"texture":"#5","tintindex":0,"uv":[0.8625,15.6125,0.7625,15.5125]},"west":{"rotation":0,"texture":"#5","tintindex":0,"uv":[14.8875,4.8875,14.9875,5.1125]}},"from":[6.755,-4.9000006,7.7],"name":"reapercloak_8","rotation":{"angle":0.0,"axis":"x","origin":[4.355,7.4,7.7]},"to":[7.355,-3.7000003,8.09375]},{"faces":{"down":{"rotation":0,"texture":"#5","tintindex":0,"uv":[15.6125,1.2625,15.5125,1.3625]},"east":{"rotation":0,"texture":"#5","tintindex":0,"uv":[14.8875,5.6375,14.9875,5.8625]},"north":{"rotation":0,"texture":"#5","tintindex":0,"uv":[14.8875,5.2625,14.9875,5.4875]},"south":{"rotation":0,"texture":"#5","tintindex":0,"uv":[14.8875,6.2625,14.9875,6.4875]},"up":{"rotation":0,"texture":"#5","tintindex":0,"uv":[1.3625,15.6125,1.2625,15.5125]},"west":{"rotation":0,"texture":"#5","tintindex":0,"uv":[14.8875,7.0125,14.9875,7.2375]}},"from":[8.555,-4.9000006,7.7],"name":"reapercloak_9","rotation":{"angle":0.0,"axis":"x","origin":[4.355,7.4,7.7]},"to":[9.155001,-3.7000003,8.09375]}],"textures":{"0":"modelengine:entity/boneshadingreaper","1":"modelengine:entity/boneshadin2reeaperxd","2":"modelengine:entity/reapercloak","3":"modelengine:entity/osdeculo","4":"modelengine:entity/reaperfald","5":"modelengine:entity/fallenreaper"}}