{"display":{"head":{"rotation":[0.0,0.0,0.0],"scale":[3.8095,3.8095,3.8095],"translation":[0.0,-6.4,0.0]}},"elements":[{"faces":{"down":{"rotation":0,"texture":"#5","tintindex":0,"uv":[11.2375,8.6375,11.0125,9.1125]},"east":{"rotation":0,"texture":"#5","tintindex":0,"uv":[12.8875,8.8875,13.3625,8.9875]},"north":{"rotation":0,"texture":"#5","tintindex":0,"uv":[5.1375,1.5125,5.3625,1.6125]},"south":{"rotation":0,"texture":"#5","tintindex":0,"uv":[6.6375,1.8875,6.8625,1.9875]},"up":{"rotation":0,"texture":"#5","tintindex":0,"uv":[5.8625,0.4875,5.6375,0.0125]},"west":{"rotation":0,"texture":"#5","tintindex":0,"uv":[12.8875,9.1375,13.3625,9.2375]}},"from":[7.4,8.098202,5.242828],"name":"left leg","rotation":{"angle":0.0,"axis":"x","origin":[8.0,14.398202,8.242828]},"to":[8.6,8.698201,7.642828]},{"faces":{"down":{"rotation":0,"texture":"#5","tintindex":0,"uv":[2.8625,6.6375,2.3875,7.4875]},"east":{"rotation":0,"texture":"#5","tintindex":0,"uv":[11.3875,1.2625,12.2375,1.3625]},"north":{"rotation":0,"texture":"#5","tintindex":0,"uv":[13.0125,13.3875,13.4875,13.4875]},"south":{"rotation":0,"texture":"#5","tintindex":0,"uv":[13.3875,13.0125,13.8625,13.1125]},"up":{"rotation":0,"texture":"#5","tintindex":0,"uv":[7.1125,1.7375,6.6375,0.8875]},"west":{"rotation":0,"texture":"#5","tintindex":0,"uv":[11.6375,10.5125,12.4875,10.6125]}},"from":[6.8,7.4982014,5.242828],"name":"left leg","rotation":{"angle":0.0,"axis":"x","origin":[8.0,14.398202,8.242828]},"to":[9.2,8.098202,9.442827]},{"faces":{"down":{"rotation":0,"texture":"#5","tintindex":0,"uv":[10.9875,1.5125,10.5125,1.8625]},"east":{"rotation":0,"texture":"#5","tintindex":0,"uv":[11.8875,7.8875,12.2375,8.1125]},"north":{"rotation":0,"texture":"#5","tintindex":0,"uv":[11.1375,3.8875,11.6125,4.1125]},"south":{"rotation":0,"texture":"#5","tintindex":0,"uv":[4.1375,11.1375,4.6125,11.3625]},"up":{"rotation":0,"texture":"#5","tintindex":0,"uv":[10.8625,8.1125,10.3875,7.7625]},"west":{"rotation":0,"texture":"#5","tintindex":0,"uv":[11.8875,8.2625,12.2375,8.4875]}},"from":[6.8599997,8.098202,7.642828],"name":"left leg","rotation":{"angle":0.0,"axis":"x","origin":[8.0,14.998202,8.242828]},"to":[9.139999,9.298201,9.382828]},{"faces":{"down":{"rotation":0,"texture":"#5","tintindex":0,"uv":[12.9875,12.5125,12.8875,12.9875]},"east":{"rotation":0,"texture":"#5","tintindex":0,"uv":[12.8875,10.1375,13.3625,10.2375]},"north":{"rotation":0,"texture":"#5","tintindex":0,"uv":[15.0125,6.6375,15.1125,6.7375]},"south":{"rotation":0,"texture":"#5","tintindex":0,"uv":[6.7625,15.0125,6.8625,15.1125]},"up":{"rotation":0,"texture":"#5","tintindex":0,"uv":[10.4875,13.3625,10.3875,12.8875]},"west":{"rotation":0,"texture":"#5","tintindex":0,"uv":[12.8875,10.3875,13.3625,10.4875]}},"from":[6.924264,7.798201,5.248828],"name":"left leg","rotation":{"angle":45.0,"axis":"z","origin":[7.224264,8.098202,6.136828]},"to":[7.764264,8.398201,7.648828]},{"faces":{"down":{"rotation":0,"texture":"#5","tintindex":0,"uv":[3.7375,14.6375,3.5125,14.7375]},"east":{"rotation":0,"texture":"#5","tintindex":0,"uv":[14.8875,15.0125,14.9875,15.1125]},"north":{"rotation":0,"texture":"#5","tintindex":0,"uv":[0.3875,14.6375,0.6125,14.7375]},"south":{"rotation":0,"texture":"#5","tintindex":0,"uv":[3.1375,14.6375,3.3625,14.7375]},"up":{"rotation":0,"texture":"#5","tintindex":0,"uv":[14.8625,3.3625,14.6375,3.2625]},"west":{"rotation":0,"texture":"#5","tintindex":0,"uv":[15.1375,0.2625,15.2375,0.3625]}},"from":[7.4,7.4982014,4.642828],"name":"left leg","rotation":{"angle":0.0,"axis":"x","origin":[8.0,14.398202,8.242828]},"to":[8.6,8.098202,5.242828]},{"faces":{"down":{"rotation":0,"texture":"#5","tintindex":0,"uv":[14.8625,0.0125,14.6375,0.1125]},"east":{"rotation":0,"texture":"#5","tintindex":0,"uv":[14.6375,15.0125,14.7375,15.1125]},"north":{"rotation":0,"texture":"#5","tintindex":0,"uv":[14.0125,14.5125,14.2375,14.6125]},"south":{"rotation":0,"texture":"#5","tintindex":0,"uv":[14.3875,14.5125,14.6125,14.6125]},"up":{"rotation":0,"texture":"#5","tintindex":0,"uv":[0.2375,14.7375,0.0125,14.6375]},"west":{"rotation":0,"texture":"#5","tintindex":0,"uv":[15.0125,14.6375,15.1125,14.7375]}},"from":[7.403,7.779695,4.766688],"name":"left leg","rotation":{"angle":45.0,"axis":"x","origin":[8.0,8.079695,5.066688]},"to":[8.597,8.634695,5.366688]},{"faces":{"down":{"rotation":0,"texture":"#5","tintindex":0,"uv":[10.2375,12.8875,10.1375,13.3625]},"east":{"rotation":0,"texture":"#5","tintindex":0,"uv":[9.2625,12.8875,9.7375,12.9875]},"north":{"rotation":0,"texture":"#5","tintindex":0,"uv":[6.2625,15.0125,6.3625,15.1125]},"south":{"rotation":0,"texture":"#5","tintindex":0,"uv":[6.5125,15.0125,6.6125,15.1125]},"up":{"rotation":0,"texture":"#5","tintindex":0,"uv":[9.9875,13.3625,9.8875,12.8875]},"west":{"rotation":0,"texture":"#5","tintindex":0,"uv":[12.8875,9.3875,13.3625,9.4875]}},"from":[8.235736,7.798201,5.248828],"name":"left leg","rotation":{"angle":-45.0,"axis":"z","origin":[8.775736,8.098202,6.142828]},"to":[9.075736,8.398201,7.648828]}],"textures":{"0":"modelengine:entity/boneshadingreaper","1":"modelengine:entity/boneshadin2reeaperxd","2":"modelengine:entity/reapercloak","3":"modelengine:entity/osdeculo","4":"modelengine:entity/reaperfald","5":"modelengine:entity/fallenreaper"}}