{"display":{"head":{"rotation":[0.0,0.0,0.0],"scale":[3.8095,3.8095,3.8095],"translation":[0.0,-6.4,0.0]}},"elements":[{"faces":{"down":{"rotation":0,"texture":"#1","tintindex":0,"uv":[11.5,6.0,11.875,6.25]},"east":{"rotation":0,"texture":"#1","tintindex":0,"uv":[11.5,6.0,11.875,6.25]},"north":{"rotation":0,"texture":"#1","tintindex":0,"uv":[11.5,6.0,11.875,6.25]},"south":{"rotation":0,"texture":"#1","tintindex":0,"uv":[11.5,6.0,11.875,6.25]},"up":{"rotation":0,"texture":"#1","tintindex":0,"uv":[11.5,6.0,11.875,6.25]},"west":{"rotation":0,"texture":"#1","tintindex":0,"uv":[11.5,6.0,11.875,6.25]}},"from":[6.47694,7.2367716,7.1],"name":"right arm","rotation":{"angle":0.0,"axis":"x","origin":[7.3769403,7.836772,8.0]},"to":[8.27694,8.436771,8.9]},{"faces":{"down":{"rotation":0,"texture":"#5","tintindex":0,"uv":[2.9875,9.5125,2.5125,9.9875]},"east":{"rotation":0,"texture":"#5","tintindex":0,"uv":[9.3875,8.3875,9.8625,8.8625]},"north":{"rotation":0,"texture":"#5","tintindex":0,"uv":[8.0125,9.3875,8.4875,9.8625]},"south":{"rotation":0,"texture":"#5","tintindex":0,"uv":[9.3875,9.0125,9.8625,9.4875]},"up":{"rotation":0,"texture":"#5","tintindex":0,"uv":[2.3625,9.9875,1.8875,9.5125]},"west":{"rotation":0,"texture":"#5","tintindex":0,"uv":[1.2625,9.5125,1.7375,9.9875]}},"from":[6.32694,5.4367714,6.95],"name":"right arm","rotation":{"angle":0.0,"axis":"x","origin":[3.7769399,-2.3632288,8.0]},"to":[8.42694,7.836772,9.05]},{"faces":{"down":{"rotation":0,"texture":"#5","tintindex":0,"uv":[15.2375,5.7625,15.1375,5.8625]},"east":{"rotation":0,"texture":"#5","tintindex":0,"uv":[14.2625,0.2625,14.3625,0.6125]},"north":{"rotation":0,"texture":"#5","tintindex":0,"uv":[14.1375,14.0125,14.2375,14.3625]},"south":{"rotation":0,"texture":"#5","tintindex":0,"uv":[14.2625,0.7625,14.3625,1.1125]},"up":{"rotation":0,"texture":"#5","tintindex":0,"uv":[5.7375,15.2375,5.6375,15.1375]},"west":{"rotation":0,"texture":"#5","tintindex":0,"uv":[14.2625,1.2625,14.3625,1.6125]}},"from":[8.42694,5.4367714,7.25],"name":"right arm","rotation":{"angle":0.0,"axis":"x","origin":[4.22694,-2.3632288,8.0]},"to":[8.72694,7.2367716,7.85]},{"faces":{"down":{"rotation":0,"texture":"#5","tintindex":0,"uv":[7.1125,13.6375,6.6375,13.7375]},"east":{"rotation":0,"texture":"#5","tintindex":0,"uv":[15.1375,5.2625,15.2375,5.3625]},"north":{"rotation":0,"texture":"#5","tintindex":0,"uv":[13.6375,2.1375,14.1125,2.2375]},"south":{"rotation":0,"texture":"#5","tintindex":0,"uv":[13.6375,2.3875,14.1125,2.4875]},"up":{"rotation":0,"texture":"#5","tintindex":0,"uv":[14.1125,2.7375,13.6375,2.6375]},"west":{"rotation":0,"texture":"#5","tintindex":0,"uv":[15.1375,5.5125,15.2375,5.6125]}},"from":[6.32694,5.7367716,6.8599997],"name":"right arm","rotation":{"angle":0.0,"axis":"x","origin":[1.2269399,4.9867716,11.900001]},"to":[8.42694,6.336772,6.95]},{"faces":{"down":{"rotation":0,"texture":"#5","tintindex":0,"uv":[14.1125,1.8875,13.6375,1.9875]},"east":{"rotation":0,"texture":"#5","tintindex":0,"uv":[15.1375,4.7625,15.2375,4.8625]},"north":{"rotation":0,"texture":"#5","tintindex":0,"uv":[13.6375,0.2625,14.1125,0.3625]},"south":{"rotation":0,"texture":"#5","tintindex":0,"uv":[13.6375,0.5125,14.1125,0.6125]},"up":{"rotation":0,"texture":"#5","tintindex":0,"uv":[1.9875,13.7375,1.5125,13.6375]},"west":{"rotation":0,"texture":"#5","tintindex":0,"uv":[15.1375,5.0125,15.2375,5.1125]}},"from":[6.32694,5.7367716,9.05],"name":"right arm","rotation":{"angle":0.0,"axis":"x","origin":[1.2269399,4.9867716,11.900001]},"to":[8.42694,6.336772,9.139999]},{"faces":{"down":{"rotation":0,"texture":"#5","tintindex":0,"uv":[13.7375,1.2625,13.6375,1.7375]},"east":{"rotation":0,"texture":"#5","tintindex":0,"uv":[13.5125,10.3875,13.9875,10.4875]},"north":{"rotation":0,"texture":"#5","tintindex":0,"uv":[4.3875,15.1375,4.4875,15.2375]},"south":{"rotation":0,"texture":"#5","tintindex":0,"uv":[15.1375,4.5125,15.2375,4.6125]},"up":{"rotation":0,"texture":"#5","tintindex":0,"uv":[12.1125,13.9875,12.0125,13.5125]},"west":{"rotation":0,"texture":"#5","tintindex":0,"uv":[13.5125,10.6375,13.9875,10.7375]}},"from":[8.42694,5.7367716,6.95],"name":"right arm","rotation":{"angle":0.0,"axis":"x","origin":[7.07694,4.9867716,9.950001]},"to":[8.51694,6.336772,9.05]},{"faces":{"down":{"rotation":0,"texture":"#5","tintindex":0,"uv":[11.8625,13.5125,11.7625,13.9875]},"east":{"rotation":0,"texture":"#5","tintindex":0,"uv":[9.8875,13.5125,10.3625,13.6125]},"north":{"rotation":0,"texture":"#5","tintindex":0,"uv":[15.1375,4.0125,15.2375,4.1125]},"south":{"rotation":0,"texture":"#5","tintindex":0,"uv":[15.1375,4.2625,15.2375,4.3625]},"up":{"rotation":0,"texture":"#5","tintindex":0,"uv":[3.4875,13.9875,3.3875,13.5125]},"west":{"rotation":0,"texture":"#5","tintindex":0,"uv":[13.5125,10.1375,13.9875,10.2375]}},"from":[6.2369404,5.7367716,6.95],"name":"right arm","rotation":{"angle":0.0,"axis":"x","origin":[7.07694,4.9867716,9.950001]},"to":[6.32694,6.336772,9.05]},{"faces":{"down":{"rotation":0,"texture":"#5","tintindex":0,"uv":[13.9875,9.2625,13.5125,9.3625]},"east":{"rotation":0,"texture":"#5","tintindex":0,"uv":[3.6375,15.1375,3.7375,15.2375]},"north":{"rotation":0,"texture":"#5","tintindex":0,"uv":[13.5125,8.5125,13.9875,8.6125]},"south":{"rotation":0,"texture":"#5","tintindex":0,"uv":[13.5125,8.7625,13.9875,8.8625]},"up":{"rotation":0,"texture":"#5","tintindex":0,"uv":[13.9875,9.1125,13.5125,9.0125]},"west":{"rotation":0,"texture":"#5","tintindex":0,"uv":[15.1375,3.7625,15.2375,3.8625]}},"from":[6.32694,6.9367714,6.8599997],"name":"right arm","rotation":{"angle":0.0,"axis":"x","origin":[1.2269399,6.1867714,11.900001]},"to":[8.42694,7.536772,6.95]},{"faces":{"down":{"rotation":0,"texture":"#5","tintindex":0,"uv":[1.3625,13.5125,1.2625,13.9875]},"east":{"rotation":0,"texture":"#5","tintindex":0,"uv":[13.5125,6.5125,13.9875,6.6125]},"north":{"rotation":0,"texture":"#5","tintindex":0,"uv":[3.1375,15.1375,3.2375,15.2375]},"south":{"rotation":0,"texture":"#5","tintindex":0,"uv":[3.3875,15.1375,3.4875,15.2375]},"up":{"rotation":0,"texture":"#5","tintindex":0,"uv":[11.6125,13.8625,11.5125,13.3875]},"west":{"rotation":0,"texture":"#5","tintindex":0,"uv":[8.5125,13.5125,8.9875,13.6125]}},"from":[6.2369404,6.9367714,6.95],"name":"right arm","rotation":{"angle":0.0,"axis":"x","origin":[7.07694,6.1867714,9.950001]},"to":[6.32694,7.536772,9.05]},{"faces":{"down":{"rotation":0,"texture":"#5","tintindex":0,"uv":[11.3625,13.3875,11.2625,13.8625]},"east":{"rotation":0,"texture":"#5","tintindex":0,"uv":[13.5125,6.0125,13.9875,6.1125]},"north":{"rotation":0,"texture":"#5","tintindex":0,"uv":[2.8875,15.1375,2.9875,15.2375]},"south":{"rotation":0,"texture":"#5","tintindex":0,"uv":[15.1375,2.8875,15.2375,2.9875]},"up":{"rotation":0,"texture":"#5","tintindex":0,"uv":[8.3625,13.8625,8.2625,13.3875]},"west":{"rotation":0,"texture":"#5","tintindex":0,"uv":[13.5125,6.2625,13.9875,6.3625]}},"from":[8.42694,6.9367714,6.95],"name":"right arm","rotation":{"angle":0.0,"axis":"x","origin":[7.07694,6.1867714,9.950001]},"to":[8.51694,7.536772,9.05]},{"faces":{"down":{"rotation":0,"texture":"#5","tintindex":0,"uv":[13.9875,5.7625,13.5125,5.8625]},"east":{"rotation":0,"texture":"#5","tintindex":0,"uv":[15.1375,2.0125,15.2375,2.1125]},"north":{"rotation":0,"texture":"#5","tintindex":0,"uv":[13.5125,3.3875,13.9875,3.4875]},"south":{"rotation":0,"texture":"#5","tintindex":0,"uv":[13.5125,3.6375,13.9875,3.7375]},"up":{"rotation":0,"texture":"#5","tintindex":0,"uv":[5.6125,13.6125,5.1375,13.5125]},"west":{"rotation":0,"texture":"#5","tintindex":0,"uv":[2.6375,15.1375,2.7375,15.2375]}},"from":[6.32694,6.9367714,9.05],"name":"right arm","rotation":{"angle":0.0,"axis":"x","origin":[1.2269399,6.1867714,11.900001]},"to":[8.42694,7.536772,9.139999]},{"faces":{"down":{"rotation":0,"texture":"#5","tintindex":0,"uv":[15.2375,1.7625,15.1375,1.8625]},"east":{"rotation":0,"texture":"#5","tintindex":0,"uv":[14.6375,5.2625,14.7375,5.4875]},"north":{"rotation":0,"texture":"#5","tintindex":0,