{"display":{"head":{"rotation":[0.0,0.0,0.0],"scale":[3.8095,3.8095,3.8095],"translation":[0.0,-6.4,0.0]}},"elements":[{"faces":{"down":{"rotation":0,"texture":"#5","tintindex":0,"uv":[10.2375,1.2625,9.7625,1.7375]},"east":{"rotation":0,"texture":"#5","tintindex":0,"uv":[7.2625,1.0125,7.7375,1.7375]},"north":{"rotation":0,"texture":"#5","tintindex":0,"uv":[0.8875,3.6375,1.3625,4.3625]},"south":{"rotation":0,"texture":"#5","tintindex":0,"uv":[6.8875,7.2625,7.3625,7.9875]},"up":{"rotation":0,"texture":"#5","tintindex":0,"uv":[10.2375,1.1125,9.7625,0.6375]},"west":{"rotation":0,"texture":"#5","tintindex":0,"uv":[0.0125,7.5125,0.4875,8.2375]}},"from":[7.7112503,3.1700003,6.7699995],"name":"layer","rotation":{"angle":0.0,"axis":"x","origin":[4.85,-7.000001,8.0]},"to":[10.219999,6.8299994,9.23]},{"faces":{"down":{"rotation":0,"texture":"#5","tintindex":0,"uv":[10.1125,2.5125,9.6375,2.9875]},"east":{"rotation":0,"texture":"#5","tintindex":0,"uv":[6.2625,9.5125,6.7375,9.9875]},"north":{"rotation":0,"texture":"#5","tintindex":0,"uv":[4.3875,9.5125,4.8625,9.9875]},"south":{"rotation":0,"texture":"#5","tintindex":0,"uv":[8.6375,9.5125,9.1125,9.9875]},"up":{"rotation":0,"texture":"#5","tintindex":0,"uv":[1.1125,10.1125,0.6375,9.6375]},"west":{"rotation":0,"texture":"#5","tintindex":0,"uv":[0.0125,9.6375,0.4875,10.1125]}},"from":[7.7,5.6,6.8],"name":"left arm","rotation":{"angle":0.0,"axis":"x","origin":[5.3,-5.8,8.0]},"to":[10.1,8.0,9.2]},{"faces":{"down":{"rotation":0,"texture":"#5","tintindex":0,"uv":[0.1125,13.7625,0.0125,14.2375]},"east":{"rotation":0,"texture":"#5","tintindex":0,"uv":[13.6375,13.2625,14.1125,13.3625]},"north":{"rotation":0,"texture":"#5","tintindex":0,"uv":[8.3875,15.1375,8.4875,15.2375]},"south":{"rotation":0,"texture":"#5","tintindex":0,"uv":[15.1375,9.8875,15.2375,9.9875]},"up":{"rotation":0,"texture":"#5","tintindex":0,"uv":[8.1125,14.1125,8.0125,13.6375]},"west":{"rotation":0,"texture":"#5","tintindex":0,"uv":[13.5125,13.6375,13.9875,13.7375]}},"from":[7.85,5.0,6.8],"name":"left arm","rotation":{"angle":0.0,"axis":"x","origin":[5.45,-6.4000006,8.0]},"to":[8.45,5.6,9.2]},{"faces":{"down":{"rotation":0,"texture":"#5","tintindex":0,"uv":[7.8625,13.6375,7.7625,14.1125]},"east":{"rotation":0,"texture":"#5","tintindex":0,"uv":[12.2625,13.6375,12.7375,13.7375]},"north":{"rotation":0,"texture":"#5","tintindex":0,"uv":[15.1375,7.1375,15.2375,7.2375]},"south":{"rotation":0,"texture":"#5","tintindex":0,"uv":[15.1375,7.3875,15.2375,7.4875]},"up":{"rotation":0,"texture":"#5","tintindex":0,"uv":[5.8625,14.1125,5.7625,13.6375]},"west":{"rotation":0,"texture":"#5","tintindex":0,"uv":[12.8875,13.6375,13.3625,13.7375]}},"from":[9.35,5.0,6.8],"name":"left arm","rotation":{"angle":0.0,"axis":"x","origin":[6.95,-6.4000006,8.0]},"to":[9.950001,5.6,9.2]},{"faces":{"down":{"rotation":0,"texture":"#5","tintindex":0,"uv":[0.3625,10.6375,0.0125,11.1125]},"east":{"rotation":0,"texture":"#5","tintindex":0,"uv":[9.1375,13.6375,9.6125,13.7375]},"north":{"rotation":0,"texture":"#5","tintindex":0,"uv":[14.1375,12.3875,14.4875,12.4875]},"south":{"rotation":0,"texture":"#5","tintindex":0,"uv":[1.3875,14.2625,1.7375,14.3625]},"up":{"rotation":0,"texture":"#5","tintindex":0,"uv":[10.6125,10.9875,10.2625,10.5125]},"west":{"rotation":0,"texture":"#5","tintindex":0,"uv":[10.5125,13.6375,10.9875,13.7375]}},"from":[7.7,8.0,6.8],"name":"left arm","rotation":{"angle":0.0,"axis":"x","origin":[5.3,-5.8,8.0]},"to":[9.5,8.6,9.2]},{"faces":{"down":{"rotation":0,"texture":"#5","tintindex":0,"uv":[5.9875,11.3875,5.7625,11.8625]},"east":{"rotation":0,"texture":"#5","tintindex":0,"uv":[14.0125,9.7625,14.4875,9.8625]},"north":{"rotation":0,"texture":"#5","tintindex":0,"uv":[10.8875,14.7625,11.1125,14.8625]},"south":{"rotation":0,"texture":"#5","tintindex":0,"uv":[11.2625,14.7625,11.4875,14.8625]},"up":{"rotation":0,"texture":"#5","tintindex":0,"uv":[11.6125,5.9875,11.3875,5.5125]},"west":{"rotation":0,"texture":"#5","tintindex":0,"uv":[11.1375,14.0125,11.6125,14.1125]}},"from":[7.7,8.6,6.8],"name":"left arm","rotation":{"angle":0.0,"axis":"x","origin":[5.3,-5.200001,8.0]},"to":[8.9,8.9,9.2]},{"faces":{"down":{"rotation":0,"texture":"#5","tintindex":0,"uv":[12.4875,14.7625,12.3875,14.9875]},"east":{"rotation":0,"texture":"#5","tintindex":0,"uv":[11.6375,14.7625,11.8625,14.8625]},"north":{"rotation":0,"texture":"#5","tintindex":0,"uv":[12.1375,15.3875,12.2375,15.4875]},"south":{"rotation":0,"texture":"#5","tintindex":0,"uv":[12.3875,15.3875,12.4875,15.4875]},"up":{"rotation":0,"texture":"#5","tintindex":0,"uv":[5.8625,14.9875,5.7625,14.7625]},"west":{"rotation":0,"texture":"#5","tintindex":0,"uv":[12.0125,14.7625,12.2375,14.8625]}},"from":[7.85,8.9,7.4],"name":"left arm","rotation":{"angle":0.0,"axis":"x","origin":[4.85,-4.9000006,8.0]},"to":[8.45,9.2,8.6]},{"faces":{"down":{"rotation":0,"texture":"#5","tintindex":0,"uv":[14.4875,14.7625,14.3875,14.9875]},"east":{"rotation":0,"texture":"#5","tintindex":0,"uv":[14.7625,13.1375,14.9875,13.2375]},"north":{"rotation":0,"texture":"#5","tintindex":0,"uv":[15.3875,12.5125,15.4875,12.6125]},"south":{"rotation":0,"texture":"#5","tintindex":0,"uv":[12.6375,15.3875,12.7375,15.4875]},"up":{"rotation":0,"texture":"#5","tintindex":0,"uv":[14.2375,14.9875,14.1375,14.7625]},"west":{"rotation":0,"texture":"#5","tintindex":0,"uv":[13.7625,14.7625,13.9875,14.8625]}},"from":[8.9,8.6,7.4],"name":"left arm","rotation":{"angle":0.0,"axis":"x","origin":[5.8999996,-5.200001,8.0]},"to":[9.5,8.9,8.6]},{"faces":{"down":{"rotation":0,"texture":"#5","tintindex":0,"uv":[4.9875,13.6375,4.8875,14.1125]},"east":{"rotation":0,"texture":"#5","tintindex":0,"uv":[13.6375,7.1375,14.1125,7.2375]},"north":{"rotation":0,"texture":"#5","tintindex":0,"uv":[15.1375,6.2625,15.2375,6.3625]},"south":{"rotation":0,"texture":"#5","tintindex":0,"uv":[15.1375,6.8875,15.2375,6.9875]},"up":{"rotation":0,"texture":"#5","tintindex":0,"uv":[4.7375,14.1125,4.6375,13.6375]},"west":{"rotation":0,"texture":"#5","tintindex":0,"uv":[13.6375,7.3875,14.1125,7.4875]}},"from":[9.198118,7.5512576,6.803],"name":"left arm","rotation":{"angle":22.5,"axis":"z","origin":[8.898119,8.301258,8.0]},"to":[9.798119,8.301258,9.1970005]},{"faces":{"down":{"rotation":0,"texture":"#1","tintindex":0,"uv":[11.5,6.0,11.875,6.25]},"east":{"rotation":0,"texture":"#1","tintindex":0,"uv":[11.5,6.0,11.875,6.25]},"north":{"rotation":0,"texture":"#1","tintindex":0,"uv":[11.5,6.0,11.875,6.25]},"south":{"rotation":0,"texture":"#1","tintindex":0,"uv":[11.5,6.0,11.875,6.25]},"up":{"rotation":0,"texture":"#1","tintindex":0,"uv":[11.5,6.0,11.875,6.25]},"west":{"rotation":0,"texture":"#1","tintindex":0,"uv":[11.5,6.0,11.875,6.25]}},"from":[8.0,4.3999996,7.1],"name":"left arm","rotation":{"angle":0.0,"axis":"x","origin":[5.3,-5.8,8.0]},"to":[9.8,5.6,8.9]}],"textures":{"0":"modelengine:entity/boneshadingreaper","1":"modelengine:entity/boneshadin2reeaperxd","2":"modelengine:entity/reapercloak","3":"modelengine:entity/osdeculo","4":"modelengine:entity/reaperfald","5":"modelengine:entity/fallenreaper"}}