{"textures":{"0":"modelengine:entity/manta_ray"},"elements":[{"name":"cube","from":[5.444831,5.7110505,5.843601],"to":[9.04483,10.51105,10.643601],"rotation":{"angle":0.0,"axis":"x","origin":[6.944831,6.3110504,8.843601]},"faces":{"down":{"uv":[0.0,10.125,0.75,11.125],"rotation":0,"texture":"#0","tintindex":0},"east":{"uv":[2.5,7.5,1.5,8.5],"rotation":0,"texture":"#0","tintindex":0},"north":{"uv":[4.25,10.0,3.5,11.0],"rotation":0,"texture":"#0","tintindex":0},"south":{"uv":[5.0,10.0,4.25,11.0],"rotation":0,"texture":"#0","tintindex":0},"up":{"uv":[5.0,11.0,5.75,10.0],"rotation":0,"texture":"#0","tintindex":0},"west":{"uv":[3.5,5.5,2.5,6.5],"rotation":0,"texture":"#0","tintindex":0}}},{"name":"cube","from":[7.2448306,3.3110502,6.443601],"to":[8.444831,5.7110505,10.043602],"rotation":{"angle":0.0,"axis":"x","origin":[-2.9551697,4.51105,16.043602]},"faces":{"down":{"uv":[1.75,10.75,2.0,11.5],"rotation":0,"texture":"#0","tintindex":0},"east":{"uv":[6.875,10.625,6.125,11.125],"rotation":0,"texture":"#0","tintindex":0},"north":{"uv":[11.125,1.5,10.875,2.0],"rotation":0,"texture":"#0","tintindex":0},"south":{"uv":[7.125,10.875,6.875,11.375],"rotation":0,"texture":"#0","tintindex":0},"up":{"uv":[10.125,11.375,10.375,10.625],"rotation":0,"texture":"#0","tintindex":0},"west":{"uv":[11.25,8.25,10.5,8.75],"rotation":0,"texture":"#0","tintindex":0}}},{"name":"cube","from":[7.360947,0.36592293,6.443601],"to":[8.560947,2.765923,11.243602],"rotation":{"angle":-22.5,"axis":"z","origin":[9.8731575,3.330364,7.043601]},"faces":{"down":{"uv":[9.875,10.625,10.125,11.625],"rotation":0,"texture":"#0","tintindex":0},"east":{"uv":[2.75,10.25,1.75,10.75],"rotation":0,"texture":"#0","tintindex":0},"north":{"uv":[2.75,10.75,2.5,11.25],"rotation":0,"texture":"#0","tintindex":0},"south":{"uv":[11.0,5.5,10.75,6.0],"rotation":0,"texture":"#0","tintindex":0},"up":{"uv":[9.625,11.625,9.875,10.625],"rotation":0,"texture":"#0","tintindex":0},"west":{"uv":[10.5,10.125,9.5,10.625],"rotation":0,"texture":"#0","tintindex":0}}},{"name":"cube","from":[2.7417865,-5.513976,6.443601],"to":[3.9417868,-4.313976,8.843601],"rotation":{"angle":22.5,"axis":"z","origin":[-7.458213,1.6860242,15.443602]},"faces":{"down":{"uv":[2.25,10.75,2.5,11.25],"rotation":0,"texture":"#0","tintindex":0},"east":{"uv":[3.5,6.5,3.0,6.75],"rotation":0,"texture":"#0","tintindex":0},"north":{"uv":[8.0,8.625,7.75,8.875],"rotation":0,"texture":"#0","tintindex":0},"south":{"uv":[6.5,9.375,6.25,9.625],"rotation":0,"texture":"#0","tintindex":0},"up":{"uv":[2.0,11.25,2.25,10.75],"rotation":0,"texture":"#0","tintindex":0},"west":{"uv":[3.0,6.5,2.5,6.75],"rotation":0,"texture":"#0","tintindex":0}}},{"name":"cube","from":[12.2109585,5.700341,6.443601],"to":[13.410959,8.100342,11.243602],"rotation":{"angle":-45.0,"axis":"z","origin":[2.0109575,11.700342,16.6436]},"faces":{"down":{"uv":[9.375,10.625,9.625,11.625],"rotation":0,"texture":"#0","tintindex":0},"east":{"uv":[9.5,10.125,8.5,10.625],"rotation":0,"texture":"#0","tintindex":0},"north":{"uv":[2.25,8.5,2.0,9.0],"rotation":0,"texture":"#0","tintindex":0},"south":{"uv":[2.5,8.5,2.25,9.0],"rotation":0,"texture":"#0","tintindex":0},"up":{"uv":[1.5,11.625,1.75,10.625],"rotation":0,"texture":"#0","tintindex":0},"west":{"uv":[1.75,10.125,0.75,10.625],"rotation":0,"texture":"#0","tintindex":0}}}],"display":{"head":{"translation":[0.0,-6.4,0.0],"rotation":[0.0,0.0,0.0],"scale":[3.8095,3.8095,3.8095]}}}