{"textures":{"0":"modelengine:entity/manta_ray"},"elements":[{"name":"cube","from":[6.955169,5.7110505,5.843601],"to":[10.55517,10.51105,10.643601],"rotation":{"angle":0.0,"axis":"x","origin":[9.055169,6.3110504,8.843601]},"faces":{"down":{"uv":[0.75,10.125,0.0,11.125],"rotation":0,"texture":"#0","tintindex":0},"east":{"uv":[2.5,5.5,3.5,6.5],"rotation":0,"texture":"#0","tintindex":0},"north":{"uv":[3.5,10.0,4.25,11.0],"rotation":0,"texture":"#0","tintindex":0},"south":{"uv":[4.25,10.0,5.0,11.0],"rotation":0,"texture":"#0","tintindex":0},"up":{"uv":[5.75,11.0,5.0,10.0],"rotation":0,"texture":"#0","tintindex":0},"west":{"uv":[1.5,7.5,2.5,8.5],"rotation":0,"texture":"#0","tintindex":0}}},{"name":"cube","from":[7.555169,3.3110502,6.443601],"to":[8.755169,5.7110505,10.043602],"rotation":{"angle":0.0,"axis":"x","origin":[18.95517,4.51105,16.043602]},"faces":{"down":{"uv":[2.0,10.75,1.75,11.5],"rotation":0,"texture":"#0","tintindex":0},"east":{"uv":[10.5,8.25,11.25,8.75],"rotation":0,"texture":"#0","tintindex":0},"north":{"uv":[10.875,1.5,11.125,2.0],"rotation":0,"texture":"#0","tintindex":0},"south":{"uv":[6.875,10.875,7.125,11.375],"rotation":0,"texture":"#0","tintindex":0},"up":{"uv":[10.375,11.375,10.125,10.625],"rotation":0,"texture":"#0","tintindex":0},"west":{"uv":[6.125,10.625,6.875,11.125],"rotation":0,"texture":"#0","tintindex":0}}},{"name":"cube","from":[7.439053,0.36592293,6.443601],"to":[8.639053,2.765923,11.243602],"rotation":{"angle":22.5,"axis":"z","origin":[6.1268415,3.330364,7.043601]},"faces":{"down":{"uv":[10.125,10.625,9.875,11.625],"rotation":0,"texture":"#0","tintindex":0},"east":{"uv":[9.5,10.125,10.5,10.625],"rotation":0,"texture":"#0","tintindex":0},"north":{"uv":[2.5,10.75,2.75,11.25],"rotation":0,"texture":"#0","tintindex":0},"south":{"uv":[10.75,5.5,11.0,6.0],"rotation":0,"texture":"#0","tintindex":0},"up":{"uv":[9.875,11.625,9.625,10.625],"rotation":0,"texture":"#0","tintindex":0},"west":{"uv":[1.75,10.25,2.75,10.75],"rotation":0,"texture":"#0","tintindex":0}}},{"name":"cube","from":[12.058213,-5.513976,6.443601],"to":[13.258214,-4.313976,8.843601],"rotation":{"angle":-22.5,"axis":"z","origin":[23.458214,1.6860242,15.443602]},"faces":{"down":{"uv":[2.5,10.75,2.25,11.25],"rotation":0,"texture":"#0","tintindex":0},"east":{"uv":[2.5,6.5,3.0,6.75],"rotation":0,"texture":"#0","tintindex":0},"north":{"uv":[7.75,8.625,8.0,8.875],"rotation":0,"texture":"#0","tintindex":0},"south":{"uv":[6.25,9.375,6.5,9.625],"rotation":0,"texture":"#0","tintindex":0},"up":{"uv":[2.25,11.25,2.0,10.75],"rotation":0,"texture":"#0","tintindex":0},"west":{"uv":[3.0,6.5,3.5,6.75],"rotation":0,"texture":"#0","tintindex":0}}},{"name":"cube","from":[2.5890415,5.700341,6.443601],"to":[3.7890415,8.100342,11.243602],"rotation":{"angle":45.0,"axis":"z","origin":[13.989042,11.700342,16.6436]},"faces":{"down":{"uv":[9.625,10.625,9.375,11.625],"rotation":0,"texture":"#0","tintindex":0},"east":{"uv":[0.75,10.125,1.75,10.625],"rotation":0,"texture":"#0","tintindex":0},"north":{"uv":[2.0,8.5,2.25,9.0],"rotation":0,"texture":"#0","tintindex":0},"south":{"uv":[2.25,8.5,2.5,9.0],"rotation":0,"texture":"#0","tintindex":0},"up":{"uv":[1.75,11.625,1.5,10.625],"rotation":0,"texture":"#0","tintindex":0},"west":{"uv":[8.5,10.125,9.5,10.625],"rotation":0,"texture":"#0","tintindex":0}}}],"display":{"head":{"translation":[0.0,-6.4,0.0],"rotation":[0.0,0.0,0.0],"scale":[3.8095,3.8095,3.8095]}}}