{"display":{"head":{"rotation":[0.0,0.0,0.0],"scale":[3.8095,3.8095,3.8095],"translation":[0.0,-6.4,0.0]}},"elements":[{"faces":{"down":{"rotation":0,"texture":"#5","tintindex":0,"uv":[0.504,4.996,4.996,4.504]},"east":{"rotation":180,"texture":"#5","tintindex":0,"uv":[4.504,4.996,4.996,0.004]},"north":{"rotation":180,"texture":"#5","tintindex":0,"uv":[0.504,4.996,4.996,0.004]},"south":{"rotation":0,"texture":"#5","tintindex":0,"uv":[0.504,0.004,4.996,4.996]},"up":{"rotation":180,"texture":"#5","tintindex":0,"uv":[4.996,0.496,0.504,0.004]},"west":{"rotation":180,"texture":"#5","tintindex":0,"uv":[0.504,4.996,0.996,0.004]}},"from":[4.985,2.1950002,7.685],"name":"capa_0","rotation":{"angle":0.0,"axis":"x","origin":[4.385,8.195001,8.15]},"to":[10.385,8.195001,8.15]},{"faces":{"down":{"rotation":0,"texture":"#5","tintindex":0,"uv":[0.004,4.496,0.496,4.004]},"east":{"rotation":180,"texture":"#5","tintindex":0,"uv":[0.004,4.496,0.496,0.504]},"north":{"rotation":180,"texture":"#5","tintindex":0,"uv":[0.004,4.496,0.496,0.504]},"south":{"rotation":0,"texture":"#5","tintindex":0,"uv":[0.004,0.504,0.496,4.496]},"up":{"rotation":180,"texture":"#5","tintindex":0,"uv":[0.496,0.996,0.004,0.504]},"west":{"rotation":180,"texture":"#5","tintindex":0,"uv":[0.004,4.496,0.496,0.504]}},"from":[4.385,2.7950003,7.685],"name":"capa_1","rotation":{"angle":0.0,"axis":"x","origin":[4.385,8.195001,8.15]},"to":[4.985,7.5950003,8.15]},{"faces":{"down":{"rotation":0,"texture":"#5","tintindex":0,"uv":[5.004,4.996,5.496,4.504]},"east":{"rotation":180,"texture":"#5","tintindex":0,"uv":[5.004,4.996,5.496,0.504]},"north":{"rotation":180,"texture":"#5","tintindex":0,"uv":[5.004,4.996,5.496,0.504]},"south":{"rotation":0,"texture":"#5","tintindex":0,"uv":[5.004,0.504,5.496,4.996]},"up":{"rotation":180,"texture":"#5","tintindex":0,"uv":[5.496,0.996,5.004,0.504]},"west":{"rotation":180,"texture":"#5","tintindex":0,"uv":[5.004,4.996,5.496,0.504]}},"from":[10.385,2.1950002,7.685],"name":"capa_2","rotation":{"angle":0.0,"axis":"x","origin":[4.385,8.195001,8.15]},"to":[10.985001,7.5950003,8.15]},{"faces":{"down":{"rotation":0,"texture":"#5","tintindex":0,"uv":[1.004,5.996,4.996,5.504]},"east":{"rotation":180,"texture":"#5","tintindex":0,"uv":[4.504,5.996,4.996,5.004]},"north":{"rotation":180,"texture":"#5","tintindex":0,"uv":[1.004,5.996,4.996,5.004]},"south":{"rotation":0,"texture":"#5","tintindex":0,"uv":[1.004,5.004,4.996,5.996]},"up":{"rotation":180,"texture":"#5","tintindex":0,"uv":[4.996,5.496,1.004,5.004]},"west":{"rotation":180,"texture":"#5","tintindex":0,"uv":[1.004,5.996,1.496,5.004]}},"from":[5.585,0.99499965,7.685],"name":"capa_3","rotation":{"angle":0.0,"axis":"x","origin":[4.385,8.195001,8.15]},"to":[10.385,2.1950002,8.15]},{"faces":{"down":{"rotation":0,"texture":"#5","tintindex":0,"uv":[1.504,6.996,2.496,6.504]},"east":{"rotation":180,"texture":"#5","tintindex":0,"uv":[2.004,6.996,2.496,6.004]},"north":{"rotation":180,"texture":"#5","tintindex":0,"uv":[1.504,6.996,2.496,6.004]},"south":{"rotation":0,"texture":"#5","tintindex":0,"uv":[1.504,6.004,2.496,6.996]},"up":{"rotation":180,"texture":"#5","tintindex":0,"uv":[2.496,6.496,1.504,6.004]},"west":{"rotation":180,"texture":"#5","tintindex":0,"uv":[1.504,6.996,1.996,6.004]}},"from":[6.185,-0.2050004,7.685],"name":"capa_4","rotation":{"angle":0.0,"axis":"x","origin":[4.385,8.195001,8.15]},"to":[7.3849998,0.99499965,8.15]},{"faces":{"down":{"rotation":0,"texture":"#6","tintindex":0,"uv":[3.121,14.129,3.004,14.246]},"east":{"rotation":0,"texture":"#6","tintindex":0,"uv":[14.129,2.254,14.246,2.371]},"north":{"rotation":0,"texture":"#6","tintindex":0,"uv":[14.129,2.004,14.246,2.121]},"south":{"rotation":0,"texture":"#6","tintindex":0,"uv":[14.129,2.504,14.246,2.621]},"up":{"rotation":0,"texture":"#6","tintindex":0,"uv":[14.246,2.871,14.129,2.754]},"west":{"rotation":0,"texture":"#6","tintindex":0,"uv":[2.754,14.129,2.871,14.246]}},"from":[7.3849998,0.3949995,7.685],"name":"capa_5","rotation":{"angle":0.0,"axis":"x","origin":[4.385,8.195001,8.15]},"to":[7.985,0.99499965,8.15]},{"faces":{"down":{"rotation":0,"texture":"#5","tintindex":0,"uv":[3.504,6.996,4.496,6.504]},"east":{"rotation":180,"texture":"#5","tintindex":0,"uv":[4.004,6.996,4.496,6.004]},"north":{"rotation":180,"texture":"#5","tintindex":0,"uv":[3.504,6.996,4.496,6.004]},"south":{"rotation":0,"texture":"#5","tintindex":0,"uv":[3.504,6.004,4.496,6.996]},"up":{"rotation":180,"texture":"#5","tintindex":0,"uv":[4.496,6.496,3.504,6.004]},"west":{"rotation":180,"texture":"#5","tintindex":0,"uv":[3.504,6.996,3.996,6.004]}},"from":[8.585,-0.2050004,7.685],"name":"capa_6","rotation":{"angle":0.0,"axis":"x","origin":[4.385,8.195001,8.15]},"to":[9.785,0.99499965,8.15]},{"faces":{"down":{"rotation":0,"texture":"#5","tintindex":0,"uv":[4.504,6.496,4.996,6.004]},"east":{"rotation":180,"texture":"#5","tintindex":0,"uv":[4.504,6.496,4.996,6.004]},"north":{"rotation":180,"texture":"#5","tintindex":0,"uv":[4.504,6.496,4.996,6.004]},"south":{"rotation":0,"texture":"#5","tintindex":0,"uv":[4.504,6.004,4.996,6.496]},"up":{"rotation":180,"texture":"#5","tintindex":0,"uv":[4.996,6.496,4.504,6.004]},"west":{"rotation":180,"texture":"#5","tintindex":0,"uv":[4.504,6.496,4.996,6.004]}},"from":[9.785,0.3949995,7.685],"name":"capa_7","rotation":{"angle":0.0,"axis":"x","origin":[4.385,8.195001,8.15]},"to":[10.385,0.99499965,8.15]},{"faces":{"down":{"rotation":0,"texture":"#5","tintindex":0,"uv":[1.504,7.496,1.996,7.004]},"east":{"rotation":180,"texture":"#5","tintindex":0,"uv":[1.504,7.496,1.996,7.004]},"north":{"rotation":180,"texture":"#5","tintindex":0,"uv":[1.504,7.496,1.996,7.004]},"south":{"rotation":0,"texture":"#5","tintindex":0,"uv":[1.504,7.004,1.996,7.496]},"up":{"rotation":180,"texture":"#5","tintindex":0,"uv":[1.996,7.496,1.504,7.004]},"west":{"rotation":180,"texture":"#5","tintindex":0,"uv":[1.504,7.496,1.996,7.004]}},"from":[6.185,-0.8050003,7.685],"name":"capa_8","rotation":{"angle":0.0,"axis":"x","origin":[4.385,8.195001,8.15]},"to":[6.785,-0.2050004,8.15]},{"faces":{"down":{"rotation":0,"texture":"#5","tintindex":0,"uv":[3.504,7.496,3.996,7.004]},"east":{"rotation":180,"texture":"#5","tintindex":0,"uv":[3.504,7.496,3.996,7.004]},"north":{"rotation":180,"texture":"#5","tintindex":0,"uv":[3.504,7.496,3.996,7.004]},"south":{"rotation":0,"texture":"#5","tintindex":0,"uv":[3.504,7.004,3.996,7.496]},"up":{"rotation":180,"texture":"#5","tintindex":0,"uv":[3.996,7.496,3.504,7.004]},"west":{"rotation":180,"texture":"#5","tintindex":0,"uv":[3.504,7.496,3.996,7.004]}},"from":[8.585,-0.8050003,7.685],"name":"capa_9","rotation":{"angle":0.0,"axis":"x","origin":[4.385,8.195001,8.15]},"to":[9.185,-0.2050004,8.15]}],"textures":{"0":"modelengine:entity/boneshadin2herald.png","1":"modelengine:entity/boneshadin2heraldxd","2":"modelengine:entity/fallenheraldsword","3":"minecraft:custom/archdrake1","4":"modelengine:entity/bandend","5":"modelengine:entity/capa","6":"modelengine:entity/fallenheraldvoid"}}