{"display":{"head":{"rotation":[0.0,0.0,0.0],"scale":[3.8095,3.8095,3.8095],"translation":[0.0,-6.4,0.0]}},"elements":[{"faces":{"down":{"rotation":0,"texture":"#6","tintindex":0,"uv":[13.996,1.004,13.879,1.121]},"east":{"rotation":0,"texture":"#6","tintindex":0,"uv":[13.379,13.754,13.496,13.871]},"north":{"rotation":0,"texture":"#6","tintindex":0,"uv":[13.754,13.129,13.871,13.246]},"south":{"rotation":0,"texture":"#6","tintindex":0,"uv":[0.004,13.879,0.121,13.996]},"up":{"rotation":0,"texture":"#6","tintindex":0,"uv":[13.996,0.871,13.879,0.754]},"west":{"rotation":0,"texture":"#6","tintindex":0,"uv":[13.879,0.504,13.996,0.621]}},"from":[6.6795197,8.6,6.8],"name":"gasgo","rotation":{"angle":0.0,"axis":"x","origin":[6.96476,8.9,7.099553]},"to":[7.25,9.2,7.4]},{"faces":{"down":{"rotation":0,"texture":"#6","tintindex":0,"uv":[3.121,13.879,3.004,13.996]},"east":{"rotation":0,"texture":"#6","tintindex":0,"uv":[13.879,2.254,13.996,2.371]},"north":{"rotation":0,"texture":"#6","tintindex":0,"uv":[13.879,2.004,13.996,2.121]},"south":{"rotation":0,"texture":"#6","tintindex":0,"uv":[13.879,2.504,13.996,2.621]},"up":{"rotation":0,"texture":"#6","tintindex":0,"uv":[13.996,2.871,13.879,2.754]},"west":{"rotation":0,"texture":"#6","tintindex":0,"uv":[2.754,13.879,2.871,13.996]}},"from":[6.6795197,8.6,8.6],"name":"gasgo","rotation":{"angle":0.0,"axis":"x","origin":[6.96476,8.9,8.900447]},"to":[7.25,9.2,9.2]},{"faces":{"down":{"rotation":0,"texture":"#6","tintindex":0,"uv":[13.246,2.629,13.129,2.871]},"east":{"rotation":0,"texture":"#6","tintindex":0,"uv":[13.129,0.254,13.371,0.371]},"north":{"rotation":0,"texture":"#6","tintindex":0,"uv":[12.504,13.754,12.621,13.871]},"south":{"rotation":0,"texture":"#6","tintindex":0,"uv":[13.129,13.754,13.246,13.871]},"up":{"rotation":0,"texture":"#6","tintindex":0,"uv":[2.621,13.371,2.504,13.129]},"west":{"rotation":0,"texture":"#6","tintindex":0,"uv":[13.129,1.504,13.371,1.621]}},"from":[6.68276,8.900948,7.099869],"name":"gasgo","rotation":{"angle":-45.0,"axis":"x","origin":[6.96476,8.9,7.099553]},"to":[7.24676,9.323948,8.1228695]},{"faces":{"down":{"rotation":0,"texture":"#6","tintindex":0,"uv":[13.246,3.754,13.129,3.996]},"east":{"rotation":0,"texture":"#6","tintindex":0,"uv":[13.129,3.254,13.371,3.371]},"north":{"rotation":0,"texture":"#6","tintindex":0,"uv":[13.879,1.254,13.996,1.371]},"south":{"rotation":0,"texture":"#6","tintindex":0,"uv":[13.879,1.754,13.996,1.871]},"up":{"rotation":0,"texture":"#6","tintindex":0,"uv":[3.746,13.371,3.629,13.129]},"west":{"rotation":0,"texture":"#6","tintindex":0,"uv":[13.129,3.504,13.371,3.621]}},"from":[6.68276,8.900948,7.877131],"name":"gasgo","rotation":{"angle":45.0,"axis":"x","origin":[6.96476,8.9,8.900447]},"to":[7.24676,9.323948,8.900131]},{"faces":{"down":{"rotation":0,"texture":"#6","tintindex":0,"uv":[9.246,13.879,9.129,13.996]},"east":{"rotation":0,"texture":"#6","tintindex":0,"uv":[7.879,13.879,7.996,13.996]},"north":{"rotation":0,"texture":"#6","tintindex":0,"uv":[13.879,7.754,13.996,7.871]},"south":{"rotation":0,"texture":"#6","tintindex":0,"uv":[8.129,13.879,8.246,13.996]},"up":{"rotation":0,"texture":"#6","tintindex":0,"uv":[8.746,13.996,8.629,13.879]},"west":{"rotation":0,"texture":"#6","tintindex":0,"uv":[8.379,13.879,8.496,13.996]}},"from":[7.57952,8.6,8.6],"name":"gasgo","rotation":{"angle":0.0,"axis":"x","origin":[7.86476,8.9,8.900447]},"to":[8.15,9.2,9.2]},{"faces":{"down":{"rotation":0,"texture":"#6","tintindex":0,"uv":[13.246,5.629,13.129,5.871]},"east":{"rotation":0,"texture":"#6","tintindex":0,"uv":[13.129,5.129,13.371,5.246]},"north":{"rotation":0,"texture":"#6","tintindex":0,"uv":[7.379,13.879,7.496,13.996]},"south":{"rotation":0,"texture":"#6","tintindex":0,"uv":[13.879,7.504,13.996,7.621]},"up":{"rotation":0,"texture":"#6","tintindex":0,"uv":[5.371,13.371,5.254,13.129]},"west":{"rotation":0,"texture":"#6","tintindex":0,"uv":[13.129,5.379,13.371,5.496]}},"from":[7.58276,8.900948,7.877131],"name":"gasgo","rotation":{"angle":45.0,"axis":"x","origin":[7.86476,8.9,8.900447]},"to":[8.14676,9.323948,8.900131]},{"faces":{"down":{"rotation":0,"texture":"#6","tintindex":0,"uv":[5.121,13.129,5.004,13.371]},"east":{"rotation":0,"texture":"#6","tintindex":0,"uv":[4.129,13.129,4.371,13.246]},"north":{"rotation":0,"texture":"#6","tintindex":0,"uv":[13.879,6.254,13.996,6.371]},"south":{"rotation":0,"texture":"#6","tintindex":0,"uv":[13.879,7.254,13.996,7.371]},"up":{"rotation":0,"texture":"#6","tintindex":0,"uv":[4.871,13.371,4.754,13.129]},"west":{"rotation":0,"texture":"#6","tintindex":0,"uv":[13.129,4.504,13.371,4.621]}},"from":[7.58276,8.900948,7.099869],"name":"gasgo","rotation":{"angle":-45.0,"axis":"x","origin":[7.86476,8.9,7.099553]},"to":[8.14676,9.323948,8.1228695]},{"faces":{"down":{"rotation":0,"texture":"#6","tintindex":0,"uv":[13.996,5.629,13.879,5.746]},"east":{"rotation":0,"texture":"#6","tintindex":0,"uv":[13.879,3.754,13.996,3.871]},"north":{"rotation":0,"texture":"#6","tintindex":0,"uv":[13.879,3.004,13.996,3.121]},"south":{"rotation":0,"texture":"#6","tintindex":0,"uv":[4.254,13.879,4.371,13.996]},"up":{"rotation":0,"texture":"#6","tintindex":0,"uv":[13.996,5.496,13.879,5.379]},"west":{"rotation":0,"texture":"#6","tintindex":0,"uv":[13.879,4.504,13.996,4.621]}},"from":[7.57952,8.6,6.8],"name":"gasgo","rotation":{"angle":0.0,"axis":"x","origin":[7.86476,8.9,7.099553]},"to":[8.15,9.2,7.4]},{"faces":{"down":{"rotation":0,"texture":"#6","tintindex":0,"uv":[6.746,3.629,6.254,4.121]},"east":{"rotation":0,"texture":"#6","tintindex":0,"uv":[6.004,3.004,6.496,3.496]},"north":{"rotation":0,"texture":"#6","tintindex":0,"uv":[1.879,6.004,2.371,6.496]},"south":{"rotation":0,"texture":"#6","tintindex":0,"uv":[5.629,6.004,6.121,6.496]},"up":{"rotation":0,"texture":"#6","tintindex":0,"uv":[6.746,2.496,6.254,2.004]},"west":{"rotation":0,"texture":"#6","tintindex":0,"uv":[0.004,6.129,0.496,6.621]}},"from":[5.8999996,5.6,6.8],"name":"left arm","rotation":{"angle":0.0,"axis":"x","origin":[10.700001,-5.8,8.0]},"to":[8.3,8.0,9.2]},{"faces":{"down":{"rotation":0,"texture":"#6","tintindex":0,"uv":[3.746,11.504,3.629,11.996]},"east":{"rotation":0,"texture":"#6","tintindex":0,"uv":[5.629,7.254,6.121,7.746]},"north":{"rotation":0,"texture":"#6","tintindex":0,"uv":[1.129,11.504,1.246,11.996]},"south":{"rotation":0,"texture":"#6","tintindex":0,"uv":[1.379,11.504,1.496,11.996]},"up":{"rotation":0,"texture":"#6","tintindex":0,"uv":[3.496,11.996,3.379,11.504]},"west":{"rotation":0,"texture":"#6","tintindex":0,"uv":[0.004,7.379,0.496,7.871]}},"from":[5.3,3.7999997,6.8],"name":"left arm","rotation":{"angle":0.0,"axis":"x","origin":[10.700001,-5.8,8.0]},"to":[5.8999996,6.2,9.2]},{"faces":{"down":{"rotation":0,"texture":"#6","tintindex":0,"uv":[0.996,11.254,0.879,11.746]},"east":{"rotation":0,"texture":"#6","tintindex":0,"uv":[11.129,10.379,11.621,10.496]},"north":{"rotation":0,"texture":"#6","tintindex":0,"uv":[13.504,8.879,13.621,8.996]},"south":{"rotation":0,"texture":"#6","tintindex":0,"uv":[13.504,9.129,13.621,9.246]},"up":{"rotation":0,"texture":"#6","tintindex":0,"uv":[11.371,1.246,11.254,0.754]},"west":{"rotation":0,"texture":"#6","tintindex":0,"uv":[11.004,11.129,11.496,11.246]}},"from":[7.55,5.0,6.8],"name":"left arm","rotation":{"angle":0.0,"axis":"x","origin":[10.55,-6.4000006,8.0]},"to":[8.15,5.6,9.2]},{"faces":{"down":{"rotation":0,"texture":"#6","tintindex":0,"uv":[2.121,11.254,2.004,11.746]},"east":{"rotation":0,"texture":"#6","tintindex":0,"uv":[1.129,11.254,1.621,11.371]},"north":{"rotation":0,"texture":"#6","tintindex":0,"uv":[9.379,13.504,9.496,13.621]},"south":{"rotation":0,"texture":"#6","tintindex":0,"uv":[9.629,13.504,9.746,13.621]},"up":{"rotation":0,"texture":"#6","tintindex":0,"uv":[1.871,11.746,1.754,11.254]},"west":{"rotation":0,"texture":"#6","tintindex":0,"uv":[3.379,11.254,3.871,11.371]}},"from":[6.05,5.0,6.8],"name":"left arm","rotation":{"angle":0.0,"axis":"x","origin":[9.05,-6.4000006,8.0]},"to":[6.6499996,5.6,9.2]},{"faces":{"down":{"rotation":0,