{"display":{"head":{"rotation":[0.0,0.0,0.0],"scale":[3.8095,3.8095,3.8095],"translation":[0.0,-6.4,0.0]}},"elements":[{"faces":{"down":{"rotation":0,"texture":"#6","tintindex":0,"uv":[5.371,11.629,5.254,12.121]},"east":{"rotation":0,"texture":"#6","tintindex":0,"uv":[11.629,4.129,12.121,4.246]},"north":{"rotation":0,"texture":"#6","tintindex":0,"uv":[13.879,12.004,13.996,12.121]},"south":{"rotation":0,"texture":"#6","tintindex":0,"uv":[12.129,13.879,12.246,13.996]},"up":{"rotation":0,"texture":"#6","tintindex":0,"uv":[5.121,12.121,5.004,11.629]},"west":{"rotation":0,"texture":"#6","tintindex":0,"uv":[11.629,5.254,12.121,5.371]}},"from":[9.07306,6.9367714,6.95],"name":"left arm","rotation":{"angle":0.0,"axis":"x","origin":[8.32306,6.1867714,9.950001]},"to":[9.163059,7.536772,9.05]},{"faces":{"down":{"rotation":0,"texture":"#6","tintindex":0,"uv":[12.121,9.754,11.629,9.871]},"east":{"rotation":0,"texture":"#6","tintindex":0,"uv":[13.879,12.504,13.996,12.621]},"north":{"rotation":0,"texture":"#6","tintindex":0,"uv":[6.004,11.629,6.496,11.746]},"south":{"rotation":0,"texture":"#6","tintindex":0,"uv":[11.629,7.254,12.121,7.371]},"up":{"rotation":0,"texture":"#6","tintindex":0,"uv":[12.121,7.621,11.629,7.504]},"west":{"rotation":0,"texture":"#6","tintindex":0,"uv":[12.754,13.879,12.871,13.996]}},"from":[6.9730597,6.9367714,6.8599997],"name":"left arm","rotation":{"angle":0.0,"axis":"x","origin":[14.17306,6.1867714,11.900001]},"to":[9.07306,7.536772,6.95]},{"faces":{"down":{"rotation":0,"texture":"#6","tintindex":0,"uv":[11.371,0.254,10.879,0.371]},"east":{"rotation":0,"texture":"#6","tintindex":0,"uv":[0.754,13.504,0.871,13.621]},"north":{"rotation":0,"texture":"#6","tintindex":0,"uv":[10.754,9.004,11.246,9.121]},"south":{"rotation":0,"texture":"#6","tintindex":0,"uv":[10.754,10.629,11.246,10.746]},"up":{"rotation":0,"texture":"#6","tintindex":0,"uv":[11.371,0.121,10.879,0.004]},"west":{"rotation":0,"texture":"#6","tintindex":0,"uv":[1.004,13.504,1.121,13.621]}},"from":[6.9730597,5.7367716,6.8599997],"name":"left arm","rotation":{"angle":0.0,"axis":"x","origin":[14.17306,4.9867716,11.900001]},"to":[9.07306,6.336772,6.95]},{"faces":{"down":{"rotation":0,"texture":"#6","tintindex":0,"uv":[1.496,11.004,1.004,11.121]},"east":{"rotation":0,"texture":"#6","tintindex":0,"uv":[2.004,13.504,2.121,13.621]},"north":{"rotation":0,"texture":"#6","tintindex":0,"uv":[10.879,7.754,11.371,7.871]},"south":{"rotation":0,"texture":"#6","tintindex":0,"uv":[10.879,8.004,11.371,8.121]},"up":{"rotation":0,"texture":"#6","tintindex":0,"uv":[11.371,8.621,10.879,8.504]},"west":{"rotation":0,"texture":"#6","tintindex":0,"uv":[2.254,13.504,2.371,13.621]}},"from":[6.9730597,5.7367716,9.05],"name":"left arm","rotation":{"angle":0.0,"axis":"x","origin":[14.17306,4.9867716,11.900001]},"to":[9.07306,6.336772,9.139999]},{"faces":{"down":{"rotation":0,"texture":"#6","tintindex":0,"uv":[10.996,6.129,10.879,6.621]},"east":{"rotation":0,"texture":"#6","tintindex":0,"uv":[10.879,0.504,11.371,0.621]},"north":{"rotation":0,"texture":"#6","tintindex":0,"uv":[1.254,13.504,1.371,13.621]},"south":{"rotation":0,"texture":"#6","tintindex":0,"uv":[1.504,13.504,1.621,13.621]},"up":{"rotation":0,"texture":"#6","tintindex":0,"uv":[9.996,11.246,9.879,10.754]},"west":{"rotation":0,"texture":"#6","tintindex":0,"uv":[10.879,2.004,11.371,2.121]}},"from":[6.88306,5.7367716,6.95],"name":"left arm","rotation":{"angle":0.0,"axis":"x","origin":[8.32306,4.9867716,9.950001]},"to":[6.9730597,6.336772,9.05]},{"faces":{"down":{"rotation":0,"texture":"#6","tintindex":0,"uv":[10.871,10.879,10.754,11.371]},"east":{"rotation":0,"texture":"#6","tintindex":0,"uv":[10.879,6.754,11.371,6.871]},"north":{"rotation":0,"texture":"#6","tintindex":0,"uv":[13.504,1.504,13.621,1.621]},"south":{"rotation":0,"texture":"#6","tintindex":0,"uv":[1.754,13.504,1.871,13.621]},"up":{"rotation":0,"texture":"#6","tintindex":0,"uv":[9.371,11.371,9.254,10.879]},"west":{"rotation":0,"texture":"#6","tintindex":0,"uv":[10.879,7.004,11.371,7.121]}},"from":[9.07306,5.7367716,6.95],"name":"left arm","rotation":{"angle":0.0,"axis":"x","origin":[8.32306,4.9867716,9.950001]},"to":[9.163059,6.336772,9.05]},{"faces":{"down":{"rotation":0,"texture":"#6","tintindex":0,"uv":[12.121,3.004,11.629,3.121]},"east":{"rotation":0,"texture":"#6","tintindex":0,"uv":[11.379,13.879,11.496,13.996]},"north":{"rotation":0,"texture":"#6","tintindex":0,"uv":[0.004,11.629,0.496,11.746]},"south":{"rotation":0,"texture":"#6","tintindex":0,"uv":[2.504,11.629,2.996,11.746]},"up":{"rotation":0,"texture":"#6","tintindex":0,"uv":[12.121,2.871,11.629,2.754]},"west":{"rotation":0,"texture":"#6","tintindex":0,"uv":[13.879,11.504,13.996,11.621]}},"from":[6.9730597,6.9367714,9.05],"name":"left arm","rotation":{"angle":0.0,"axis":"x","origin":[14.17306,6.1867714,11.900001]},"to":[9.07306,7.536772,9.139999]},{"faces":{"down":{"rotation":0,"texture":"#6","tintindex":0,"uv":[4.371,11.629,4.254,12.121]},"east":{"rotation":0,"texture":"#6","tintindex":0,"uv":[11.629,3.629,12.121,3.746]},"north":{"rotation":0,"texture":"#6","tintindex":0,"uv":[11.629,13.879,11.746,13.996]},"south":{"rotation":0,"texture":"#6","tintindex":0,"uv":[13.879,11.754,13.996,11.871]},"up":{"rotation":0,"texture":"#6","tintindex":0,"uv":[9.371,11.996,9.254,11.504]},"west":{"rotation":0,"texture":"#6","tintindex":0,"uv":[11.629,3.879,12.121,3.996]}},"from":[6.88306,6.9367714,6.95],"name":"left arm","rotation":{"angle":0.0,"axis":"x","origin":[8.32306,6.1867714,9.950001]},"to":[6.9730597,7.536772,9.05]},{"faces":{"down":{"rotation":0,"texture":"#6","tintindex":0,"uv":[15.625,0.0,16.0,0.25]},"east":{"rotation":0,"texture":"#6","tintindex":0,"uv":[15.625,0.0,16.0,0.25]},"north":{"rotation":0,"texture":"#6","tintindex":0,"uv":[15.625,0.0,16.0,0.25]},"south":{"rotation":0,"texture":"#6","tintindex":0,"uv":[15.625,0.0,16.0,0.25]},"up":{"rotation":0,"texture":"#6","tintindex":0,"uv":[15.625,0.0,16.0,0.25]},"west":{"rotation":0,"texture":"#6","tintindex":0,"uv":[15.625,0.0,16.0,0.25]}},"from":[7.1230597,7.2367716,7.1],"name":"left arm","rotation":{"angle":0.0,"axis":"x","origin":[8.02306,7.836772,8.0]},"to":[8.923059,8.436771,8.9]},{"faces":{"down":{"rotation":0,"texture":"#6","tintindex":0,"uv":[6.996,0.004,6.504,0.496]},"east":{"rotation":0,"texture":"#6","tintindex":0,"uv":[6.254,6.129,6.746,6.621]},"north":{"rotation":0,"texture":"#6","tintindex":0,"uv":[6.254,5.504,6.746,5.996]},"south":{"rotation":0,"texture":"#6","tintindex":0,"uv":[0.629,6.379,1.121,6.871]},"up":{"rotation":0,"texture":"#6","tintindex":0,"uv":[3.621,6.871,3.129,6.379]},"west":{"rotation":0,"texture":"#6","tintindex":0,"uv":[2.504,6.379,2.996,6.871]}},"from":[6.9730597,5.4367714,6.95],"name":"left arm","rotation":{"angle":0.0,"axis":"x","origin":[11.62306,-2.3632288,8.0]},"to":[9.07306,7.836772,9.05]},{"faces":{"down":{"rotation":0,"texture":"#6","tintindex":0,"uv":[3.246,5.379,3.129,5.496]},"east":{"rotation":0,"texture":"#6","tintindex":0,"uv":[8.504,12.254,8.621,12.621]},"north":{"rotation":0,"texture":"#6","tintindex":0,"uv":[10.629,12.129,10.746,12.496]},"south":{"rotation":0,"texture":"#6","tintindex":0,"uv":[12.254,11.129,12.371,11.496]},"up":{"rotation":0,"texture":"#6","tintindex":0,"uv":[0.746,5.246,0.629,5.129]},"west":{"rotation":0,"texture":"#6","tintindex":0,"uv":[12.254,11.629,12.371,11.996]}},"from":[6.6730595,5.4367714,7.25],"name":"left arm","rotation":{"angle":0.0,"axis":"x","origin":[11.173059,-2.3632288,8.0]},"to":[6.9730597,7.2367716,7.85]},{"faces":{"down":{"rotation":0,"texture":"#6","tintindex":0,"uv":[13.496,10.004,13.379,10.121]},"east":{"rotation":0,"texture":"#6","tintindex":0,"uv":[12.629,8.629,12.746,8.871]},"north":{"rotation":0,"texture":"#6","tintindex":0,"uv":[12.629,7.254,12.746,7.496]},"south":{"rotation":0,"texture":"#6","tintindex":0,"uv":[12.629,9.004,12.746,9.246]},"up":{"rotation":0,"texture":"#6","tintindex":0,"uv":[8.746,13.496,8.629,13.379]},"west":{"rotation":0,"texture":"#6","tintindex":0,