{"display":{"head":{"rotation":[0.0,0.0,0.0],"scale":[3.8095,3.8095,3.8095],"translation":[0.0,-6.4,0.0]}},"elements":[{"faces":{"down":{"rotation":0,"texture":"#6","tintindex":0,"uv":[8.621,4.504,8.129,4.871]},"east":{"rotation":0,"texture":"#6","tintindex":0,"uv":[2.879,9.504,3.246,9.746]},"north":{"rotation":0,"texture":"#6","tintindex":0,"uv":[8.754,3.629,9.246,3.871]},"south":{"rotation":0,"texture":"#6","tintindex":0,"uv":[8.754,4.004,9.246,4.246]},"up":{"rotation":0,"texture":"#6","tintindex":0,"uv":[8.621,4.371,8.129,4.004]},"west":{"rotation":0,"texture":"#6","tintindex":0,"uv":[6.879,9.504,7.246,9.746]}},"from":[6.86,8.09822,7.6428204],"name":"left leg","rotation":{"angle":0.0,"axis":"x","origin":[8.0,14.99822,8.242821]},"to":[9.139999,9.29822,9.38282]},{"faces":{"down":{"rotation":0,"texture":"#6","tintindex":0,"uv":[8.996,3.004,8.754,3.496]},"east":{"rotation":0,"texture":"#6","tintindex":0,"uv":[7.879,11.004,8.371,11.121]},"north":{"rotation":0,"texture":"#6","tintindex":0,"uv":[12.379,12.629,12.621,12.746]},"south":{"rotation":0,"texture":"#6","tintindex":0,"uv":[12.754,0.254,12.996,0.371]},"up":{"rotation":0,"texture":"#6","tintindex":0,"uv":[8.746,9.121,8.504,8.629]},"west":{"rotation":0,"texture":"#6","tintindex":0,"uv":[11.004,9.879,11.496,9.996]}},"from":[7.4,8.09822,5.24282],"name":"left leg","rotation":{"angle":0.0,"axis":"x","origin":[8.0,14.39822,8.242821]},"to":[8.6,8.69822,7.6428204]},{"faces":{"down":{"rotation":0,"texture":"#6","tintindex":0,"uv":[11.246,2.254,11.129,2.746]},"east":{"rotation":0,"texture":"#6","tintindex":0,"uv":[11.129,1.504,11.621,1.621]},"north":{"rotation":0,"texture":"#6","tintindex":0,"uv":[5.504,13.504,5.621,13.621]},"south":{"rotation":0,"texture":"#6","tintindex":0,"uv":[5.754,13.504,5.871,13.621]},"up":{"rotation":0,"texture":"#6","tintindex":0,"uv":[2.371,11.621,2.254,11.129]},"west":{"rotation":0,"texture":"#6","tintindex":0,"uv":[11.129,1.754,11.621,1.871]}},"from":[8.235736,7.79822,5.24882],"name":"left leg","rotation":{"angle":-45.0,"axis":"z","origin":[8.775736,8.09822,6.13682]},"to":[9.075736,8.39822,7.64882]},{"faces":{"down":{"rotation":0,"texture":"#6","tintindex":0,"uv":[0.496,5.129,0.004,5.996]},"east":{"rotation":0,"texture":"#6","tintindex":0,"uv":[9.004,6.254,9.871,6.371]},"north":{"rotation":0,"texture":"#6","tintindex":0,"uv":[11.004,7.254,11.496,7.371]},"south":{"rotation":0,"texture":"#6","tintindex":0,"uv":[11.004,7.504,11.496,7.621]},"up":{"rotation":0,"texture":"#6","tintindex":0,"uv":[5.496,5.746,5.004,4.879]},"west":{"rotation":0,"texture":"#6","tintindex":0,"uv":[9.004,6.504,9.871,6.621]}},"from":[6.8,7.49822,5.24282],"name":"left leg","rotation":{"angle":0.0,"axis":"x","origin":[8.0,14.39822,8.242821]},"to":[9.2,8.09822,9.44282]},{"faces":{"down":{"rotation":0,"texture":"#6","tintindex":0,"uv":[12.246,12.629,12.004,12.746]},"east":{"rotation":0,"texture":"#6","tintindex":0,"uv":[5.004,13.504,5.121,13.621]},"north":{"rotation":0,"texture":"#6","tintindex":0,"uv":[10.879,12.629,11.121,12.746]},"south":{"rotation":0,"texture":"#6","tintindex":0,"uv":[11.254,12.629,11.496,12.746]},"up":{"rotation":0,"texture":"#6","tintindex":0,"uv":[11.871,12.746,11.629,12.629]},"west":{"rotation":0,"texture":"#6","tintindex":0,"uv":[13.504,5.004,13.621,5.121]}},"from":[7.403,7.7797136,4.76668],"name":"left leg","rotation":{"angle":45.0,"axis":"x","origin":[8.0,8.079714,5.06668]},"to":[8.597,8.634714,5.36668]},{"faces":{"down":{"rotation":0,"texture":"#6","tintindex":0,"uv":[12.871,10.754,12.629,10.871]},"east":{"rotation":0,"texture":"#6","tintindex":0,"uv":[13.504,4.379,13.621,4.496]},"north":{"rotation":0,"texture":"#6","tintindex":0,"uv":[12.629,10.254,12.871,10.371]},"south":{"rotation":0,"texture":"#6","tintindex":0,"uv":[10.504,12.629,10.746,12.746]},"up":{"rotation":0,"texture":"#6","tintindex":0,"uv":[12.871,10.621,12.629,10.504]},"west":{"rotation":0,"texture":"#6","tintindex":0,"uv":[4.754,13.504,4.871,13.621]}},"from":[7.4,7.49822,4.64282],"name":"left leg","rotation":{"angle":0.0,"axis":"x","origin":[8.0,14.39822,8.242821]},"to":[8.6,8.09822,5.24282]},{"faces":{"down":{"rotation":0,"texture":"#6","tintindex":0,"uv":[0.746,11.129,0.629,11.621]},"east":{"rotation":0,"texture":"#6","tintindex":0,"uv":[11.004,10.879,11.496,10.996]},"north":{"rotation":0,"texture":"#6","tintindex":0,"uv":[5.254,13.504,5.371,13.621]},"south":{"rotation":0,"texture":"#6","tintindex":0,"uv":[13.504,5.254,13.621,5.371]},"up":{"rotation":0,"texture":"#6","tintindex":0,"uv":[8.621,11.496,8.504,11.004]},"west":{"rotation":0,"texture":"#6","tintindex":0,"uv":[0.004,11.129,0.496,11.246]}},"from":[6.924264,7.79822,5.24882],"name":"left leg","rotation":{"angle":45.0,"axis":"z","origin":[7.224264,8.09822,6.1428204]},"to":[7.764264,8.39822,7.64882]}],"textures":{"0":"modelengine:entity/boneshadin2herald.png","1":"modelengine:entity/boneshadin2heraldxd","2":"modelengine:entity/fallenheraldsword","3":"minecraft:custom/archdrake1","4":"modelengine:entity/bandend","5":"modelengine:entity/capa","6":"modelengine:entity/fallenheraldvoid"}}