{"display":{"head":{"rotation":[0.0,0.0,0.0],"scale":[3.8095,3.8095,3.8095],"translation":[0.0,-6.4,0.0]}},"elements":[{"faces":{"down":{"rotation":0,"texture":"#6","tintindex":0,"uv":[8.871,6.754,8.629,7.246]},"east":{"rotation":0,"texture":"#6","tintindex":0,"uv":[11.004,3.129,11.496,3.246]},"north":{"rotation":0,"texture":"#6","tintindex":0,"uv":[0.879,8.254,1.121,8.371]},"south":{"rotation":0,"texture":"#6","tintindex":0,"uv":[12.629,10.004,12.871,10.121]},"up":{"rotation":0,"texture":"#6","tintindex":0,"uv":[8.746,2.871,8.504,2.379]},"west":{"rotation":0,"texture":"#6","tintindex":0,"uv":[3.629,11.004,4.121,11.121]}},"from":[7.4,8.098202,5.242828],"name":"left leg","rotation":{"angle":0.0,"axis":"x","origin":[8.0,14.398202,8.242828]},"to":[8.6,8.698201,7.642828]},{"faces":{"down":{"rotation":0,"texture":"#6","tintindex":0,"uv":[2.996,5.379,2.504,6.246]},"east":{"rotation":0,"texture":"#6","tintindex":0,"uv":[9.379,1.879,10.246,1.996]},"north":{"rotation":0,"texture":"#6","tintindex":0,"uv":[11.629,10.879,12.121,10.996]},"south":{"rotation":0,"texture":"#6","tintindex":0,"uv":[11.629,11.129,12.121,11.246]},"up":{"rotation":0,"texture":"#6","tintindex":0,"uv":[1.121,6.246,0.629,5.379]},"west":{"rotation":0,"texture":"#6","tintindex":0,"uv":[9.379,3.504,10.246,3.621]}},"from":[6.8,7.4982014,5.242828],"name":"left leg","rotation":{"angle":0.0,"axis":"x","origin":[8.0,14.398202,8.242828]},"to":[9.2,8.098202,9.442827]},{"faces":{"down":{"rotation":0,"texture":"#6","tintindex":0,"uv":[8.621,5.504,8.129,5.871]},"east":{"rotation":0,"texture":"#6","tintindex":0,"uv":[9.504,8.504,9.871,8.746]},"north":{"rotation":0,"texture":"#6","tintindex":0,"uv":[8.754,4.379,9.246,4.621]},"south":{"rotation":0,"texture":"#6","tintindex":0,"uv":[8.754,4.754,9.246,4.996]},"up":{"rotation":0,"texture":"#6","tintindex":0,"uv":[8.621,5.371,8.129,5.004]},"west":{"rotation":0,"texture":"#6","tintindex":0,"uv":[9.629,3.754,9.996,3.996]}},"from":[6.8599997,8.098202,7.642828],"name":"left leg","rotation":{"angle":0.0,"axis":"x","origin":[8.0,14.998202,8.242828]},"to":[9.139999,9.298201,9.382828]},{"faces":{"down":{"rotation":0,"texture":"#6","tintindex":0,"uv":[11.121,5.504,11.004,5.996]},"east":{"rotation":0,"texture":"#6","tintindex":0,"uv":[11.004,4.254,11.496,4.371]},"north":{"rotation":0,"texture":"#6","tintindex":0,"uv":[13.504,3.504,13.621,3.621]},"south":{"rotation":0,"texture":"#6","tintindex":0,"uv":[13.504,4.129,13.621,4.246]},"up":{"rotation":0,"texture":"#6","tintindex":0,"uv":[5.371,11.496,5.254,11.004]},"west":{"rotation":0,"texture":"#6","tintindex":0,"uv":[11.004,5.254,11.496,5.371]}},"from":[6.924264,7.798201,5.248828],"name":"left leg","rotation":{"angle":45.0,"axis":"z","origin":[7.224264,8.098202,6.136828]},"to":[7.764264,8.398201,7.648828]},{"faces":{"down":{"rotation":0,"texture":"#6","tintindex":0,"uv":[13.371,9.754,13.129,9.871]},"east":{"rotation":0,"texture":"#6","tintindex":0,"uv":[13.629,13.879,13.746,13.996]},"north":{"rotation":0,"texture":"#6","tintindex":0,"uv":[13.129,6.754,13.371,6.871]},"south":{"rotation":0,"texture":"#6","tintindex":0,"uv":[13.129,8.129,13.371,8.246]},"up":{"rotation":0,"texture":"#6","tintindex":0,"uv":[8.746,13.246,8.504,13.129]},"west":{"rotation":0,"texture":"#6","tintindex":0,"uv":[13.879,13.629,13.996,13.746]}},"from":[7.4,7.4982014,4.642828],"name":"left leg","rotation":{"angle":0.0,"axis":"x","origin":[8.0,14.398202,8.242828]},"to":[8.6,8.098202,5.242828]},{"faces":{"down":{"rotation":0,"texture":"#6","tintindex":0,"uv":[6.996,13.129,6.754,13.246]},"east":{"rotation":0,"texture":"#6","tintindex":0,"uv":[13.879,12.754,13.996,12.871]},"north":{"rotation":0,"texture":"#6","tintindex":0,"uv":[13.129,6.004,13.371,6.121]},"south":{"rotation":0,"texture":"#6","tintindex":0,"uv":[6.379,13.129,6.621,13.246]},"up":{"rotation":0,"texture":"#6","tintindex":0,"uv":[13.371,6.621,13.129,6.504]},"west":{"rotation":0,"texture":"#6","tintindex":0,"uv":[13.879,13.379,13.996,13.496]}},"from":[7.403,7.779695,4.766688],"name":"left leg","rotation":{"angle":45.0,"axis":"x","origin":[8.0,8.079695,5.066688]},"to":[8.597,8.634695,5.366688]},{"faces":{"down":{"rotation":0,"texture":"#6","tintindex":0,"uv":[5.121,11.004,5.004,11.496]},"east":{"rotation":0,"texture":"#6","tintindex":0,"uv":[11.004,3.754,11.496,3.871]},"north":{"rotation":0,"texture":"#6","tintindex":0,"uv":[13.504,3.254,13.621,3.371]},"south":{"rotation":0,"texture":"#6","tintindex":0,"uv":[3.504,13.504,3.621,13.621]},"up":{"rotation":0,"texture":"#6","tintindex":0,"uv":[4.371,11.496,4.254,11.004]},"west":{"rotation":0,"texture":"#6","tintindex":0,"uv":[11.004,4.004,11.496,4.121]}},"from":[8.235736,7.798201,5.248828],"name":"left leg","rotation":{"angle":-45.0,"axis":"z","origin":[8.775736,8.098202,6.142828]},"to":[9.075736,8.398201,7.648828]}],"textures":{"0":"modelengine:entity/boneshadin2herald.png","1":"modelengine:entity/boneshadin2heraldxd","2":"modelengine:entity/fallenheraldsword","3":"minecraft:custom/archdrake1","4":"modelengine:entity/bandend","5":"modelengine:entity/capa","6":"modelengine:entity/fallenheraldvoid"}}