{"display":{"head":{"rotation":[0.0,0.0,0.0],"scale":[3.8095,3.8095,3.8095],"translation":[0.0,-6.4,0.0]}},"elements":[{"faces":{"down":{"rotation":0,"texture":"#6","tintindex":0,"uv":[14.246,1.754,14.129,1.871]},"east":{"rotation":0,"texture":"#6","tintindex":0,"uv":[14.129,0.504,14.246,0.621]},"north":{"rotation":0,"texture":"#6","tintindex":0,"uv":[0.004,14.129,0.121,14.246]},"south":{"rotation":0,"texture":"#6","tintindex":0,"uv":[14.129,0.754,14.246,0.871]},"up":{"rotation":0,"texture":"#6","tintindex":0,"uv":[14.246,1.371,14.129,1.254]},"west":{"rotation":0,"texture":"#6","tintindex":0,"uv":[14.129,1.004,14.246,1.121]}},"from":[8.75,8.6,6.8],"name":"gasgo","rotation":{"angle":0.0,"axis":"x","origin":[9.03524,8.9,7.099553]},"to":[9.32048,9.2,7.4]},{"faces":{"down":{"rotation":0,"texture":"#6","tintindex":0,"uv":[13.371,14.004,13.254,14.121]},"east":{"rotation":0,"texture":"#6","tintindex":0,"uv":[14.004,12.254,14.121,12.371]},"north":{"rotation":0,"texture":"#6","tintindex":0,"uv":[11.879,14.004,11.996,14.121]},"south":{"rotation":0,"texture":"#6","tintindex":0,"uv":[12.379,14.004,12.496,14.121]},"up":{"rotation":0,"texture":"#6","tintindex":0,"uv":[14.121,13.121,14.004,13.004]},"west":{"rotation":0,"texture":"#6","tintindex":0,"uv":[13.004,14.004,13.121,14.121]}},"from":[8.75,8.6,8.6],"name":"gasgo","rotation":{"angle":0.0,"axis":"x","origin":[9.03524,8.9,8.900447]},"to":[9.32048,9.2,9.2]},{"faces":{"down":{"rotation":0,"texture":"#6","tintindex":0,"uv":[7.496,13.254,7.379,13.496]},"east":{"rotation":0,"texture":"#6","tintindex":0,"uv":[13.254,4.754,13.496,4.871]},"north":{"rotation":0,"texture":"#6","tintindex":0,"uv":[14.004,10.879,14.121,10.996]},"south":{"rotation":0,"texture":"#6","tintindex":0,"uv":[11.129,14.004,11.246,14.121]},"up":{"rotation":0,"texture":"#6","tintindex":0,"uv":[13.371,7.246,13.254,7.004]},"west":{"rotation":0,"texture":"#6","tintindex":0,"uv":[5.504,13.254,5.746,13.371]}},"from":[8.75324,8.900948,7.099869],"name":"gasgo","rotation":{"angle":-45.0,"axis":"x","origin":[9.03524,8.9,7.099553]},"to":[9.31724,9.323948,8.1228695]},{"faces":{"down":{"rotation":0,"texture":"#6","tintindex":0,"uv":[4.621,13.254,4.504,13.496]},"east":{"rotation":0,"texture":"#6","tintindex":0,"uv":[13.254,3.004,13.496,3.121]},"north":{"rotation":0,"texture":"#6","tintindex":0,"uv":[10.629,14.004,10.746,14.121]},"south":{"rotation":0,"texture":"#6","tintindex":0,"uv":[10.879,14.004,10.996,14.121]},"up":{"rotation":0,"texture":"#6","tintindex":0,"uv":[13.371,4.371,13.254,4.129]},"west":{"rotation":0,"texture":"#6","tintindex":0,"uv":[3.254,13.254,3.496,13.371]}},"from":[8.75324,8.900948,7.877131],"name":"gasgo","rotation":{"angle":45.0,"axis":"x","origin":[9.03524,8.9,8.900447]},"to":[9.31724,9.323948,8.900131]},{"faces":{"down":{"rotation":0,"texture":"#6","tintindex":0,"uv":[10.496,14.004,10.379,14.121]},"east":{"rotation":0,"texture":"#6","tintindex":0,"uv":[14.004,9.504,14.121,9.621]},"north":{"rotation":0,"texture":"#6","tintindex":0,"uv":[9.379,14.004,9.496,14.121]},"south":{"rotation":0,"texture":"#6","tintindex":0,"uv":[9.629,14.004,9.746,14.121]},"up":{"rotation":0,"texture":"#6","tintindex":0,"uv":[10.246,14.121,10.129,14.004]},"west":{"rotation":0,"texture":"#6","tintindex":0,"uv":[9.879,14.004,9.996,14.121]}},"from":[7.85,8.6,8.6],"name":"gasgo","rotation":{"angle":0.0,"axis":"x","origin":[8.135241,8.9,8.900447]},"to":[8.42048,9.2,9.2]},{"faces":{"down":{"rotation":0,"texture":"#6","tintindex":0,"uv":[3.121,13.254,3.004,13.496]},"east":{"rotation":0,"texture":"#6","tintindex":0,"uv":[13.254,0.504,13.496,0.621]},"north":{"rotation":0,"texture":"#6","tintindex":0,"uv":[8.879,14.004,8.996,14.121]},"south":{"rotation":0,"texture":"#6","tintindex":0,"uv":[14.004,9.004,14.121,9.121]},"up":{"rotation":0,"texture":"#6","tintindex":0,"uv":[2.871,13.496,2.754,13.254]},"west":{"rotation":0,"texture":"#6","tintindex":0,"uv":[0.629,13.254,0.871,13.371]}},"from":[7.85324,8.900948,7.877131],"name":"gasgo","rotation":{"angle":45.0,"axis":"x","origin":[8.135241,8.9,8.900447]},"to":[8.41724,9.323948,8.900131]},{"faces":{"down":{"rotation":0,"texture":"#6","tintindex":0,"uv":[0.121,13.254,0.004,13.496]},"east":{"rotation":0,"texture":"#6","tintindex":0,"uv":[11.379,13.129,11.621,13.246]},"north":{"rotation":0,"texture":"#6","tintindex":0,"uv":[14.004,8.504,14.121,8.621]},"south":{"rotation":0,"texture":"#6","tintindex":0,"uv":[14.004,8.754,14.121,8.871]},"up":{"rotation":0,"texture":"#6","tintindex":0,"uv":[12.746,13.371,12.629,13.129]},"west":{"rotation":0,"texture":"#6","tintindex":0,"uv":[13.129,12.379,13.371,12.496]}},"from":[7.85324,8.900948,7.099869],"name":"gasgo","rotation":{"angle":-45.0,"axis":"x","origin":[8.135241,8.9,7.099553]},"to":[8.41724,9.323948,8.1228695]},{"faces":{"down":{"rotation":0,"texture":"#6","tintindex":0,"uv":[14.121,8.254,14.004,8.371]},"east":{"rotation":0,"texture":"#6","tintindex":0,"uv":[7.004,14.004,7.121,14.121]},"north":{"rotation":0,"texture":"#6","tintindex":0,"uv":[14.004,6.754,14.121,6.871]},"south":{"rotation":0,"texture":"#6","tintindex":0,"uv":[14.004,7.004,14.121,7.121]},"up":{"rotation":0,"texture":"#6","tintindex":0,"uv":[14.121,8.121,14.004,8.004]},"west":{"rotation":0,"texture":"#6","tintindex":0,"uv":[7.629,14.004,7.746,14.121]}},"from":[7.85,8.6,6.8],"name":"gasgo","rotation":{"angle":0.0,"axis":"x","origin":[8.135241,8.9,7.099553]},"to":[8.42048,9.2,7.4]},{"faces":{"down":{"rotation":0,"texture":"#6","tintindex":0,"uv":[8.246,0.004,7.754,0.496]},"east":{"rotation":0,"texture":"#6","tintindex":0,"uv":[0.629,7.629,1.121,8.121]},"north":{"rotation":0,"texture":"#6","tintindex":0,"uv":[7.504,7.504,7.996,7.996]},"south":{"rotation":0,"texture":"#6","tintindex":0,"uv":[2.504,7.629,2.996,8.121]},"up":{"rotation":0,"texture":"#6","tintindex":0,"uv":[7.371,8.121,6.879,7.629]},"west":{"rotation":0,"texture":"#6","tintindex":0,"uv":[3.129,7.629,3.621,8.121]}},"from":[7.7,5.6,6.8],"name":"left arm","rotation":{"angle":0.0,"axis":"x","origin":[5.3,-5.8,8.0]},"to":[10.1,8.0,9.2]},{"faces":{"down":{"rotation":0,"texture":"#6","tintindex":0,"uv":[5.871,12.129,5.754,12.621]},"east":{"rotation":0,"texture":"#6","tintindex":0,"uv":[7.504,6.254,7.996,6.746]},"north":{"rotation":0,"texture":"#6","tintindex":0,"uv":[3.379,12.129,3.496,12.621]},"south":{"rotation":0,"texture":"#6","tintindex":0,"uv":[3.629,12.129,3.746,12.621]},"up":{"rotation":0,"texture":"#6","tintindex":0,"uv":[5.621,12.621,5.504,12.129]},"west":{"rotation":0,"texture":"#6","tintindex":0,"uv":[7.504,6.879,7.996,7.371]}},"from":[10.1,3.7999997,6.8],"name":"left arm","rotation":{"angle":0.0,"axis":"x","origin":[5.3,-5.8,8.0]},"to":[10.700001,6.2,9.2]},{"faces":{"down":{"rotation":0,"texture":"#6","tintindex":0,"uv":[2.121,12.129,2.004,12.621]},"east":{"rotation":0,"texture":"#6","tintindex":0,"uv":[12.129,2.004,12.621,2.121]},"north":{"rotation":0,"texture":"#6","tintindex":0,"uv":[14.004,6.504,14.121,6.621]},"south":{"rotation":0,"texture":"#6","tintindex":0,"uv":[6.754,14.004,6.871,14.121]},"up":{"rotation":0,"texture":"#6","tintindex":0,"uv":[1.871,12.621,1.754,12.129]},"west":{"rotation":0,"texture":"#6","tintindex":0,"uv":[2.504,12.129,2.996,12.246]}},"from":[7.85,5.0,6.8],"name":"left arm","rotation":{"angle":0.0,"axis":"x","origin":[5.45,-6.4000006,8.0]},"to":[8.45,5.6,9.2]},{"faces":{"down":{"rotation":0,"texture":"#6","tintindex":0,"uv":[11.496,12.004,11.379,12.496]},"east":{"rotation":0,"texture":"#6","tintindex":0,"uv":[1.129,12.129,1.621,12.246]},"north":{"rotation":0,"texture":"#6","tintindex":0,"uv":[6.254,14.004,6.371,14.121]},"south":{"rotation":0,"texture":"#6","tintindex":0,"uv":[6.504,14.004,6.621,14.121]},"up":{"rotation":0,"texture":"#6","tintindex":0,"uv":[9.871,12.496,9.754,12.004]},"west":{"rotation":0,"texture":"#6","tintindex":0,"uv":[12.129,1.129,12.621,1.246]}},"from":[9.35,5.0,6.8],"name":"left arm","rotation":{"angle":0.0,"axis":"x","origin":[6.95,-6.4000006,8.0]},"to":[9.950001,5.6,9.2]},{"faces":{"down":{"rotation":0,