{"display":{"head":{"rotation":[0.0,0.0,0.0],"scale":[3.8095,3.8095,3.8095],"translation":[0.0,-6.4,0.0]}},"elements":[{"faces":{"down":{"rotation":0,"texture":"#0","tintindex":0,"uv":[5.375,10.25,4.875,10.875]},"east":{"rotation":0,"texture":"#0","tintindex":0,"uv":[8.875,0.875,9.5,2.125]},"north":{"rotation":0,"texture":"#0","tintindex":0,"uv":[10.0,5.875,10.5,7.125]},"south":{"rotation":0,"texture":"#0","tintindex":0,"uv":[10.0,7.125,10.5,8.375]},"up":{"rotation":0,"texture":"#0","tintindex":0,"uv":[8.625,4.75,8.125,4.125]},"west":{"rotation":0,"texture":"#0","tintindex":0,"uv":[6.125,9.0,6.75,10.25]}},"from":[4.7147794,0.5679605,9.377602],"name":"cube","rotation":{"angle":-22.5,"axis":"x","origin":[7.3105903,2.3147845,14.231774]},"to":[7.1147795,6.5679607,12.377603]},{"faces":{"down":{"rotation":0,"texture":"#0","tintindex":0,"uv":[10.375,9.625,9.625,10.625]},"east":{"rotation":0,"texture":"#0","tintindex":0,"uv":[3.875,7.25,4.875,8.5]},"north":{"rotation":0,"texture":"#0","tintindex":0,"uv":[8.625,4.125,9.375,5.375]},"south":{"rotation":0,"texture":"#0","tintindex":0,"uv":[8.625,5.375,9.375,6.625]},"up":{"rotation":0,"texture":"#0","tintindex":0,"uv":[10.375,9.625,9.625,8.625]},"west":{"rotation":0,"texture":"#0","tintindex":0,"uv":[0.0,7.375,1.0,8.625]}},"from":[4.7147794,6.5679607,8.777601],"name":"cube","rotation":{"angle":-22.5,"axis":"x","origin":[7.3105903,2.3147845,14.231774]},"to":[8.314779,12.567962,13.577602]}],"textures":{"0":"modelengine:entity/camel"}}