{"display":{"head":{"rotation":[0.0,0.0,0.0],"scale":[3.8095,3.8095,3.8095],"translation":[0.0,-6.4,0.0]}},"elements":[{"faces":{"down":{"rotation":0,"texture":"#0","tintindex":0,"uv":[4.875,10.25,5.375,10.875]},"east":{"rotation":0,"texture":"#0","tintindex":0,"uv":[6.75,9.0,6.125,10.25]},"north":{"rotation":0,"texture":"#0","tintindex":0,"uv":[10.5,5.875,10.0,7.125]},"south":{"rotation":0,"texture":"#0","tintindex":0,"uv":[10.5,7.125,10.0,8.375]},"up":{"rotation":0,"texture":"#0","tintindex":0,"uv":[8.125,4.75,8.625,4.125]},"west":{"rotation":0,"texture":"#0","tintindex":0,"uv":[9.5,0.875,8.875,2.125]}},"from":[8.8852215,0.5679605,9.377602],"name":"cube","rotation":{"angle":-22.5,"axis":"x","origin":[8.689409,2.3147845,14.231774]},"to":[11.285221,6.5679607,12.377603]},{"faces":{"down":{"rotation":0,"texture":"#0","tintindex":0,"uv":[9.625,9.625,10.375,10.625]},"east":{"rotation":0,"texture":"#0","tintindex":0,"uv":[1.0,7.375,0.0,8.625]},"north":{"rotation":0,"texture":"#0","tintindex":0,"uv":[9.375,4.125,8.625,5.375]},"south":{"rotation":0,"texture":"#0","tintindex":0,"uv":[9.375,5.375,8.625,6.625]},"up":{"rotation":0,"texture":"#0","tintindex":0,"uv":[9.625,9.625,10.375,8.625]},"west":{"rotation":0,"texture":"#0","tintindex":0,"uv":[4.875,7.25,3.875,8.5]}},"from":[7.6852207,6.5679607,8.777601],"name":"cube","rotation":{"angle":-22.5,"axis":"x","origin":[8.689409,2.3147845,14.231774]},"to":[11.285221,12.567962,13.577602]}],"textures":{"0":"modelengine:entity/camel"}}