{"display":{"head":{"rotation":[0.0,0.0,0.0],"scale":[3.8095,3.8095,3.8095],"translation":[0.0,-6.4,0.0]}},"elements":[{"faces":{"down":{"rotation":0,"texture":"#0","tintindex":0,"uv":[4.875,7.25,5.25,7.875]},"east":{"rotation":0,"texture":"#0","tintindex":0,"uv":[3.625,8.75,3.0,10.125]},"north":{"rotation":0,"texture":"#0","tintindex":0,"uv":[4.5,9.75,4.125,11.125]},"south":{"rotation":0,"texture":"#0","tintindex":0,"uv":[2.75,10.125,2.375,11.5]},"up":{"rotation":0,"texture":"#0","tintindex":0,"uv":[6.75,3.125,7.125,2.5]},"west":{"rotation":0,"texture":"#0","tintindex":0,"uv":[3.0,8.75,2.375,10.125]}},"from":[9.598525,0.15008283,8.565779],"name":"cube","rotation":{"angle":-22.5,"axis":"x","origin":[7.890147,4.134625,14.098316]},"to":[11.398525,6.750083,11.565779]},{"faces":{"down":{"rotation":0,"texture":"#0","tintindex":0,"uv":[9.25,6.625,10.0,7.625]},"east":{"rotation":0,"texture":"#0","tintindex":0,"uv":[8.125,3.75,7.125,5.0]},"north":{"rotation":0,"texture":"#0","tintindex":0,"uv":[4.5,8.5,3.75,9.75]},"south":{"rotation":0,"texture":"#0","tintindex":0,"uv":[9.25,6.625,8.5,7.875]},"up":{"rotation":0,"texture":"#0","tintindex":0,"uv":[4.875,10.25,5.625,9.25]},"west":{"rotation":0,"texture":"#0","tintindex":0,"uv":[8.125,2.5,7.125,3.75]}},"from":[7.798525,6.750083,7.9657784],"name":"cube","rotation":{"angle":-22.5,"axis":"x","origin":[7.890147,4.134625,14.098316]},"to":[11.398525,12.750083,12.765779]}],"textures":{"0":"modelengine:entity/camel"}}