{"textures":{"0":"modelengine:entity/rider"},"elements":[{"name":"cube","from":[7.613428,7.9588566,4.532],"to":[8.369429,8.714857,10.58],"rotation":{"angle":0.0,"axis":"x","origin":[7.613428,13.250857,8.312]},"faces":{"down":{"uv":[0.0,1.25,0.125,1.375],"rotation":0,"texture":"#0","tintindex":0},"east":{"uv":[0.0,1.125,0.125,1.25],"rotation":0,"texture":"#0","tintindex":0},"north":{"uv":[0.0,1.25,0.125,1.375],"rotation":0,"texture":"#0","tintindex":0},"south":{"uv":[0.0,1.125,0.125,1.25],"rotation":0,"texture":"#0","tintindex":0},"up":{"uv":[0.0,1.125,0.125,1.25],"rotation":0,"texture":"#0","tintindex":0},"west":{"uv":[0.0,1.0,0.125,1.125],"rotation":0,"texture":"#0","tintindex":0}}},{"name":"cube","from":[7.7646284,6.9004564,-9.2272005],"to":[8.142628,9.924458,5.1368],"rotation":{"angle":0.0,"axis":"x","origin":[7.613428,13.250857,8.312]},"faces":{"down":{"uv":[10.625,3.375,10.75,1.0],"rotation":0,"texture":"#0","tintindex":0},"east":{"uv":[8.125,1.875,10.5,2.375],"rotation":0,"texture":"#0","tintindex":0},"north":{"uv":[10.5,1.875,10.625,2.375],"rotation":0,"texture":"#0","tintindex":0},"south":{"uv":[0.0,1.125,0.125,1.25],"rotation":0,"texture":"#0","tintindex":0},"up":{"uv":[10.625,1.0,10.75,3.375],"rotation":0,"texture":"#0","tintindex":0},"west":{"uv":[10.5,1.875,8.125,2.375],"rotation":0,"texture":"#0","tintindex":0}}},{"name":"cube","from":[7.7646284,7.2784567,-9.983201],"to":[8.142628,10.302458,-9.2272005],"rotation":{"angle":0.0,"axis":"x","origin":[7.613428,13.250857,8.312]},"faces":{"down":{"uv":[10.5,2.25,10.625,2.375],"rotation":0,"texture":"#0","tintindex":0},"east":{"uv":[10.5,1.875,10.625,2.375],"rotation":0,"texture":"#0","tintindex":0},"north":{"uv":[10.5,1.875,10.625,2.375],"rotation":0,"texture":"#0","tintindex":0},"south":{"uv":[0.0,1.125,0.125,1.25],"rotation":0,"texture":"#0","tintindex":0},"up":{"uv":[10.5,1.875,10.625,2.0],"rotation":0,"texture":"#0","tintindex":0},"west":{"uv":[10.5,1.875,10.625,2.375],"rotation":0,"texture":"#0","tintindex":0}}},{"name":"cube","from":[7.5756283,6.5224566,2.1127996],"to":[8.331629,11.058456,2.8687997],"rotation":{"angle":0.0,"axis":"x","origin":[7.613428,13.250857,8.312]},"faces":{"down":{"uv":[10.75,2.25,10.875,2.375],"rotation":0,"texture":"#0","tintindex":0},"east":{"uv":[10.75,1.875,10.875,2.375],"rotation":0,"texture":"#0","tintindex":0},"north":{"uv":[10.75,1.875,10.875,2.375],"rotation":0,"texture":"#0","tintindex":0},"south":{"uv":[10.75,1.875,10.875,2.375],"rotation":0,"texture":"#0","tintindex":0},"up":{"uv":[10.75,1.875,10.875,2.0],"rotation":0,"texture":"#0","tintindex":0},"west":{"uv":[10.75,1.875,10.875,2.375],"rotation":0,"texture":"#0","tintindex":0}}},{"name":"cube","from":[7.5756283,6.5224566,0.6007998],"to":[8.331629,11.058456,1.3568],"rotation":{"angle":0.0,"axis":"x","origin":[7.613428,13.250857,8.312]},"faces":{"down":{"uv":[10.75,2.25,10.875,2.375],"rotation":0,"texture":"#0","tintindex":0},"east":{"uv":[10.75,1.875,10.875,2.375],"rotation":0,"texture":"#0","tintindex":0},"north":{"uv":[10.75,1.875,10.875,2.375],"rotation":0,"texture":"#0","tintindex":0},"south":{"uv":[10.75,1.875,10.875,2.375],"rotation":0,"texture":"#0","tintindex":0},"up":{"uv":[10.75,1.875,10.875,2.0],"rotation":0,"texture":"#0","tintindex":0},"west":{"uv":[10.75,1.875,10.875,2.375],"rotation":0,"texture":"#0","tintindex":0}}},{"name":"cube","from":[7.7646284,8.034457,-10.739201],"to":[8.142628,11.058456,-9.983201],"rotation":{"angle":0.0,"axis":"x","origin":[7.613428,13.250857,8.312]},"faces":{"down":{"uv":[10.5,2.25,10.625,2.375],"rotation":0,"texture":"#0","tintindex":0},"east":{"uv":[10.5,1.875,10.625,2.375],"rotation":0,"texture":"#0","tintindex":0},"north":{"uv":[10.5,1.875,10.625,2.375],"rotation":0,"texture":"#0","tintindex":0},"south":{"uv":[0.0,1.125,0.125,1.25],"rotation":0,"texture":"#0","tintindex":0},"up":{"uv":[10.5,1.875,10.625,2.0],"rotation":0,"texture":"#0","tintindex":0},"west":{"uv":[10.5,1.875,10.625,2.375],"rotation":0,"texture":"#0","tintindex":0}}},{"name":"cube","from":[7.2354283,5.3128567,5.288],"to":[8.747429,10.604857,6.0439997],"rotation":{"angle":0.0,"axis":"x","origin":[7.613428,13.250857,8.312]},"faces":{"down":{"uv":[0.0,1.25,0.125,1.375],"rotation":0,"texture":"#0","tintindex":0},"east":{"uv":[10.875,1.875,11.0,2.75],"rotation":0,"texture":"#0","tintindex":0},"north":{"uv":[10.875,1.875,11.0,2.75],"rotation":0,"texture":"#0","tintindex":0},"south":{"uv":[10.875,1.875,11.0,2.75],"rotation":0,"texture":"#0","tintindex":0},"up":{"uv":[0.0,1.125,0.125,1.25],"rotation":0,"texture":"#0","tintindex":0},"west":{"uv":[10.875,1.875,11.0,2.75],"rotation":0,"texture":"#0","tintindex":0}}}],"display":{"head":{"translation":[0.0,-6.4,0.0],"rotation":[0.0,0.0,0.0],"scale":[3.8095,3.8095,3.8095]}}}