{"display":{"head":{"rotation":[0.0,0.0,0.0],"scale":[3.8095,3.8095,3.8095],"translation":[0.0,-6.4,0.0]}},"elements":[{"faces":{"down":{"rotation":0,"texture":"#5","tintindex":0,"uv":[9.7625,1.2625,10.2375,1.7375]},"east":{"rotation":0,"texture":"#5","tintindex":0,"uv":[0.4875,7.5125,0.0125,8.2375]},"north":{"rotation":0,"texture":"#5","tintindex":0,"uv":[1.3625,3.6375,0.8875,4.3625]},"south":{"rotation":0,"texture":"#5","tintindex":0,"uv":[7.3625,7.2625,6.8875,7.9875]},"up":{"rotation":0,"texture":"#5","tintindex":0,"uv":[9.7625,1.1125,10.2375,0.6375]},"west":{"rotation":0,"texture":"#5","tintindex":0,"uv":[7.7375,1.0125,7.2625,1.7375]}},"from":[5.7799997,3.7700002,6.7699995],"name":"layer","rotation":{"angle":0.0,"axis":"x","origin":[11.15,-7.000001,8.0]},"to":[8.28875,7.4299994,9.23]},{"faces":{"down":{"rotation":0,"texture":"#5","tintindex":0,"uv":[2.2375,14.8875,2.1375,15.1125]},"east":{"rotation":0,"texture":"#5","tintindex":0,"uv":[14.8875,2.3875,15.1125,2.4875]},"north":{"rotation":0,"texture":"#5","tintindex":0,"uv":[15.3875,13.0125,15.4875,13.1125]},"south":{"rotation":0,"texture":"#5","tintindex":0,"uv":[13.1375,15.3875,13.2375,15.4875]},"up":{"rotation":0,"texture":"#5","tintindex":0,"uv":[0.9875,15.1125,0.8875,14.8875]},"west":{"rotation":0,"texture":"#5","tintindex":0,"uv":[14.8875,2.6375,15.1125,2.7375]}},"from":[7.55,8.9,7.4],"name":"left arm","rotation":{"angle":0.0,"axis":"x","origin":[11.15,-4.9000006,8.0]},"to":[8.15,9.2,8.6]},{"faces":{"down":{"rotation":0,"texture":"#5","tintindex":0,"uv":[11.6125,8.6375,11.3875,9.1125]},"east":{"rotation":0,"texture":"#5","tintindex":0,"uv":[14.0125,11.3875,14.4875,11.4875]},"north":{"rotation":0,"texture":"#5","tintindex":0,"uv":[0.5125,14.8875,0.7375,14.9875]},"south":{"rotation":0,"texture":"#5","tintindex":0,"uv":[14.8875,1.2625,15.1125,1.3625]},"up":{"rotation":0,"texture":"#5","tintindex":0,"uv":[7.1125,11.8625,6.8875,11.3875]},"west":{"rotation":0,"texture":"#5","tintindex":0,"uv":[14.0125,11.6375,14.4875,11.7375]}},"from":[7.1,8.6,6.8],"name":"left arm","rotation":{"angle":0.0,"axis":"x","origin":[10.700001,-5.200001,8.0]},"to":[8.3,8.9,9.2]},{"faces":{"down":{"rotation":0,"texture":"#5","tintindex":0,"uv":[0.3625,14.8875,0.2625,15.1125]},"east":{"rotation":0,"texture":"#5","tintindex":0,"uv":[14.7625,14.3875,14.9875,14.4875]},"north":{"rotation":0,"texture":"#5","tintindex":0,"uv":[15.3875,12.7625,15.4875,12.8625]},"south":{"rotation":0,"texture":"#5","tintindex":0,"uv":[12.8875,15.3875,12.9875,15.4875]},"up":{"rotation":0,"texture":"#5","tintindex":0,"uv":[0.1125,15.1125,0.0125,14.8875]},"west":{"rotation":0,"texture":"#5","tintindex":0,"uv":[14.6375,14.7625,14.8625,14.8625]}},"from":[6.5,8.6,7.4],"name":"left arm","rotation":{"angle":0.0,"axis":"x","origin":[10.1,-5.200001,8.0]},"to":[7.1,8.9,8.6]},{"faces":{"down":{"rotation":0,"texture":"#5","tintindex":0,"uv":[8.9875,0.6375,8.5125,1.1125]},"east":{"rotation":0,"texture":"#5","tintindex":0,"uv":[0.0125,8.3875,0.4875,8.8625]},"north":{"rotation":0,"texture":"#5","tintindex":0,"uv":[6.0125,0.8875,6.4875,1.3625]},"south":{"rotation":0,"texture":"#5","tintindex":0,"uv":[5.5125,8.3875,5.9875,8.8625]},"up":{"rotation":0,"texture":"#5","tintindex":0,"uv":[8.9875,0.4875,8.5125,0.0125]},"west":{"rotation":0,"texture":"#5","tintindex":0,"uv":[6.1375,8.3875,6.6125,8.8625]}},"from":[5.8999996,5.6,6.8],"name":"left arm","rotation":{"angle":0.0,"axis":"x","origin":[10.700001,-5.8,8.0]},"to":[8.3,8.0,9.2]},{"faces":{"down":{"rotation":0,"texture":"#5","tintindex":0,"uv":[12.4875,13.0125,12.3875,13.4875]},"east":{"rotation":0,"texture":"#5","tintindex":0,"uv":[13.1375,8.2625,13.6125,8.3625]},"north":{"rotation":0,"texture":"#5","tintindex":0,"uv":[15.0125,11.6375,15.1125,11.7375]},"south":{"rotation":0,"texture":"#5","tintindex":0,"uv":[11.7625,15.0125,11.8625,15.1125]},"up":{"rotation":0,"texture":"#5","tintindex":0,"uv":[8.1125,13.4875,8.0125,13.0125]},"west":{"rotation":0,"texture":"#5","tintindex":0,"uv":[9.2625,13.1375,9.7375,13.2375]}},"from":[7.55,5.0,6.8],"name":"left arm","rotation":{"angle":0.0,"axis":"x","origin":[10.55,-6.4000006,8.0]},"to":[8.15,5.6,9.2]},{"faces":{"down":{"rotation":0,"texture":"#5","tintindex":0,"uv":[13.2375,12.7625,13.1375,13.2375]},"east":{"rotation":0,"texture":"#5","tintindex":0,"uv":[13.1375,11.1375,13.6125,11.2375]},"north":{"rotation":0,"texture":"#5","tintindex":0,"uv":[15.0125,11.8875,15.1125,11.9875]},"south":{"rotation":0,"texture":"#5","tintindex":0,"uv":[12.0125,15.0125,12.1125,15.1125]},"up":{"rotation":0,"texture":"#5","tintindex":0,"uv":[3.2375,13.6125,3.1375,13.1375]},"west":{"rotation":0,"texture":"#5","tintindex":0,"uv":[13.1375,12.5125,13.6125,12.6125]}},"from":[6.05,5.0,6.8],"name":"left arm","rotation":{"angle":0.0,"axis":"x","origin":[9.05,-6.4000006,8.0]},"to":[6.6499996,5.6,9.2]},{"faces":{"down":{"rotation":0,"texture":"#5","tintindex":0,"uv":[10.6125,2.5125,10.2625,2.9875]},"east":{"rotation":0,"texture":"#5","tintindex":0,"uv":[5.5125,2.1375,5.9875,2.2375]},"north":{"rotation":0,"texture":"#5","tintindex":0,"uv":[6.1375,3.6375,6.4875,3.7375]},"south":{"rotation":0,"texture":"#5","tintindex":0,"uv":[6.7625,0.6375,7.1125,0.7375]},"up":{"rotation":0,"texture":"#5","tintindex":0,"uv":[7.1125,0.4875,6.7625,0.0125]},"west":{"rotation":0,"texture":"#5","tintindex":0,"uv":[7.0125,3.3875,7.4875,3.4875]}},"from":[6.5,8.0,6.8],"name":"left arm","rotation":{"angle":0.0,"axis":"x","origin":[10.700001,-5.8,8.0]},"to":[8.3,8.6,9.2]},{"faces":{"down":{"rotation":0,"texture":"#5","tintindex":0,"uv":[3.8625,12.7625,3.7625,13.2375]},"east":{"rotation":0,"texture":"#5","tintindex":0,"uv":[10.0125,9.3875,10.4875,9.4875]},"north":{"rotation":0,"texture":"#5","tintindex":0,"uv":[13.3875,14.8875,13.4875,14.9875]},"south":{"rotation":0,"texture":"#5","tintindex":0,"uv":[15.0125,0.0125,15.1125,0.1125]},"up":{"rotation":0,"texture":"#5","tintindex":0,"uv":[12.8625,0.7375,12.7625,0.2625]},"west":{"rotation":0,"texture":"#5","tintindex":0,"uv":[12.6375,10.8875,13.1125,10.9875]}},"from":[6.2018814,7.5512576,6.803],"name":"left arm","rotation":{"angle":-22.5,"axis":"z","origin":[7.101881,8.301258,8.0]},"to":[6.8018813,8.301258,9.1970005]},{"faces":{"down":{"rotation":0,"texture":"#0","tintindex":0,"uv":[0.004,0.004,5.996,3.996]},"east":{"rotation":0,"texture":"#0","tintindex":0,"uv":[0.004,0.004,5.996,3.996]},"north":{"rotation":0,"texture":"#0","tintindex":0,"uv":[0.004,0.004,5.996,3.996]},"south":{"rotation":0,"texture":"#0","tintindex":0,"uv":[0.004,0.004,5.996,3.996]},"up":{"rotation":0,"texture":"#0","tintindex":0,"uv":[0.004,0.004,5.996,3.996]},"west":{"rotation":0,"texture":"#0","tintindex":0,"uv":[0.004,0.004,5.996,3.996]}},"from":[6.2,4.3999996,7.1],"name":"left arm","rotation":{"angle":0.0,"axis":"x","origin":[10.700001,-5.8,8.0]},"to":[8.0,5.6,8.9]}],"textures":{"0":"modelengine:entity/boneshadingreaper","1":"modelengine:entity/boneshadin2heraldxd","2":"modelengine:entity/reapercloak","3":"modelengine:entity/osdes","4":"modelengine:entity/reaperfald","5":"modelengine:entity/fallenreaper"}}