{"display":{"head":{"rotation":[0.0,0.0,0.0],"scale":[3.8095,3.8095,3.8095],"translation":[0.0,-6.4,0.0]}},"elements":[{"faces":{"down":{"rotation":0,"texture":"#0","tintindex":0,"uv":[1.71775,2.251,1.626,2.34275]},"east":{"rotation":0,"texture":"#0","tintindex":0,"uv":[0.004,8.004,5.996,11.996]},"north":{"rotation":0,"texture":"#0","tintindex":0,"uv":[5.996,8.004,0.004,11.996]},"south":{"rotation":0,"texture":"#0","tintindex":0,"uv":[0.004,8.004,5.996,11.996]},"up":{"rotation":0,"texture":"#0","tintindex":0,"uv":[0.004,4.004,5.996,7.996]},"west":{"rotation":0,"texture":"#0","tintindex":0,"uv":[0.004,8.004,5.996,11.996]}},"from":[7.1,6.8,7.4],"name":"left leg","rotation":{"angle":0.0,"axis":"x","origin":[7.01,3.7999997,8.3]},"to":[8.9,8.15,9.2]},{"faces":{"down":{"rotation":0,"texture":"#5","tintindex":0,"uv":[9.3625,14.1375,9.0125,14.2375]},"east":{"rotation":0,"texture":"#5","tintindex":0,"uv":[14.5125,0.6375,14.6125,0.8625]},"north":{"rotation":0,"texture":"#5","tintindex":0,"uv":[11.7625,10.7625,12.1125,10.9875]},"south":{"rotation":0,"texture":"#5","tintindex":0,"uv":[11.7625,11.1375,12.1125,11.3625]},"up":{"rotation":0,"texture":"#5","tintindex":0,"uv":[14.4875,8.9875,14.1375,8.8875]},"west":{"rotation":0,"texture":"#5","tintindex":0,"uv":[14.5125,1.0125,14.6125,1.2375]}},"from":[7.1,7.4,6.8],"name":"left leg","rotation":{"angle":0.0,"axis":"x","origin":[7.01,3.7999997,8.3]},"to":[8.9,8.6,7.4]},{"faces":{"down":{"rotation":0,"texture":"#5","tintindex":0,"uv":[10.8625,5.3875,10.3875,5.7375]},"east":{"rotation":0,"texture":"#5","tintindex":0,"uv":[14.1375,9.1375,14.4875,9.2375]},"north":{"rotation":0,"texture":"#5","tintindex":0,"uv":[12.8875,10.6375,13.3625,10.7375]},"south":{"rotation":0,"texture":"#5","tintindex":0,"uv":[13.0125,0.2625,13.4875,0.3625]},"up":{"rotation":0,"texture":"#5","tintindex":0,"uv":[10.8625,1.3625,10.3875,1.0125]},"west":{"rotation":0,"texture":"#5","tintindex":0,"uv":[9.7625,14.1375,10.1125,14.2375]}},"from":[6.95,7.4,7.4],"name":"left leg","rotation":{"angle":0.0,"axis":"x","origin":[7.01,3.7999997,8.3]},"to":[9.05,8.0,9.35]},{"faces":{"down":{"rotation":0,"texture":"#5","tintindex":0,"uv":[9.7375,3.7625,9.2625,4.2375]},"east":{"rotation":0,"texture":"#5","tintindex":0,"uv":[9.1375,6.5125,9.6125,6.9875]},"north":{"rotation":0,"texture":"#5","tintindex":0,"uv":[9.1375,5.8875,9.6125,6.3625]},"south":{"rotation":0,"texture":"#5","tintindex":0,"uv":[9.2625,1.8875,9.7375,2.3625]},"up":{"rotation":0,"texture":"#5","tintindex":0,"uv":[9.7375,3.6125,9.2625,3.1375]},"west":{"rotation":0,"texture":"#5","tintindex":0,"uv":[3.1375,9.2625,3.6125,9.7375]}},"from":[7.1,4.3999996,7.1],"name":"left leg","rotation":{"angle":0.0,"axis":"x","origin":[8.15,10.700001,8.3]},"to":[9.2,6.8,9.5]},{"faces":{"down":{"rotation":0,"texture":"#5","tintindex":0,"uv":[9.8625,7.1375,9.3875,7.6125]},"east":{"rotation":0,"texture":"#5","tintindex":0,"uv":[5.1375,13.2625,5.6125,13.3625]},"north":{"rotation":0,"texture":"#5","tintindex":0,"uv":[13.2625,4.5125,13.7375,4.6125]},"south":{"rotation":0,"texture":"#5","tintindex":0,"uv":[8.6375,13.2625,9.1125,13.3625]},"up":{"rotation":0,"texture":"#5","tintindex":0,"uv":[9.8625,5.4875,9.3875,5.0125]},"west":{"rotation":0,"texture":"#5","tintindex":0,"uv":[13.2625,10.8875,13.7375,10.9875]}},"from":[6.9049997,3.7999997,7.1],"name":"left leg","rotation":{"angle":0.0,"axis":"x","origin":[8.15,8.3,8.3]},"to":[9.365,4.3999996,9.514999]},{"faces":{"down":{"rotation":0,"texture":"#5","tintindex":0,"uv":[6.1125,9.6375,5.6375,10.1125]},"east":{"rotation":0,"texture":"#5","tintindex":0,"uv":[2.3875,13.7625,2.8625,13.8625]},"north":{"rotation":0,"texture":"#5","tintindex":0,"uv":[0.2625,13.7625,0.7375,13.8625]},"south":{"rotation":0,"texture":"#5","tintindex":0,"uv":[13.7625,4.7625,14.2375,4.8625]},"up":{"rotation":0,"texture":"#5","tintindex":0,"uv":[5.4875,10.1125,5.0125,9.6375]},"west":{"rotation":0,"texture":"#5","tintindex":0,"uv":[13.7625,5.0125,14.2375,5.1125]}},"from":[6.9049997,6.2,7.085],"name":"left leg","rotation":{"angle":0.0,"axis":"x","origin":[8.15,10.700001,8.3]},"to":[9.395,6.8599997,9.514999]}],"textures":{"0":"modelengine:entity/boneshadingreaper","1":"modelengine:entity/boneshadin2heraldxd","2":"modelengine:entity/reapercloak","3":"modelengine:entity/osdes","4":"modelengine:entity/reaperfald","5":"modelengine:entity/fallenreaper"}}