{"display":{"head":{"rotation":[0.0,0.0,0.0],"scale":[3.8095,3.8095,3.8095],"translation":[0.0,-6.4,0.0]}},"elements":[{"faces":{"down":{"rotation":0,"texture":"#0","tintindex":0,"uv":[7.9375,6.25,7.53125,6.5625]},"east":{"rotation":0,"texture":"#0","tintindex":0,"uv":[7.625,1.125,7.9375,1.5]},"north":{"rotation":0,"texture":"#0","tintindex":0,"uv":[5.59375,6.4375,6.0,6.8125]},"south":{"rotation":0,"texture":"#0","tintindex":0,"uv":[7.34375,4.5625,7.75,4.9375]},"up":{"rotation":0,"texture":"#0","tintindex":0,"uv":[6.03125,7.84375,5.625,7.53125]},"west":{"rotation":0,"texture":"#0","tintindex":0,"uv":[7.625,7.09375,7.9375,7.46875]}},"from":[4.1,2.6283376,-10.344442],"name":"cube","rotation":{"angle":-22.5,"axis":"x","origin":[7.7,4.7883368,-6.1444426]},"to":[11.900001,9.828339,-4.3444424]},{"faces":{"down":{"rotation":0,"texture":"#0","tintindex":0,"uv":[0.0,0.0,0.0,0.3125]},"east":{"rotation":0,"texture":"#0","tintindex":0,"uv":[8.0625,3.75,8.375,4.0625]},"north":{"rotation":0,"texture":"#0","tintindex":0,"uv":[0.0,0.0,0.0,0.3125]},"south":{"rotation":0,"texture":"#0","tintindex":0,"uv":[0.0,0.0,0.0,0.3125]},"up":{"rotation":0,"texture":"#0","tintindex":0,"uv":[0.0,0.3125,0.0,0.0]},"west":{"rotation":0,"texture":"#0","tintindex":0,"uv":[6.59375,8.0625,6.90625,8.375]}},"from":[8.0,9.828339,-10.344442],"name":"cube","rotation":{"angle":-22.5,"axis":"x","origin":[11.6,4.7883368,-6.1444426]},"to":[8.0,15.828339,-4.3444424]},{"faces":{"down":{"rotation":0,"texture":"#0","tintindex":0,"uv":[6.75,0.59375,6.125,1.1875]},"east":{"rotation":0,"texture":"#0","tintindex":0,"uv":[2.3125,6.375,2.90625,6.875]},"north":{"rotation":0,"texture":"#0","tintindex":0,"uv":[0.0,6.375,0.625,6.875]},"south":{"rotation":0,"texture":"#0","tintindex":0,"uv":[0.625,6.375,1.25,6.875]},"up":{"rotation":0,"texture":"#0","tintindex":0,"uv":[6.75,0.59375,6.125,0.0]},"west":{"rotation":0,"texture":"#0","tintindex":0,"uv":[3.5,6.4375,4.09375,6.9375]}},"from":[1.9999998,1.4283376,-6.1444426],"name":"cube","rotation":{"angle":-22.5,"axis":"x","origin":[10.4,4.7883368,-6.1444426]},"to":[14.0,11.0283375,5.2555575]},{"faces":{"down":{"rotation":0,"texture":"#0","tintindex":0,"uv":[0.0,0.0,0.0,0.625]},"east":{"rotation":0,"texture":"#0","tintindex":0,"uv":[6.75,1.375,7.375,1.75]},"north":{"rotation":0,"texture":"#0","tintindex":0,"uv":[0.0,0.0,0.0,0.375]},"south":{"rotation":0,"texture":"#0","tintindex":0,"uv":[0.0,0.0,0.0,0.375]},"up":{"rotation":0,"texture":"#0","tintindex":0,"uv":[0.0,0.625,0.0,0.0]},"west":{"rotation":0,"texture":"#0","tintindex":0,"uv":[6.75,1.75,7.375,2.125]}},"from":[8.0,11.0283375,-4.3444424],"name":"cube","rotation":{"angle":-22.5,"axis":"x","origin":[14.0,4.7883368,-6.1444426]},"to":[8.0,18.228338,7.6555576]},{"faces":{"down":{"rotation":0,"texture":"#0","tintindex":0,"uv":[6.65625,6.3125,6.0,6.8125]},"east":{"rotation":0,"texture":"#0","tintindex":0,"uv":[6.65625,2.9375,7.15625,3.4375]},"north":{"rotation":0,"texture":"#0","tintindex":0,"uv":[6.125,3.5625,6.78125,4.0625]},"south":{"rotation":0,"texture":"#0","tintindex":0,"uv":[6.125,4.0625,6.78125,4.5625]},"up":{"rotation":0,"texture":"#0","tintindex":0,"uv":[6.78125,5.0625,6.125,4.5625]},"west":{"rotation":0,"texture":"#0","tintindex":0,"uv":[6.65625,6.125,7.15625,6.625]}},"from":[1.6999998,12.078338,8.630558],"name":"cube","rotation":{"angle":22.5,"axis":"x","origin":[10.700001,4.758337,-5.529443]},"to":[14.3,21.678337,18.230558]},{"faces":{"down":{"rotation":0,"texture":"#0","tintindex":0,"uv":[4.5,6.875,4.09375,7.375]},"east":{"rotation":0,"texture":"#0","tintindex":0,"uv":[7.15625,6.75,7.65625,7.09375]},"north":{"rotation":0,"texture":"#0","tintindex":0,"uv":[4.875,7.5,5.28125,7.84375]},"south":{"rotation":0,"texture":"#0","tintindex":0,"uv":[7.53125,1.84375,7.9375,2.1875]},"up":{"rotation":0,"texture":"#0","tintindex":0,"uv":[3.28125,7.375,2.875,6.875]},"west":{"rotation":0,"texture":"#0","tintindex":0,"uv":[7.25,0.0,7.75,0.34375]}},"from":[4.16,12.738338,12.890558],"name":"cube","rotation":{"angle":22.5,"axis":"x","origin":[10.700001,4.758337,-5.529443]},"to":[11.84,19.218338,22.37056]},{"faces":{"down":{"rotation":0,"texture":"#0","tintindex":0,"uv":[0.0,0.0,0.0,0.5625]},"east":{"rotation":0,"texture":"#0","tintindex":0,"uv":[6.78125,4.6875,7.34375,5.0625]},"north":{"rotation":0,"texture":"#0","tintindex":0,"uv":[0.0,0.0,0.0,0.375]},"south":{"rotation":0,"texture":"#0","tintindex":0,"uv":[0.0,0.0,0.0,0.375]},"up":{"rotation":0,"texture":"#0","tintindex":0,"uv":[0.0,0.5625,0.0,0.0]},"west":{"rotation":0,"texture":"#0","tintindex":0,"uv":[2.3125,6.875,2.875,7.25]}},"from":[8.0,21.678337,7.4305573],"name":"cube","rotation":{"angle":22.5,"axis":"x","origin":[14.0,4.758337,-5.529443]},"to":[8.0,28.878338,18.230558]}],"textures":{"0":"modelengine:entity/nocsy_darkdragon_saddled_version"}}