{"textures":{"0":"modelengine:entity/nocsy_darkdragon_saddled_version"},"elements":[{"name":"cube","from":[13.231979,4.020053,7.2423844],"to":[15.871979,6.6600533,14.682384],"rotation":{"angle":45.0,"axis":"z","origin":[7.910605,-1.301322,26.725452]},"faces":{"down":{"uv":[9.0625,7.28125,8.9375,7.65625],"rotation":0,"texture":"#0","tintindex":0},"east":{"uv":[8.9375,5.6875,9.3125,5.8125],"rotation":0,"texture":"#0","tintindex":0},"north":{"uv":[7.8125,9.6875,7.9375,9.8125],"rotation":0,"texture":"#0","tintindex":0},"south":{"uv":[9.6875,7.875,9.8125,8.0],"rotation":0,"texture":"#0","tintindex":0},"up":{"uv":[3.21875,9.3125,3.09375,8.9375],"rotation":0,"texture":"#0","tintindex":0},"west":{"uv":[6.71875,8.9375,7.09375,9.0625],"rotation":0,"texture":"#0","tintindex":0}}}],"display":{"head":{"translation":[0.0,-6.4,0.0],"rotation":[0.0,0.0,0.0],"scale":[3.8095,3.8095,3.8095]}}}