{"display":{"head":{"rotation":[0.0,0.0,0.0],"scale":[3.8095,3.8095,3.8095],"translation":[0.0,-6.4,0.0]}},"elements":[{"faces":{"down":{"rotation":0,"texture":"#0","tintindex":0,"uv":[9.0625,7.28125,8.9375,7.65625]},"east":{"rotation":0,"texture":"#0","tintindex":0,"uv":[8.9375,5.6875,9.3125,5.8125]},"north":{"rotation":0,"texture":"#0","tintindex":0,"uv":[7.8125,9.6875,7.9375,9.8125]},"south":{"rotation":0,"texture":"#0","tintindex":0,"uv":[9.6875,7.875,9.8125,8.0]},"up":{"rotation":0,"texture":"#0","tintindex":0,"uv":[3.21875,9.3125,3.09375,8.9375]},"west":{"rotation":0,"texture":"#0","tintindex":0,"uv":[6.71875,8.9375,7.09375,9.0625]}},"from":[13.231979,4.020053,7.2423844],"name":"cube","rotation":{"angle":45.0,"axis":"z","origin":[7.910605,-1.301322,26.725452]},"to":[15.871979,6.6600533,14.682384]}],"textures":{"0":"modelengine:entity/nocsy_darkdragon_saddled_version"}}