{"textures":{"0":"modelengine:entity/nocsy_dragon_saddled_version"},"elements":[{"name":"cube","from":[6.735695,6.6048784,6.4136543],"to":[9.735695,9.604878,9.413654],"rotation":{"angle":0.0,"axis":"x","origin":[0.46580195,11.701612,14.658513]},"faces":{"down":{"uv":[5.78125,9.28125,5.625,9.4375],"rotation":0,"texture":"#0","tintindex":0},"east":{"uv":[5.0,9.28125,5.15625,9.4375],"rotation":0,"texture":"#0","tintindex":0},"north":{"uv":[4.84375,9.28125,5.0,9.4375],"rotation":0,"texture":"#0","tintindex":0},"south":{"uv":[5.15625,9.28125,5.3125,9.4375],"rotation":0,"texture":"#0","tintindex":0},"up":{"uv":[5.625,9.4375,5.46875,9.28125],"rotation":0,"texture":"#0","tintindex":0},"west":{"uv":[5.3125,9.28125,5.46875,9.4375],"rotation":0,"texture":"#0","tintindex":0}}},{"name":"cube","from":[6.855695,9.124878,7.2536545],"to":[9.615696,11.884878,10.013655],"rotation":{"angle":22.5,"axis":"x","origin":[8.235695,10.744879,7.9136543]},"faces":{"down":{"uv":[9.21875,9.28125,9.0625,9.4375],"rotation":0,"texture":"#0","tintindex":0},"east":{"uv":[6.21875,9.28125,6.375,9.4375],"rotation":0,"texture":"#0","tintindex":0},"north":{"uv":[6.0625,9.28125,6.21875,9.4375],"rotation":0,"texture":"#0","tintindex":0},"south":{"uv":[7.21875,9.28125,7.375,9.4375],"rotation":0,"texture":"#0","tintindex":0},"up":{"uv":[9.4375,8.4375,9.28125,8.28125],"rotation":0,"texture":"#0","tintindex":0},"west":{"uv":[9.28125,8.125,9.4375,8.28125],"rotation":0,"texture":"#0","tintindex":0}}},{"name":"cube","from":[7.035695,11.5248785,7.1336546],"to":[9.435696,13.924879,9.533655],"rotation":{"angle":45.0,"axis":"x","origin":[8.235695,10.744879,7.9136543]},"faces":{"down":{"uv":[9.46875,3.4375,9.3125,3.59375],"rotation":0,"texture":"#0","tintindex":0},"east":{"uv":[0.4375,9.3125,0.59375,9.46875],"rotation":0,"texture":"#0","tintindex":0},"north":{"uv":[9.21875,9.28125,9.375,9.4375],"rotation":0,"texture":"#0","tintindex":0},"south":{"uv":[3.09375,9.3125,3.25,9.46875],"rotation":0,"texture":"#0","tintindex":0},"up":{"uv":[3.5625,9.46875,3.40625,9.3125],"rotation":0,"texture":"#0","tintindex":0},"west":{"uv":[3.25,9.3125,3.40625,9.46875],"rotation":0,"texture":"#0","tintindex":0}}},{"name":"cube","from":[6.9756947,11.824879,9.353655],"to":[9.375694,14.824879,11.153656],"rotation":{"angle":0.0,"axis":"x","origin":[8.475695,10.744879,7.9136543]},"faces":{"down":{"uv":[3.3125,9.875,3.1875,9.96875],"rotation":0,"texture":"#0","tintindex":0},"east":{"uv":[0.59375,9.84375,0.6875,10.0],"rotation":0,"texture":"#0","tintindex":0},"north":{"uv":[4.03125,9.46875,4.15625,9.625],"rotation":0,"texture":"#0","tintindex":0},"south":{"uv":[6.34375,9.46875,6.46875,9.625],"rotation":0,"texture":"#0","tintindex":0},"up":{"uv":[3.1875,9.96875,3.0625,9.875],"rotation":0,"texture":"#0","tintindex":0},"west":{"uv":[9.84375,0.625,9.9375,0.78125],"rotation":0,"texture":"#0","tintindex":0}}},{"name":"cube","from":[7.035695,13.804879,9.713655],"to":[9.315695,16.68488,11.393655],"rotation":{"angle":-22.5,"axis":"x","origin":[8.475695,13.324879,10.253655]},"faces":{"down":{"uv":[3.4375,9.875,3.3125,9.96875],"rotation":0,"texture":"#0","tintindex":0},"east":{"uv":[0.6875,9.84375,0.78125,10.0],"rotation":0,"texture":"#0","tintindex":0},"north":{"uv":[7.3125,9.46875,7.4375,9.625],"rotation":0,"texture":"#0","tintindex":0},"south":{"uv":[9.46875,8.65625,9.59375,8.8125],"rotation":0,"texture":"#0","tintindex":0},"up":{"uv":[10.0,3.34375,9.875,3.25],"rotation":0,"texture":"#0","tintindex":0},"west":{"uv":[0.78125,9.84375,0.875,10.0],"rotation":0,"texture":"#0","tintindex":0}}},{"name":"cube","from":[7.215695,15.753532,9.376066],"to":[9.255695,18.393534,10.816067],"rotation":{"angle":-45.0,"axis":"x","origin":[8.475695,15.2135315,9.796066]},"faces":{"down":{"uv":[3.8125,9.875,3.6875,9.96875],"rotation":0,"texture":"#0","tintindex":0},"east":{"uv":[9.84375,0.96875,9.9375,1.125],"rotation":0,"texture":"#0","tintindex":0},"north":{"uv":[3.59375,9.5,3.71875,9.65625],"rotation":0,"texture":"#0","tintindex":0},"south":{"uv":[9.5,7.28125,9.625,7.4375],"rotation":0,"texture":"#0","tintindex":0},"up":{"uv":[3.5625,9.96875,3.4375,9.875],"rotation":0,"texture":"#0","tintindex":0},"west":{"uv":[1.46875,9.84375,1.5625,10.0],"rotation":0,"texture":"#0","tintindex":0}}},{"name":"cube","from":[7.275695,16.79225,5.7288456],"to":[9.195695,18.112251,8.248846],"rotation":{"angle":0.0,"axis":"x","origin":[8.535695,16.91225,7.4688454]},"faces":{"down":{"uv":[7.75,9.5,7.625,9.65625],"rotation":0,"texture":"#0","tintindex":0},"east":{"uv":[9.8125,9.34375,9.96875,9.4375],"rotation":0,"texture":"#0","tintindex":0},"north":{"uv":[9.875,3.75,10.0,3.84375],"rotation":0,"texture":"#0","tintindex":0},"south":{"uv":[3.8125,9.875,3.9375,9.96875],"rotation":0,"texture":"#0","tintindex":0},"up":{"uv":[9.625,7.59375,9.5,7.4375],"rotation":0,"texture":"#0","tintindex":0},"west":{"uv":[9.84375,1.125,10.0,1.21875],"rotation":0,"texture":"#0","tintindex":0}}},{"name":"cube","from":[7.3506947,16.91225,4.2288465],"to":[9.150695,18.712252,6.6288466],"rotation":{"angle":-45.0,"axis":"x","origin":[8.535695,17.332249,6.988846]},"faces":{"down":{"uv":[9.96875,4.28125,9.875,4.40625],"rotation":0,"texture":"#0","tintindex":0},"east":{"uv":[3.9375,9.875,4.0625,9.96875],"rotation":0,"texture":"#0","tintindex":0},"north":{"uv":[9.78125,9.9375,9.875,10.03125],"rotation":0,"texture":"#0","tintindex":0},"south":{"uv":[9.96875,0.0,10.0625,0.09375],"rotation":0,"texture":"#0","tintindex":0},"up":{"uv":[4.28125,10.0,4.1875,9.875],"rotation":0,"texture":"#0","tintindex":0},"west":{"uv":[9.875,4.0625,10.0,4.15625],"rotation":0,"texture":"#0","tintindex":0}}},{"name":"cube","from":[7.3956947,16.01225,1.8288454],"to":[9.075695,17.69225,4.708845],"rotation":{"angle":-22.5,"axis":"x","origin":[8.535695,17.332249,6.988846]},"faces":{"down":{"uv":[9.9375,2.53125,9.84375,2.6875],"rotation":0,"texture":"#0","tintindex":0},"east":{"uv":[9.84375,1.59375,10.0,1.6875],"rotation":0,"texture":"#0","tintindex":0},"north":{"uv":[0.09375,9.96875,0.1875,10.0625],"rotation":0,"texture":"#0","tintindex":0},"south":{"uv":[9.96875,0.09375,10.0625,0.1875],"rotation":0,"texture":"#0","tintindex":0},"up":{"uv":[1.65625,10.0,1.5625,9.84375],"rotation":0,"texture":"#0","tintindex":0},"west":{"uv":[9.84375,2.0,10.0,2.09375],"rotation":0,"texture":"#0","tintindex":0}}},{"name":"cube","from":[7.401695,14.2112055,0.021702528],"to":[9.0696945,15.879205,2.889703],"rotation":{"angle":0.0,"axis":"x","origin":[8.535695,15.465206,3.7357023]},"faces":{"down":{"uv":[9.9375,3.90625,9.84375,4.0625],"rotation":0,"texture":"#0","tintindex":0},"east":{"uv":[9.84375,2.09375,10.0,2.1875],"rotation":0,"texture":"#0","tintindex":0},"north":{"uv":[0.96875,9.96875,1.0625,10.0625],"rotation":0,"texture":"#0","tintindex":0},"south":{"uv":[1.0625,9.96875,1.15625,10.0625],"rotation":0,"texture":"#0","tintindex":0},"up":{"uv":[9.9375,3.53125,9.84375,3.375],"rotation":0,"texture":"#0","tintindex":0},"west":{"uv":[9.84375,2.6875,10.0,2.78125],"rotation":0,"texture":"#0","tintindex":0}}},{"name":"cube","from":[7.635695,14.385205,-1.9042978],"to":[8.955695,15.705206,0.61570287],"rotation":{"angle":0.0,"axis":"x","origin":[8.535695,15.465206,3.7357023]},"faces":{"down":{"uv":[7.375,1.21875,7.3125,1.34375],"rotation":0,"texture":"#0","tintindex":0},"east":{"uv":[9.875,6.5,10.0,6.5625],"rotation":0,"texture":"#0","tintindex":0},"north":{"uv":[5.59375,9.5625,5.65625,9.625],"rotation":0,"texture":"#0","tintindex":0},"south":{"uv":[6.15625,9.5625,6.21875,9.625],"rotation":0,"texture":"#0","tintindex":0},"up":{"uv":[7.3125,0.46875,7.25,0.34375],"rotation":0,"texture":"#0","tintindex":0},"west":{"uv":[9.875,9.28125,10.0,9.34375],"rotation":0,"texture":"#0","tintindex":0}}},{"name":"cube","from":[7.815695,14.565206,-3.5242972],"to":[8.775695,15.525205,-1.9642978],"rotation":{"angle":0.0,"axis":"x","origin":[8.535695,15.465206,3.7357023]},"faces":{"down":{"uv":[5.78125,9.625,5.71875,9.71875],"rotation":0,"texture":"#0","tintindex":0},