{"textures":{"0":"modelengine:entity/nocsy_darkdragon_saddled_version"},"elements":[{"name":"cube","from":[8.648894,6.885193,6.9488263],"to":[11.528894,9.765194,9.828827],"rotation":{"angle":0.0,"axis":"x","origin":[2.1390018,12.101927,15.313686]},"faces":{"down":{"uv":[6.84375,9.6875,6.71875,9.8125],"rotation":0,"texture":"#0","tintindex":0},"east":{"uv":[5.46875,9.6875,5.59375,9.8125],"rotation":0,"texture":"#0","tintindex":0},"north":{"uv":[9.6875,4.1875,9.8125,4.3125],"rotation":0,"texture":"#0","tintindex":0},"south":{"uv":[6.0,9.6875,6.125,9.8125],"rotation":0,"texture":"#0","tintindex":0},"up":{"uv":[6.71875,9.8125,6.59375,9.6875],"rotation":0,"texture":"#0","tintindex":0},"west":{"uv":[9.6875,6.15625,9.8125,6.28125],"rotation":0,"texture":"#0","tintindex":0}}},{"name":"cube","from":[9.008894,3.1828852,11.663452],"to":[11.168894,5.702886,14.183453],"rotation":{"angle":22.5,"axis":"x","origin":[6.3690014,17.171928,25.303688]},"faces":{"down":{"uv":[9.8125,7.75,9.6875,7.875],"rotation":0,"texture":"#0","tintindex":0},"east":{"uv":[6.96875,9.6875,7.09375,9.8125],"rotation":0,"texture":"#0","tintindex":0},"north":{"uv":[6.84375,9.6875,6.96875,9.8125],"rotation":0,"texture":"#0","tintindex":0},"south":{"uv":[9.6875,7.5,9.8125,7.625],"rotation":0,"texture":"#0","tintindex":0},"up":{"uv":[7.8125,9.8125,7.6875,9.6875],"rotation":0,"texture":"#0","tintindex":0},"west":{"uv":[9.6875,7.625,9.8125,7.75],"rotation":0,"texture":"#0","tintindex":0}}},{"name":"cube","from":[9.368895,1.4927868,17.421604],"to":[11.048895,3.1727853,19.101604],"rotation":{"angle":45.0,"axis":"x","origin":[6.3690014,17.171928,25.303688]},"faces":{"down":{"uv":[7.46875,9.9375,7.375,10.03125],"rotation":0,"texture":"#0","tintindex":0},"east":{"uv":[4.71875,9.9375,4.8125,10.03125],"rotation":0,"texture":"#0","tintindex":0},"north":{"uv":[4.625,9.9375,4.71875,10.03125],"rotation":0,"texture":"#0","tintindex":0},"south":{"uv":[4.8125,9.9375,4.90625,10.03125],"rotation":0,"texture":"#0","tintindex":0},"up":{"uv":[7.375,10.03125,7.28125,9.9375],"rotation":0,"texture":"#0","tintindex":0},"west":{"uv":[4.90625,9.9375,5.0,10.03125],"rotation":0,"texture":"#0","tintindex":0}}},{"name":"cube","from":[9.608894,11.685192,9.708828],"to":[10.808895,14.085193,10.908827],"rotation":{"angle":0.0,"axis":"x","origin":[6.3690014,17.171928,25.303688]},"faces":{"down":{"uv":[7.65625,9.9375,7.5625,10.03125],"rotation":0,"texture":"#0","tintindex":0},"east":{"uv":[6.53125,9.8125,6.625,9.96875],"rotation":0,"texture":"#0","tintindex":0},"north":{"uv":[5.96875,9.8125,6.0625,9.96875],"rotation":0,"texture":"#0","tintindex":0},"south":{"uv":[6.625,9.8125,6.71875,9.96875],"rotation":0,"texture":"#0","tintindex":0},"up":{"uv":[7.5625,10.03125,7.46875,9.9375],"rotation":0,"texture":"#0","tintindex":0},"west":{"uv":[6.71875,9.8125,6.8125,9.96875],"rotation":0,"texture":"#0","tintindex":0}}},{"name":"cube","from":[9.848894,20.44896,8.289335],"to":[10.568895,22.368961,9.009336],"rotation":{"angle":-22.5,"axis":"x","origin":[6.4890013,21.731926,27.223686]},"faces":{"down":{"uv":[10.03125,8.4375,9.9375,8.53125],"rotation":0,"texture":"#0","tintindex":0},"east":{"uv":[6.90625,9.8125,7.0,9.96875],"rotation":0,"texture":"#0","tintindex":0},"north":{"uv":[6.8125,9.8125,6.90625,9.96875],"rotation":0,"texture":"#0","tintindex":0},"south":{"uv":[7.0,9.8125,7.09375,9.96875],"rotation":0,"texture":"#0","tintindex":0},"up":{"uv":[8.21875,10.03125,8.125,9.9375],"rotation":0,"texture":"#0","tintindex":0},"west":{"uv":[9.8125,7.5,9.90625,7.65625],"rotation":0,"texture":"#0","tintindex":0}}}],"display":{"head":{"translation":[0.0,-6.4,0.0],"rotation":[0.0,0.0,0.0],"scale":[3.8095,3.8095,3.8095]}}}