{"display":{"head":{"rotation":[0.0,0.0,0.0],"scale":[3.8095,3.8095,3.8095],"translation":[0.0,-6.4,0.0]}},"elements":[{"faces":{"down":{"rotation":0,"texture":"#0","tintindex":0,"uv":[9.40625,4.125,9.25,4.28125]},"east":{"rotation":0,"texture":"#0","tintindex":0,"uv":[9.25,1.0625,9.40625,1.21875]},"north":{"rotation":0,"texture":"#0","tintindex":0,"uv":[0.78125,9.25,0.9375,9.40625]},"south":{"rotation":0,"texture":"#0","tintindex":0,"uv":[9.25,1.21875,9.40625,1.375]},"up":{"rotation":0,"texture":"#0","tintindex":0,"uv":[9.40625,2.75,9.25,2.59375]},"west":{"rotation":0,"texture":"#0","tintindex":0,"uv":[9.25,2.4375,9.40625,2.59375]}},"from":[6.2211485,7.3924055,6.100706],"name":"cube","rotation":{"angle":0.0,"axis":"x","origin":[15.491042,12.48914,14.345566]},"to":[9.221149,10.392406,9.100708]},{"faces":{"down":{"rotation":0,"texture":"#0","tintindex":0,"uv":[1.09375,9.28125,0.9375,9.4375]},"east":{"rotation":0,"texture":"#0","tintindex":0,"uv":[9.25,4.5625,9.40625,4.71875]},"north":{"rotation":0,"texture":"#0","tintindex":0,"uv":[9.25,4.40625,9.40625,4.5625]},"south":{"rotation":0,"texture":"#0","tintindex":0,"uv":[9.25,5.125,9.40625,5.28125]},"up":{"rotation":0,"texture":"#0","tintindex":0,"uv":[7.65625,9.40625,7.5,9.25]},"west":{"rotation":0,"texture":"#0","tintindex":0,"uv":[9.25,5.28125,9.40625,5.4375]}},"from":[6.341149,9.912405,6.9407067],"name":"cube","rotation":{"angle":22.5,"axis":"x","origin":[7.7211485,11.532407,7.6007066]},"to":[9.101149,12.672406,9.7007065]},{"faces":{"down":{"rotation":0,"texture":"#0","tintindex":0,"uv":[4.09375,9.28125,3.9375,9.4375]},"east":{"rotation":0,"texture":"#0","tintindex":0,"uv":[1.25,9.28125,1.40625,9.4375]},"north":{"rotation":0,"texture":"#0","tintindex":0,"uv":[1.09375,9.28125,1.25,9.4375]},"south":{"rotation":0,"texture":"#0","tintindex":0,"uv":[2.0625,9.28125,2.21875,9.4375]},"up":{"rotation":0,"texture":"#0","tintindex":0,"uv":[3.9375,9.4375,3.78125,9.28125]},"west":{"rotation":0,"texture":"#0","tintindex":0,"uv":[2.21875,9.28125,2.375,9.4375]}},"from":[6.5211487,12.312407,6.820707],"name":"cube","rotation":{"angle":45.0,"axis":"x","origin":[7.7211485,11.532407,7.6007066]},"to":[8.921148,14.712406,9.220707]},{"faces":{"down":{"rotation":0,"texture":"#0","tintindex":0,"uv":[8.78125,0.78125,8.65625,0.875]},"east":{"rotation":0,"texture":"#0","tintindex":0,"uv":[9.8125,7.65625,9.90625,7.8125]},"north":{"rotation":0,"texture":"#0","tintindex":0,"uv":[2.34375,9.46875,2.46875,9.625]},"south":{"rotation":0,"texture":"#0","tintindex":0,"uv":[9.46875,2.875,9.59375,3.03125]},"up":{"rotation":0,"texture":"#0","tintindex":0,"uv":[8.71875,1.8125,8.59375,1.71875]},"west":{"rotation":0,"texture":"#0","tintindex":0,"uv":[7.6875,9.8125,7.78125,9.96875]}},"from":[6.581149,12.612407,9.040708],"name":"cube","rotation":{"angle":0.0,"axis":"x","origin":[7.4811487,11.532407,7.6007066]},"to":[8.981149,15.612407,10.840708]},{"faces":{"down":{"rotation":0,"texture":"#0","tintindex":0,"uv":[9.75,8.9375,9.625,9.03125]},"east":{"rotation":0,"texture":"#0","tintindex":0,"uv":[7.78125,9.8125,7.875,9.96875]},"north":{"rotation":0,"texture":"#0","tintindex":0,"uv":[3.09375,9.46875,3.21875,9.625]},"south":{"rotation":0,"texture":"#0","tintindex":0,"uv":[3.21875,9.46875,3.34375,9.625]},"up":{"rotation":0,"texture":"#0","tintindex":0,"uv":[9.75,5.5,9.625,5.40625]},"west":{"rotation":0,"texture":"#0","tintindex":0,"uv":[9.8125,7.8125,9.90625,7.96875]}},"from":[6.6411486,14.592407,9.400707],"name":"cube","rotation":{"angle":-22.5,"axis":"x","origin":[7.4811487,14.112407,9.940708]},"to":[8.921148,17.472406,11.080708]},{"faces":{"down":{"rotation":0,"texture":"#0","tintindex":0,"uv":[2.03125,9.875,1.90625,9.96875]},"east":{"rotation":0,"texture":"#0","tintindex":0,"uv":[9.8125,7.96875,9.90625,8.125]},"north":{"rotation":0,"texture":"#0","tintindex":0,"uv":[3.34375,9.46875,3.46875,9.625]},"south":{"rotation":0,"texture":"#0","tintindex":0,"uv":[9.46875,3.40625,9.59375,3.5625]},"up":{"rotation":0,"texture":"#0","tintindex":0,"uv":[10.0,1.9375,9.875,1.84375]},"west":{"rotation":0,"texture":"#0","tintindex":0,"uv":[8.28125,9.8125,8.375,9.96875]}},"from":[6.701149,16.541061,9.063119],"name":"cube","rotation":{"angle":-45.0,"axis":"x","origin":[7.4811487,16.00106,9.483119]},"to":[8.741148,19.18106,10.5031185]},{"faces":{"down":{"rotation":0,"texture":"#0","tintindex":0,"uv":[9.59375,3.5625,9.46875,3.71875]},"east":{"rotation":0,"texture":"#0","tintindex":0,"uv":[9.8125,1.5,9.96875,1.59375]},"north":{"rotation":0,"texture":"#0","tintindex":0,"uv":[2.03125,9.875,2.15625,9.96875]},"south":{"rotation":0,"texture":"#0","tintindex":0,"uv":[2.15625,9.875,2.28125,9.96875]},"up":{"rotation":0,"texture":"#0","tintindex":0,"uv":[3.59375,9.625,3.46875,9.46875]},"west":{"rotation":0,"texture":"#0","tintindex":0,"uv":[9.8125,3.15625,9.96875,3.25]}},"from":[6.761149,17.57978,5.415898],"name":"cube","rotation":{"angle":0.0,"axis":"x","origin":[7.421149,17.69978,7.155897]},"to":[8.681149,18.89978,7.935898]},{"faces":{"down":{"rotation":0,"texture":"#0","tintindex":0,"uv":[9.96875,2.875,9.875,3.0]},"east":{"rotation":0,"texture":"#0","tintindex":0,"uv":[9.875,2.1875,10.0,2.28125]},"north":{"rotation":0,"texture":"#0","tintindex":0,"uv":[8.46875,9.9375,8.5625,10.03125]},"south":{"rotation":0,"texture":"#0","tintindex":0,"uv":[8.5625,9.9375,8.65625,10.03125]},"up":{"rotation":0,"texture":"#0","tintindex":0,"uv":[8.8125,6.90625,8.71875,6.78125]},"west":{"rotation":0,"texture":"#0","tintindex":0,"uv":[2.28125,9.875,2.40625,9.96875]}},"from":[6.8061485,17.69978,3.9158988],"name":"cube","rotation":{"angle":-45.0,"axis":"x","origin":[7.421149,18.11978,6.6758976]},"to":[8.606149,19.499779,6.315899]},{"faces":{"down":{"rotation":0,"texture":"#0","tintindex":0,"uv":[9.90625,9.78125,9.8125,9.9375]},"east":{"rotation":0,"texture":"#0","tintindex":0,"uv":[9.8125,3.65625,9.96875,3.75]},"north":{"rotation":0,"texture":"#0","tintindex":0,"uv":[8.65625,9.9375,8.75,10.03125]},"south":{"rotation":0,"texture":"#0","tintindex":0,"uv":[9.5,9.9375,9.59375,10.03125]},"up":{"rotation":0,"texture":"#0","tintindex":0,"uv":[8.46875,9.96875,8.375,9.8125]},"west":{"rotation":0,"texture":"#0","tintindex":0,"uv":[9.8125,4.1875,9.96875,4.28125]}},"from":[6.881149,16.79978,1.5158975],"name":"cube","rotation":{"angle":-22.5,"axis":"x","origin":[7.421149,18.11978,6.6758976]},"to":[8.561149,18.47978,4.3958974]},{"faces":{"down":{"rotation":0,"texture":"#0","tintindex":0,"uv":[0.59375,9.84375,0.5,10.0]},"east":{"rotation":0,"texture":"#0","tintindex":0,"uv":[9.8125,6.15625,9.96875,6.25]},"north":{"rotation":0,"texture":"#0","tintindex":0,"uv":[9.59375,9.9375,9.6875,10.03125]},"south":{"rotation":0,"texture":"#0","tintindex":0,"uv":[9.6875,9.9375,9.78125,10.03125]},"up":{"rotation":0,"texture":"#0","tintindex":0,"uv":[0.09375,10.0,0.0,9.84375]},"west":{"rotation":0,"texture":"#0","tintindex":0,"uv":[9.8125,8.34375,9.96875,8.4375]}},"from":[6.887149,14.998735,-0.29124546],"name":"cube","rotation":{"angle":0.0,"axis":"x","origin":[7.421149,16.252735,3.4227545]},"to":[8.555149,16.666735,2.576755]},{"faces":{"down":{"rotation":0,"texture":"#0","tintindex":0,"uv":[2.3125,7.125,2.25,7.25]},"east":{"rotation":0,"texture":"#0","tintindex":0,"uv":[9.3125,3.75,9.4375,3.8125]},"north":{"rotation":0,"texture":"#0","tintindex":0,"uv":[7.28125,9.0625,7.34375,9.125]},"south":{"rotation":0,"texture":"#0","tintindex":0,"uv":[6.0625,9.15625,6.125,9.21875]},"up":{"rotation":0,"texture":"#0","tintindex":0,"uv":[6.65625,7.125,6.59375,7.0]},"west":{"rotation":0,"texture":"#0","tintindex":0,"uv":[9.625,1.9375,9.75,2.0]}},"from":[7.0011487,15.172734,-2.2172456],"name":"cube","rotation":{"angle":0.0,"axis":"x","origin":[7.421149,16.252735,3.4227545]},"to":[8.321149,16.492735,0.30275512]},{"faces":{"down":{"rotation":0,"texture":"#0","tintindex":0,"uv":[9.4375,8.03125,9.375,8.125]},"east":{"rotation":0,"texture":"#0","tintindex":0,"uv":[9.625,4.84375,9.71875,4.90625]},"north":{"rotation":0,"texture":"#0","tintindex":0,