{"textures":{"0":"modelengine:entity/nocsy_darkdragon_saddled_version"},"elements":[{"name":"cube","from":[4.4711056,6.885193,6.9488263],"to":[7.3511057,9.765194,9.828827],"rotation":{"angle":0.0,"axis":"x","origin":[13.860998,12.101927,15.313686]},"faces":{"down":{"uv":[2.59375,9.6875,2.46875,9.8125],"rotation":0,"texture":"#0","tintindex":0},"east":{"uv":[0.25,9.6875,0.375,9.8125],"rotation":0,"texture":"#0","tintindex":0},"north":{"uv":[0.125,9.6875,0.25,9.8125],"rotation":0,"texture":"#0","tintindex":0},"south":{"uv":[9.6875,0.875,9.8125,1.0],"rotation":0,"texture":"#0","tintindex":0},"up":{"uv":[9.8125,1.625,9.6875,1.5],"rotation":0,"texture":"#0","tintindex":0},"west":{"uv":[1.40625,9.6875,1.53125,9.8125],"rotation":0,"texture":"#0","tintindex":0}}},{"name":"cube","from":[4.831105,3.1828852,11.663452],"to":[6.991105,5.702886,14.183453],"rotation":{"angle":22.5,"axis":"x","origin":[9.630999,17.171928,25.303688]},"faces":{"down":{"uv":[9.8125,3.65625,9.6875,3.78125],"rotation":0,"texture":"#0","tintindex":0},"east":{"uv":[2.71875,9.6875,2.84375,9.8125],"rotation":0,"texture":"#0","tintindex":0},"north":{"uv":[2.59375,9.6875,2.71875,9.8125],"rotation":0,"texture":"#0","tintindex":0},"south":{"uv":[2.84375,9.6875,2.96875,9.8125],"rotation":0,"texture":"#0","tintindex":0},"up":{"uv":[9.8125,3.25,9.6875,3.125],"rotation":0,"texture":"#0","tintindex":0},"west":{"uv":[9.6875,3.0,9.8125,3.125],"rotation":0,"texture":"#0","tintindex":0}}},{"name":"cube","from":[4.9511056,1.4927868,17.421604],"to":[6.6311054,3.1727853,19.101604],"rotation":{"angle":45.0,"axis":"x","origin":[9.630999,17.171928,25.303688]},"faces":{"down":{"uv":[10.03125,3.34375,9.9375,3.4375],"rotation":0,"texture":"#0","tintindex":0},"east":{"uv":[9.9375,2.375,10.03125,2.46875],"rotation":0,"texture":"#0","tintindex":0},"north":{"uv":[9.9375,0.96875,10.03125,1.0625],"rotation":0,"texture":"#0","tintindex":0},"south":{"uv":[9.9375,2.46875,10.03125,2.5625],"rotation":0,"texture":"#0","tintindex":0},"up":{"uv":[3.0625,10.03125,2.96875,9.9375],"rotation":0,"texture":"#0","tintindex":0},"west":{"uv":[9.9375,2.5625,10.03125,2.65625],"rotation":0,"texture":"#0","tintindex":0}}},{"name":"cube","from":[5.1911054,11.685192,9.708828],"to":[6.3911057,14.085193,10.908827],"rotation":{"angle":0.0,"axis":"x","origin":[9.630999,17.171928,25.303688]},"faces":{"down":{"uv":[3.65625,9.9375,3.5625,10.03125],"rotation":0,"texture":"#0","tintindex":0},"east":{"uv":[2.5,9.8125,2.59375,9.96875],"rotation":0,"texture":"#0","tintindex":0},"north":{"uv":[2.40625,9.8125,2.5,9.96875],"rotation":0,"texture":"#0","tintindex":0},"south":{"uv":[2.59375,9.8125,2.6875,9.96875],"rotation":0,"texture":"#0","tintindex":0},"up":{"uv":[10.03125,3.53125,9.9375,3.4375],"rotation":0,"texture":"#0","tintindex":0},"west":{"uv":[2.6875,9.8125,2.78125,9.96875],"rotation":0,"texture":"#0","tintindex":0}}},{"name":"cube","from":[5.431105,20.44896,8.289335],"to":[6.151106,22.368961,9.009336],"rotation":{"angle":-22.5,"axis":"x","origin":[9.510998,21.731926,27.223686]},"faces":{"down":{"uv":[4.15625,9.9375,4.0625,10.03125],"rotation":0,"texture":"#0","tintindex":0},"east":{"uv":[2.875,9.8125,2.96875,9.96875],"rotation":0,"texture":"#0","tintindex":0},"north":{"uv":[2.78125,9.8125,2.875,9.96875],"rotation":0,"texture":"#0","tintindex":0},"south":{"uv":[9.8125,3.0,9.90625,3.15625],"rotation":0,"texture":"#0","tintindex":0},"up":{"uv":[10.03125,4.0,9.9375,3.90625],"rotation":0,"texture":"#0","tintindex":0},"west":{"uv":[5.46875,9.8125,5.5625,9.96875],"rotation":0,"texture":"#0","tintindex":0}}}],"display":{"head":{"translation":[0.0,-6.4,0.0],"rotation":[0.0,0.0,0.0],"scale":[3.8095,3.8095,3.8095]}}}