{"textures":{"0":"modelengine:entity/nocsy_dragon_saddled_version"},"elements":[{"name":"cube","from":[6.989003,7.3779726,-8.800002],"to":[9.389003,24.177975,-6.4000015],"rotation":{"angle":0.0,"axis":"x","origin":[8.824232,-12.363139,6.43441]},"faces":{"down":{"uv":[3.46875,9.625,3.34375,9.75],"rotation":0,"texture":"#0","tintindex":0},"east":{"uv":[5.125,7.84375,5.25,8.71875],"rotation":0,"texture":"#0","tintindex":0},"north":{"uv":[5.0,7.84375,5.125,8.71875],"rotation":0,"texture":"#0","tintindex":0},"south":{"uv":[5.25,7.84375,5.375,8.71875],"rotation":0,"texture":"#0","tintindex":0},"up":{"uv":[9.75,3.40625,9.625,3.28125],"rotation":0,"texture":"#0","tintindex":0},"west":{"uv":[5.625,7.84375,5.75,8.71875],"rotation":0,"texture":"#0","tintindex":0}}},{"name":"cube","from":[8.309003,-1.0220304,-8.800002],"to":[8.309003,25.377972,32.0],"rotation":{"angle":0.0,"axis":"x","origin":[8.824232,-12.363139,6.43441]},"faces":{"down":{"uv":[0.0,0.0,0.0,2.125],"rotation":0,"texture":"#0","tintindex":0},"east":{"uv":[4.0,2.75,6.125,4.125],"rotation":0,"texture":"#0","tintindex":0},"north":{"uv":[0.0,0.0,0.0,1.375],"rotation":0,"texture":"#0","tintindex":0},"south":{"uv":[0.0,0.0,0.0,1.375],"rotation":0,"texture":"#0","tintindex":0},"up":{"uv":[0.0,2.125,0.0,0.0],"rotation":0,"texture":"#0","tintindex":0},"west":{"uv":[4.0,4.125,6.125,5.5],"rotation":0,"texture":"#0","tintindex":0}}}],"display":{"head":{"translation":[0.0,-6.4,59.35119],"rotation":[0.0,0.0,0.0],"scale":[3.8095,3.8095,3.8095]}}}