{"display":{"head":{"rotation":[0.0,0.0,0.0],"scale":[3.8095,3.8095,3.8095],"translation":[0.0,-6.4,0.0]}},"elements":[{"faces":{"down":{"rotation":0,"texture":"#0","tintindex":0,"uv":[8.71875,2.0625,8.40625,2.3125]},"east":{"rotation":0,"texture":"#0","tintindex":0,"uv":[8.3125,9.1875,8.5625,9.3125]},"north":{"rotation":0,"texture":"#0","tintindex":0,"uv":[9.09375,0.75,9.40625,0.875]},"south":{"rotation":0,"texture":"#0","tintindex":0,"uv":[9.09375,1.6875,9.40625,1.8125]},"up":{"rotation":0,"texture":"#0","tintindex":0,"uv":[8.71875,2.0625,8.40625,1.8125]},"west":{"rotation":0,"texture":"#0","tintindex":0,"uv":[8.5625,9.1875,8.8125,9.3125]}},"from":[4.9939995,6.1616936,7.0817833],"name":"cube","rotation":{"angle":0.0,"axis":"x","origin":[7.3879995,10.398961,28.263577]},"to":[10.982,8.549694,11.869784]},{"faces":{"down":{"rotation":0,"texture":"#0","tintindex":0,"uv":[8.71875,2.5625,8.40625,2.8125]},"east":{"rotation":0,"texture":"#0","tintindex":0,"uv":[8.8125,9.1875,9.0625,9.3125]},"north":{"rotation":0,"texture":"#0","tintindex":0,"uv":[9.09375,1.8125,9.40625,1.9375]},"south":{"rotation":0,"texture":"#0","tintindex":0,"uv":[9.09375,1.9375,9.40625,2.0625]},"up":{"rotation":0,"texture":"#0","tintindex":0,"uv":[8.71875,2.5625,8.40625,2.3125]},"west":{"rotation":0,"texture":"#0","tintindex":0,"uv":[9.21875,0.875,9.46875,1.0]}},"from":[4.9939995,6.1616936,7.0817833],"name":"cube","rotation":{"angle":0.0,"axis":"x","origin":[7.3879995,10.398961,28.263577]},"to":[10.982,8.549694,11.869784]},{"faces":{"down":{"rotation":0,"texture":"#0","tintindex":0,"uv":[1.25,9.75,1.125,9.875]},"east":{"rotation":0,"texture":"#0","tintindex":0,"uv":[9.40625,5.3125,9.53125,5.5]},"north":{"rotation":0,"texture":"#0","tintindex":0,"uv":[9.40625,5.125,9.53125,5.3125]},"south":{"rotation":0,"texture":"#0","tintindex":0,"uv":[5.90625,9.40625,6.03125,9.59375]},"up":{"rotation":0,"texture":"#0","tintindex":0,"uv":[1.125,9.875,1.0,9.75]},"west":{"rotation":0,"texture":"#0","tintindex":0,"uv":[9.40625,6.0,9.53125,6.1875]}},"from":[9.667999,-9.149758,15.778735],"name":"cube","rotation":{"angle":45.0,"axis":"x","origin":[7.3879995,10.398961,28.263577]},"to":[12.068,-5.549758,18.178734]},{"faces":{"down":{"rotation":0,"texture":"#0","tintindex":0,"uv":[9.875,1.25,9.75,1.375]},"east":{"rotation":0,"texture":"#0","tintindex":0,"uv":[7.5,9.40625,7.625,9.59375]},"north":{"rotation":0,"texture":"#0","tintindex":0,"uv":[6.5,9.40625,6.625,9.59375]},"south":{"rotation":0,"texture":"#0","tintindex":0,"uv":[9.40625,8.84375,9.53125,9.03125]},"up":{"rotation":0,"texture":"#0","tintindex":0,"uv":[1.375,9.875,1.25,9.75]},"west":{"rotation":0,"texture":"#0","tintindex":0,"uv":[9.4375,0.0,9.5625,0.1875]}},"from":[6.9079995,-9.149758,15.778735],"name":"cube","rotation":{"angle":45.0,"axis":"x","origin":[7.3879995,10.398961,28.263577]},"to":[9.308,-5.549758,18.178734]},{"faces":{"down":{"rotation":0,"texture":"#0","tintindex":0,"uv":[1.78125,9.75,1.65625,9.875]},"east":{"rotation":0,"texture":"#0","tintindex":0,"uv":[1.03125,9.4375,1.15625,9.625]},"north":{"rotation":0,"texture":"#0","tintindex":0,"uv":[0.90625,9.4375,1.03125,9.625]},"south":{"rotation":0,"texture":"#0","tintindex":0,"uv":[1.15625,9.4375,1.28125,9.625]},"up":{"rotation":0,"texture":"#0","tintindex":0,"uv":[9.875,1.5,9.75,1.375]},"west":{"rotation":0,"texture":"#0","tintindex":0,"uv":[1.28125,9.4375,1.40625,9.625]}},"from":[3.7879996,-9.149758,15.778735],"name":"cube","rotation":{"angle":45.0,"axis":"x","origin":[7.3879995,10.398961,28.263577]},"to":[6.1879997,-5.549758,18.178734]},{"faces":{"down":{"rotation":0,"texture":"#0","tintindex":0,"uv":[2.46875,9.96875,2.375,10.0625]},"east":{"rotation":0,"texture":"#0","tintindex":0,"uv":[8.25,1.5,8.34375,1.6875]},"north":{"rotation":0,"texture":"#0","tintindex":0,"uv":[5.5,7.0625,5.59375,7.25]},"south":{"rotation":0,"texture":"#0","tintindex":0,"uv":[6.125,8.53125,6.21875,8.71875]},"up":{"rotation":0,"texture":"#0","tintindex":0,"uv":[2.375,10.0625,2.28125,9.96875]},"west":{"rotation":0,"texture":"#0","tintindex":0,"uv":[4.15625,9.46875,4.25,9.65625]}},"from":[7.2679996,-5.625231,9.590663],"name":"cube","rotation":{"angle":22.5,"axis":"x","origin":[7.3879995,10.398961,28.263577]},"to":[8.948,-2.1452303,11.270664]},{"faces":{"down":{"rotation":0,"texture":"#0","tintindex":0,"uv":[2.65625,9.96875,2.5625,10.0625]},"east":{"rotation":0,"texture":"#0","tintindex":0,"uv":[9.5,9.09375,9.59375,9.28125]},"north":{"rotation":0,"texture":"#0","tintindex":0,"uv":[7.75,9.5,7.84375,9.6875]},"south":{"rotation":0,"texture":"#0","tintindex":0,"uv":[9.53125,0.5,9.625,0.6875]},"up":{"rotation":0,"texture":"#0","tintindex":0,"uv":[2.5625,10.0625,2.46875,9.96875]},"west":{"rotation":0,"texture":"#0","tintindex":0,"uv":[0.71875,9.53125,0.8125,9.71875]}},"from":[10.028,-5.625231,9.590663],"name":"cube","rotation":{"angle":22.5,"axis":"x","origin":[7.3879995,10.398961,28.263577]},"to":[11.708,-2.1452303,11.270664]},{"faces":{"down":{"rotation":0,"texture":"#0","tintindex":0,"uv":[2.84375,9.96875,2.75,10.0625]},"east":{"rotation":0,"texture":"#0","tintindex":0,"uv":[1.53125,9.53125,1.625,9.71875]},"north":{"rotation":0,"texture":"#0","tintindex":0,"uv":[0.8125,9.53125,0.90625,9.71875]},"south":{"rotation":0,"texture":"#0","tintindex":0,"uv":[1.625,9.53125,1.71875,9.71875]},"up":{"rotation":0,"texture":"#0","tintindex":0,"uv":[2.75,10.0625,2.65625,9.96875]},"west":{"rotation":0,"texture":"#0","tintindex":0,"uv":[9.53125,1.8125,9.625,2.0]}},"from":[4.1479993,-5.625231,9.590663],"name":"cube","rotation":{"angle":22.5,"axis":"x","origin":[7.3879995,10.398961,28.263577]},"to":[5.827999,-2.1452303,11.270664]},{"faces":{"down":{"rotation":0,"texture":"#0","tintindex":0,"uv":[0.0,0.0,0.0,0.1875]},"east":{"rotation":0,"texture":"#0","tintindex":0,"uv":[9.0,6.25,9.1875,6.46875]},"north":{"rotation":0,"texture":"#0","tintindex":0,"uv":[0.0,0.0,0.0,0.21875]},"south":{"rotation":0,"texture":"#0","tintindex":0,"uv":[0.0,0.0,0.0,0.21875]},"up":{"rotation":0,"texture":"#0","tintindex":0,"uv":[0.0,0.1875,0.0,0.0]},"west":{"rotation":0,"texture":"#0","tintindex":0,"uv":[0.6875,9.03125,0.875,9.25]}},"from":[5.1079993,-9.705231,9.230663],"name":"cube","rotation":{"angle":22.5,"axis":"x","origin":[7.3879995,10.398961,28.263577]},"to":[5.1079993,-5.505231,12.830664]},{"faces":{"down":{"rotation":0,"texture":"#0","tintindex":0,"uv":[0.0,0.0,0.0,0.1875]},"east":{"rotation":0,"texture":"#0","tintindex":0,"uv":[0.875,9.03125,1.0625,9.25]},"north":{"rotation":0,"texture":"#0","tintindex":0,"uv":[0.0,0.0,0.0,0.21875]},"south":{"rotation":0,"texture":"#0","tintindex":0,"uv":[0.0,0.0,0.0,0.21875]},"up":{"rotation":0,"texture":"#0","tintindex":0,"uv":[0.0,0.1875,0.0,0.0]},"west":{"rotation":0,"texture":"#0","tintindex":0,"uv":[9.03125,2.9375,9.21875,3.15625]}},"from":[8.108,-9.705231,9.230663],"name":"cube","rotation":{"angle":22.5,"axis":"x","origin":[7.3879995,10.398961,28.263577]},"to":[8.108,-5.505231,12.830664]},{"faces":{"down":{"rotation":0,"texture":"#0","tintindex":0,"uv":[0.0,0.0,0.0,0.1875]},"east":{"rotation":0,"texture":"#0","tintindex":0,"uv":[9.03125,6.46875,9.21875,6.6875]},"north":{"rotation":0,"texture":"#0","tintindex":0,"uv":[0.0,0.0,0.0,0.21875]},"south":{"rotation":0,"texture":"#0","tintindex":0,"uv":[0.0,0.0,0.0,0.21875]},"up":{"rotation":0,"texture":"#0","tintindex":0,"uv":[0.0,0.1875,0.0,0.0]},"west":{"rotation":0,"texture":"#0","tintindex":0,"uv":[7.53125,9.03125,7.71875,9.25]}},"from":[10.868,-9.705231,9.230663],"name":"cube","rotation":{"angle":22.5,"axis":"x","origin":[7.3879995,10.398961,28.263577]},"to":[10.868,-5.505231,12.830664]}],"textures":{"0":"modelengine:entity/nocsy_darkdragon_saddled_version"}}