{"display":{"head":{"rotation":[0.0,0.0,0.0],"scale":[3.8095,3.8095,3.8095],"translation":[0.0,-6.4,0.0]}},"elements":[{"faces":{"down":{"rotation":0,"texture":"#0","tintindex":0,"uv":[9.21875,7.84375,8.96875,8.03125]},"east":{"rotation":0,"texture":"#0","tintindex":0,"uv":[4.28125,8.96875,4.46875,9.21875]},"north":{"rotation":0,"texture":"#0","tintindex":0,"uv":[1.125,8.6875,1.375,8.9375]},"south":{"rotation":0,"texture":"#0","tintindex":0,"uv":[1.375,8.6875,1.625,8.9375]},"up":{"rotation":0,"texture":"#0","tintindex":0,"uv":[9.21875,7.84375,8.96875,7.65625]},"west":{"rotation":0,"texture":"#0","tintindex":0,"uv":[8.96875,6.0,9.15625,6.25]}},"from":[5.4466667,9.717016,11.149633],"name":"cube","rotation":{"angle":-22.5,"axis":"x","origin":[7.846667,-6.951994,19.993954]},"to":[10.246667,14.517015,14.749634]},{"faces":{"down":{"rotation":0,"texture":"#0","tintindex":0,"uv":[5.21875,9.4375,5.09375,9.625]},"east":{"rotation":0,"texture":"#0","tintindex":0,"uv":[9.40625,5.78125,9.59375,5.90625]},"north":{"rotation":0,"texture":"#0","tintindex":0,"uv":[9.75,5.46875,9.875,5.59375]},"south":{"rotation":0,"texture":"#0","tintindex":0,"uv":[5.59375,9.75,5.71875,9.875]},"up":{"rotation":0,"texture":"#0","tintindex":0,"uv":[5.09375,9.625,4.96875,9.4375]},"west":{"rotation":0,"texture":"#0","tintindex":0,"uv":[9.4375,3.28125,9.625,3.40625]}},"from":[8.566667,13.317016,9.949635],"name":"cube","rotation":{"angle":-22.5,"axis":"x","origin":[7.846667,-6.951994,19.993954]},"to":[10.966667,15.717016,13.549634]},{"faces":{"down":{"rotation":0,"texture":"#0","tintindex":0,"uv":[5.46875,9.4375,5.34375,9.625]},"east":{"rotation":0,"texture":"#0","tintindex":0,"uv":[9.4375,3.9375,9.625,4.0625]},"north":{"rotation":0,"texture":"#0","tintindex":0,"uv":[9.75,5.8125,9.875,5.9375]},"south":{"rotation":0,"texture":"#0","tintindex":0,"uv":[9.75,5.9375,9.875,6.0625]},"up":{"rotation":0,"texture":"#0","tintindex":0,"uv":[5.34375,9.625,5.21875,9.4375]},"west":{"rotation":0,"texture":"#0","tintindex":0,"uv":[9.4375,4.71875,9.625,4.84375]}},"from":[4.8466663,13.317016,9.949635],"name":"cube","rotation":{"angle":-22.5,"axis":"x","origin":[7.846667,-6.951994,19.993954]},"to":[7.246667,15.717016,13.549634]},{"faces":{"down":{"rotation":0,"texture":"#0","tintindex":0,"uv":[6.46875,9.84375,6.375,10.0]},"east":{"rotation":0,"texture":"#0","tintindex":0,"uv":[9.84375,4.84375,10.0,4.9375]},"north":{"rotation":0,"texture":"#0","tintindex":0,"uv":[9.96875,6.125,10.0625,6.21875]},"south":{"rotation":0,"texture":"#0","tintindex":0,"uv":[6.21875,9.96875,6.3125,10.0625]},"up":{"rotation":0,"texture":"#0","tintindex":0,"uv":[5.90625,10.0,5.8125,9.84375]},"west":{"rotation":0,"texture":"#0","tintindex":0,"uv":[9.84375,5.6875,10.0,5.78125]}},"from":[5.206667,10.429235,14.844087],"name":"cube","rotation":{"angle":-45.0,"axis":"x","origin":[6.046667,-6.511235,12.277936]},"to":[6.8866663,12.109237,17.724087]},{"faces":{"down":{"rotation":0,"texture":"#0","tintindex":0,"uv":[0.0,0.0,0.0,0.25]},"east":{"rotation":0,"texture":"#0","tintindex":0,"uv":[1.625,8.6875,1.875,8.9375]},"north":{"rotation":0,"texture":"#0","tintindex":0,"uv":[0.0,0.0,0.0,0.25]},"south":{"rotation":0,"texture":"#0","tintindex":0,"uv":[0.0,0.0,0.0,0.25]},"up":{"rotation":0,"texture":"#0","tintindex":0,"uv":[0.0,0.25,0.0,0.0]},"west":{"rotation":0,"texture":"#0","tintindex":0,"uv":[2.21875,8.6875,2.46875,8.9375]}},"from":[6.166667,8.209236,10.344087],"name":"cube","rotation":{"angle":-45.0,"axis":"x","origin":[6.046667,-6.511235,12.277936]},"to":[6.166667,13.009236,15.144087]},{"faces":{"down":{"rotation":0,"texture":"#0","tintindex":0,"uv":[0.0,0.0,0.0,0.25]},"east":{"rotation":0,"texture":"#0","tintindex":0,"uv":[2.46875,8.6875,2.71875,8.9375]},"north":{"rotation":0,"texture":"#0","tintindex":0,"uv":[0.0,0.0,0.0,0.25]},"south":{"rotation":0,"texture":"#0","tintindex":0,"uv":[0.0,0.0,0.0,0.25]},"up":{"rotation":0,"texture":"#0","tintindex":0,"uv":[0.0,0.25,0.0,0.0]},"west":{"rotation":0,"texture":"#0","tintindex":0,"uv":[2.71875,8.6875,2.96875,8.9375]}},"from":[9.946667,8.209236,10.344087],"name":"cube","rotation":{"angle":-45.0,"axis":"x","origin":[6.046667,-6.511235,12.277936]},"to":[9.946667,13.009236,15.144087]},{"faces":{"down":{"rotation":0,"texture":"#0","tintindex":0,"uv":[0.0,0.0,0.0,0.25]},"east":{"rotation":0,"texture":"#0","tintindex":0,"uv":[2.96875,8.6875,3.21875,8.9375]},"north":{"rotation":0,"texture":"#0","tintindex":0,"uv":[0.0,0.0,0.0,0.25]},"south":{"rotation":0,"texture":"#0","tintindex":0,"uv":[0.0,0.0,0.0,0.25]},"up":{"rotation":0,"texture":"#0","tintindex":0,"uv":[0.0,0.25,0.0,0.0]},"west":{"rotation":0,"texture":"#0","tintindex":0,"uv":[8.6875,4.28125,8.9375,4.53125]}},"from":[8.326667,4.7577744,4.6936164],"name":"cube","rotation":{"angle":-22.5,"axis":"x","origin":[6.046667,-6.511235,12.277936]},"to":[8.326667,9.557775,9.493616]},{"faces":{"down":{"rotation":0,"texture":"#0","tintindex":0,"uv":[9.21875,9.84375,9.125,10.0]},"east":{"rotation":0,"texture":"#0","tintindex":0,"uv":[9.84375,6.5625,10.0,6.65625]},"north":{"rotation":0,"texture":"#0","tintindex":0,"uv":[9.96875,6.21875,10.0625,6.3125]},"south":{"rotation":0,"texture":"#0","tintindex":0,"uv":[9.96875,6.3125,10.0625,6.40625]},"up":{"rotation":0,"texture":"#0","tintindex":0,"uv":[9.9375,8.59375,9.84375,8.4375]},"west":{"rotation":0,"texture":"#0","tintindex":0,"uv":[7.34375,9.84375,7.5,9.9375]}},"from":[9.046667,10.429235,14.844087],"name":"cube","rotation":{"angle":-45.0,"axis":"x","origin":[6.046667,-6.511235,12.277936]},"to":[10.726667,12.109237,17.724087]},{"faces":{"down":{"rotation":0,"texture":"#0","tintindex":0,"uv":[9.5625,6.1875,9.4375,6.375]},"east":{"rotation":0,"texture":"#0","tintindex":0,"uv":[5.46875,9.4375,5.65625,9.5625]},"north":{"rotation":0,"texture":"#0","tintindex":0,"uv":[6.125,9.75,6.25,9.875]},"south":{"rotation":0,"texture":"#0","tintindex":0,"uv":[6.25,9.75,6.375,9.875]},"up":{"rotation":0,"texture":"#0","tintindex":0,"uv":[5.78125,9.625,5.65625,9.4375]},"west":{"rotation":0,"texture":"#0","tintindex":0,"uv":[6.03125,9.4375,6.21875,9.5625]}},"from":[6.7666664,8.637016,9.949635],"name":"cube","rotation":{"angle":-22.5,"axis":"x","origin":[7.846667,-6.951994,19.993954]},"to":[9.166667,11.037016,13.549634]}],"textures":{"0":"modelengine:entity/nocsy_darkdragon_saddled_version"}}