{"textures":{"0":"modelengine:entity/nocsy_darkdragon_saddled_version"},"elements":[{"name":"cube","from":[5.4466667,9.717016,11.149633],"to":[10.246667,14.517015,14.749634],"rotation":{"angle":-22.5,"axis":"x","origin":[7.846667,-6.951994,19.993954]},"faces":{"down":{"uv":[9.21875,7.84375,8.96875,8.03125],"rotation":0,"texture":"#0","tintindex":0},"east":{"uv":[4.28125,8.96875,4.46875,9.21875],"rotation":0,"texture":"#0","tintindex":0},"north":{"uv":[1.125,8.6875,1.375,8.9375],"rotation":0,"texture":"#0","tintindex":0},"south":{"uv":[1.375,8.6875,1.625,8.9375],"rotation":0,"texture":"#0","tintindex":0},"up":{"uv":[9.21875,7.84375,8.96875,7.65625],"rotation":0,"texture":"#0","tintindex":0},"west":{"uv":[8.96875,6.0,9.15625,6.25],"rotation":0,"texture":"#0","tintindex":0}}},{"name":"cube","from":[8.566667,13.317016,9.949635],"to":[10.966667,15.717016,13.549634],"rotation":{"angle":-22.5,"axis":"x","origin":[7.846667,-6.951994,19.993954]},"faces":{"down":{"uv":[5.21875,9.4375,5.09375,9.625],"rotation":0,"texture":"#0","tintindex":0},"east":{"uv":[9.40625,5.78125,9.59375,5.90625],"rotation":0,"texture":"#0","tintindex":0},"north":{"uv":[9.75,5.46875,9.875,5.59375],"rotation":0,"texture":"#0","tintindex":0},"south":{"uv":[5.59375,9.75,5.71875,9.875],"rotation":0,"texture":"#0","tintindex":0},"up":{"uv":[5.09375,9.625,4.96875,9.4375],"rotation":0,"texture":"#0","tintindex":0},"west":{"uv":[9.4375,3.28125,9.625,3.40625],"rotation":0,"texture":"#0","tintindex":0}}},{"name":"cube","from":[4.8466663,13.317016,9.949635],"to":[7.246667,15.717016,13.549634],"rotation":{"angle":-22.5,"axis":"x","origin":[7.846667,-6.951994,19.993954]},"faces":{"down":{"uv":[5.46875,9.4375,5.34375,9.625],"rotation":0,"texture":"#0","tintindex":0},"east":{"uv":[9.4375,3.9375,9.625,4.0625],"rotation":0,"texture":"#0","tintindex":0},"north":{"uv":[9.75,5.8125,9.875,5.9375],"rotation":0,"texture":"#0","tintindex":0},"south":{"uv":[9.75,5.9375,9.875,6.0625],"rotation":0,"texture":"#0","tintindex":0},"up":{"uv":[5.34375,9.625,5.21875,9.4375],"rotation":0,"texture":"#0","tintindex":0},"west":{"uv":[9.4375,4.71875,9.625,4.84375],"rotation":0,"texture":"#0","tintindex":0}}},{"name":"cube","from":[5.206667,10.429235,14.844087],"to":[6.8866663,12.109237,17.724087],"rotation":{"angle":-45.0,"axis":"x","origin":[6.046667,-6.511235,12.277936]},"faces":{"down":{"uv":[6.46875,9.84375,6.375,10.0],"rotation":0,"texture":"#0","tintindex":0},"east":{"uv":[9.84375,4.84375,10.0,4.9375],"rotation":0,"texture":"#0","tintindex":0},"north":{"uv":[9.96875,6.125,10.0625,6.21875],"rotation":0,"texture":"#0","tintindex":0},"south":{"uv":[6.21875,9.96875,6.3125,10.0625],"rotation":0,"texture":"#0","tintindex":0},"up":{"uv":[5.90625,10.0,5.8125,9.84375],"rotation":0,"texture":"#0","tintindex":0},"west":{"uv":[9.84375,5.6875,10.0,5.78125],"rotation":0,"texture":"#0","tintindex":0}}},{"name":"cube","from":[6.166667,8.209236,10.344087],"to":[6.166667,13.009236,15.144087],"rotation":{"angle":-45.0,"axis":"x","origin":[6.046667,-6.511235,12.277936]},"faces":{"down":{"uv":[0.0,0.0,0.0,0.25],"rotation":0,"texture":"#0","tintindex":0},"east":{"uv":[1.625,8.6875,1.875,8.9375],"rotation":0,"texture":"#0","tintindex":0},"north":{"uv":[0.0,0.0,0.0,0.25],"rotation":0,"texture":"#0","tintindex":0},"south":{"uv":[0.0,0.0,0.0,0.25],"rotation":0,"texture":"#0","tintindex":0},"up":{"uv":[0.0,0.25,0.0,0.0],"rotation":0,"texture":"#0","tintindex":0},"west":{"uv":[2.21875,8.6875,2.46875,8.9375],"rotation":0,"texture":"#0","tintindex":0}}},{"name":"cube","from":[9.946667,8.209236,10.344087],"to":[9.946667,13.009236,15.144087],"rotation":{"angle":-45.0,"axis":"x","origin":[6.046667,-6.511235,12.277936]},"faces":{"down":{"uv":[0.0,0.0,0.0,0.25],"rotation":0,"texture":"#0","tintindex":0},"east":{"uv":[2.46875,8.6875,2.71875,8.9375],"rotation":0,"texture":"#0","tintindex":0},"north":{"uv":[0.0,0.0,0.0,0.25],"rotation":0,"texture":"#0","tintindex":0},"south":{"uv":[0.0,0.0,0.0,0.25],"rotation":0,"texture":"#0","tintindex":0},"up":{"uv":[0.0,0.25,0.0,0.0],"rotation":0,"texture":"#0","tintindex":0},"west":{"uv":[2.71875,8.6875,2.96875,8.9375],"rotation":0,"texture":"#0","tintindex":0}}},{"name":"cube","from":[8.326667,4.7577744,4.6936164],"to":[8.326667,9.557775,9.493616],"rotation":{"angle":-22.5,"axis":"x","origin":[6.046667,-6.511235,12.277936]},"faces":{"down":{"uv":[0.0,0.0,0.0,0.25],"rotation":0,"texture":"#0","tintindex":0},"east":{"uv":[2.96875,8.6875,3.21875,8.9375],"rotation":0,"texture":"#0","tintindex":0},"north":{"uv":[0.0,0.0,0.0,0.25],"rotation":0,"texture":"#0","tintindex":0},"south":{"uv":[0.0,0.0,0.0,0.25],"rotation":0,"texture":"#0","tintindex":0},"up":{"uv":[0.0,0.25,0.0,0.0],"rotation":0,"texture":"#0","tintindex":0},"west":{"uv":[8.6875,4.28125,8.9375,4.53125],"rotation":0,"texture":"#0","tintindex":0}}},{"name":"cube","from":[9.046667,10.429235,14.844087],"to":[10.726667,12.109237,17.724087],"rotation":{"angle":-45.0,"axis":"x","origin":[6.046667,-6.511235,12.277936]},"faces":{"down":{"uv":[9.21875,9.84375,9.125,10.0],"rotation":0,"texture":"#0","tintindex":0},"east":{"uv":[9.84375,6.5625,10.0,6.65625],"rotation":0,"texture":"#0","tintindex":0},"north":{"uv":[9.96875,6.21875,10.0625,6.3125],"rotation":0,"texture":"#0","tintindex":0},"south":{"uv":[9.96875,6.3125,10.0625,6.40625],"rotation":0,"texture":"#0","tintindex":0},"up":{"uv":[9.9375,8.59375,9.84375,8.4375],"rotation":0,"texture":"#0","tintindex":0},"west":{"uv":[7.34375,9.84375,7.5,9.9375],"rotation":0,"texture":"#0","tintindex":0}}},{"name":"cube","from":[6.7666664,8.637016,9.949635],"to":[9.166667,11.037016,13.549634],"rotation":{"angle":-22.5,"axis":"x","origin":[7.846667,-6.951994,19.993954]},"faces":{"down":{"uv":[9.5625,6.1875,9.4375,6.375],"rotation":0,"texture":"#0","tintindex":0},"east":{"uv":[5.46875,9.4375,5.65625,9.5625],"rotation":0,"texture":"#0","tintindex":0},"north":{"uv":[6.125,9.75,6.25,9.875],"rotation":0,"texture":"#0","tintindex":0},"south":{"uv":[6.25,9.75,6.375,9.875],"rotation":0,"texture":"#0","tintindex":0},"up":{"uv":[5.78125,9.625,5.65625,9.4375],"rotation":0,"texture":"#0","tintindex":0},"west":{"uv":[6.03125,9.4375,6.21875,9.5625],"rotation":0,"texture":"#0","tintindex":0}}}],"display":{"head":{"translation":[0.0,-6.4,0.0],"rotation":[0.0,0.0,0.0],"scale":[3.8095,3.8095,3.8095]}}}