{"textures":{"0":"modelengine:entity/nocsy_dragon_saddled_version"},"elements":[{"name":"cube","from":[5.6,2.6000009,-1.480001],"to":[10.4,8.6,4.519999],"rotation":{"angle":0.0,"axis":"x","origin":[6.8,5.6,0.9199991]},"faces":{"down":{"uv":[7.09375,8.375,6.84375,8.6875],"rotation":0,"texture":"#0","tintindex":0},"east":{"uv":[8.09375,2.28125,8.40625,2.59375],"rotation":0,"texture":"#0","tintindex":0},"north":{"uv":[8.34375,1.5,8.59375,1.8125],"rotation":0,"texture":"#0","tintindex":0},"south":{"uv":[8.375,3.75,8.625,4.0625],"rotation":0,"texture":"#0","tintindex":0},"up":{"uv":[6.84375,8.6875,6.59375,8.375],"rotation":0,"texture":"#0","tintindex":0},"west":{"uv":[8.09375,2.59375,8.40625,2.90625],"rotation":0,"texture":"#0","tintindex":0}}},{"name":"cube","from":[8.0,6.2,-1.480001],"to":[8.0,13.400001,6.919999],"rotation":{"angle":0.0,"axis":"x","origin":[6.8,5.6,0.9199991]},"faces":{"down":{"uv":[0.0,0.0,0.0,0.4375],"rotation":0,"texture":"#0","tintindex":0},"east":{"uv":[7.3125,3.8125,7.75,4.1875],"rotation":0,"texture":"#0","tintindex":0},"north":{"uv":[0.0,0.0,0.0,0.375],"rotation":0,"texture":"#0","tintindex":0},"south":{"uv":[0.0,0.0,0.0,0.375],"rotation":0,"texture":"#0","tintindex":0},"up":{"uv":[0.0,0.4375,0.0,0.0],"rotation":0,"texture":"#0","tintindex":0},"west":{"uv":[7.3125,4.1875,7.75,4.5625],"rotation":0,"texture":"#0","tintindex":0}}},{"name":"cube","from":[5.612,5.6120014,-2.1880002],"to":[10.3880005,9.188001,3.7879996],"rotation":{"angle":22.5,"axis":"x","origin":[8.0,6.2,0.7999997]},"faces":{"down":{"uv":[8.65625,0.5625,8.40625,0.875],"rotation":0,"texture":"#0","tintindex":0},"east":{"uv":[8.78125,8.875,9.09375,9.0625],"rotation":0,"texture":"#0","tintindex":0},"north":{"uv":[3.59375,8.96875,3.84375,9.15625],"rotation":0,"texture":"#0","tintindex":0},"south":{"uv":[3.84375,8.96875,4.09375,9.15625],"rotation":0,"texture":"#0","tintindex":0},"up":{"uv":[8.625,7.53125,8.375,7.21875],"rotation":0,"texture":"#0","tintindex":0},"west":{"uv":[8.90625,1.5,9.21875,1.6875],"rotation":0,"texture":"#0","tintindex":0}}},{"name":"cube","from":[5.0,2.000001,2.96],"to":[11.0,8.0,8.96],"rotation":{"angle":0.0,"axis":"x","origin":[7.4,5.6,0.9199991]},"faces":{"down":{"uv":[8.46875,4.0625,8.15625,4.375],"rotation":0,"texture":"#0","tintindex":0},"east":{"uv":[8.125,5.75,8.4375,6.0625],"rotation":0,"texture":"#0","tintindex":0},"north":{"uv":[8.125,5.4375,8.4375,5.75],"rotation":0,"texture":"#0","tintindex":0},"south":{"uv":[8.125,7.78125,8.4375,8.09375],"rotation":0,"texture":"#0","tintindex":0},"up":{"uv":[8.46875,0.3125,8.15625,0.0],"rotation":0,"texture":"#0","tintindex":0},"west":{"uv":[8.125,8.09375,8.4375,8.40625],"rotation":0,"texture":"#0","tintindex":0}}},{"name":"cube","from":[5.06,2.6600013,4.2200003],"to":[10.940001,6.74,10.1],"rotation":{"angle":0.0,"axis":"x","origin":[7.4,5.6,0.9199991]},"faces":{"down":{"uv":[8.5,6.90625,8.1875,7.21875],"rotation":0,"texture":"#0","tintindex":0},"east":{"uv":[8.625,7.28125,8.9375,7.5],"rotation":0,"texture":"#0","tintindex":0},"north":{"uv":[8.59375,1.5,8.90625,1.71875],"rotation":0,"texture":"#0","tintindex":0},"south":{"uv":[8.65625,0.5625,8.96875,0.78125],"rotation":0,"texture":"#0","tintindex":0},"up":{"uv":[8.46875,6.6875,8.15625,6.375],"rotation":0,"texture":"#0","tintindex":0},"west":{"uv":[7.96875,8.65625,8.28125,8.875],"rotation":0,"texture":"#0","tintindex":0}}}],"display":{"head":{"translation":[0.0,-6.4,0.0],"rotation":[0.0,0.0,0.0],"scale":[3.8095,3.8095,3.8095]}}}