{"textures":{"0":"modelengine:entity/nocsy_dragon_saddled_version"},"elements":[{"name":"cube","from":[7.328617,-3.565662,7.6280193],"to":[10.208617,-0.68566036,10.5080185],"rotation":{"angle":0.0,"axis":"x","origin":[8.696617,-3.278923,12.211615]},"faces":{"down":{"uv":[7.34375,9.75,7.21875,9.875],"rotation":0,"texture":"#0","tintindex":0},"east":{"uv":[9.75,6.6875,9.875,6.8125],"rotation":0,"texture":"#0","tintindex":0},"north":{"uv":[9.75,6.28125,9.875,6.40625],"rotation":0,"texture":"#0","tintindex":0},"south":{"uv":[9.75,7.0,9.875,7.125],"rotation":0,"texture":"#0","tintindex":0},"up":{"uv":[9.875,7.25,9.75,7.125],"rotation":0,"texture":"#0","tintindex":0},"west":{"uv":[7.09375,9.75,7.21875,9.875],"rotation":0,"texture":"#0","tintindex":0}}},{"name":"cube","from":[7.6886168,-4.538009,9.523288],"to":[9.848618,-2.0180097,12.043288],"rotation":{"angle":22.5,"axis":"x","origin":[8.696617,-3.278923,12.211615]},"faces":{"down":{"uv":[9.875,8.71875,9.75,8.84375],"rotation":0,"texture":"#0","tintindex":0},"east":{"uv":[9.75,7.375,9.875,7.5],"rotation":0,"texture":"#0","tintindex":0},"north":{"uv":[9.75,7.25,9.875,7.375],"rotation":0,"texture":"#0","tintindex":0},"south":{"uv":[7.9375,9.75,8.0625,9.875],"rotation":0,"texture":"#0","tintindex":0},"up":{"uv":[9.875,8.25,9.75,8.125],"rotation":0,"texture":"#0","tintindex":0},"west":{"uv":[8.0625,9.75,8.1875,9.875],"rotation":0,"texture":"#0","tintindex":0}}},{"name":"cube","from":[7.808617,-4.1892447,11.710334],"to":[9.488617,-2.509244,13.390334],"rotation":{"angle":45.0,"axis":"x","origin":[8.696617,-3.278923,12.211615]},"faces":{"down":{"uv":[10.0625,6.84375,9.96875,6.9375],"rotation":0,"texture":"#0","tintindex":0},"east":{"uv":[6.53125,9.96875,6.625,10.0625],"rotation":0,"texture":"#0","tintindex":0},"north":{"uv":[9.96875,6.40625,10.0625,6.5],"rotation":0,"texture":"#0","tintindex":0},"south":{"uv":[6.625,9.96875,6.71875,10.0625],"rotation":0,"texture":"#0","tintindex":0},"up":{"uv":[6.90625,10.0625,6.8125,9.96875],"rotation":0,"texture":"#0","tintindex":0},"west":{"uv":[6.71875,9.96875,6.8125,10.0625],"rotation":0,"texture":"#0","tintindex":0}}},{"name":"cube","from":[8.048616,-4.64566,12.42802],"to":[9.248617,-3.445661,14.828019],"rotation":{"angle":0.0,"axis":"x","origin":[8.696617,-3.278923,12.211615]},"faces":{"down":{"uv":[9.96875,0.09375,9.875,0.25],"rotation":0,"texture":"#0","tintindex":0},"east":{"uv":[9.84375,8.59375,10.0,8.6875],"rotation":0,"texture":"#0","tintindex":0},"north":{"uv":[6.90625,9.96875,7.0,10.0625],"rotation":0,"texture":"#0","tintindex":0},"south":{"uv":[9.96875,6.9375,10.0625,7.03125],"rotation":0,"texture":"#0","tintindex":0},"up":{"uv":[9.3125,10.0,9.21875,9.84375],"rotation":0,"texture":"#0","tintindex":0},"west":{"uv":[9.84375,9.09375,10.0,9.1875],"rotation":0,"texture":"#0","tintindex":0}}},{"name":"cube","from":[8.048616,-4.907771,13.164095],"to":[8.768618,-4.187772,15.084094],"rotation":{"angle":-22.5,"axis":"x","origin":[8.456617,-2.8589225,11.731615]},"faces":{"down":{"uv":[0.96875,9.875,0.875,10.03125],"rotation":0,"texture":"#0","tintindex":0},"east":{"uv":[9.875,0.375,10.03125,0.46875],"rotation":0,"texture":"#0","tintindex":0},"north":{"uv":[7.0,9.96875,7.09375,10.0625],"rotation":0,"texture":"#0","tintindex":0},"south":{"uv":[9.96875,7.03125,10.0625,7.125],"rotation":0,"texture":"#0","tintindex":0},"up":{"uv":[0.46875,10.03125,0.375,9.875],"rotation":0,"texture":"#0","tintindex":0},"west":{"uv":[9.875,0.46875,10.03125,0.5625],"rotation":0,"texture":"#0","tintindex":0}}},{"name":"cube","from":[5.6,3.7005153,3.8671029],"to":[10.4,12.100516,12.267103],"rotation":{"angle":0.0,"axis":"x","origin":[-0.40000033,-9.9401,14.200988]},"faces":{"down":{"uv":[8.21875,5.0,7.96875,5.4375],"rotation":0,"texture":"#0","tintindex":0},"east":{"uv":[7.03125,7.125,7.46875,7.5625],"rotation":0,"texture":"#0","tintindex":0},"north":{"uv":[7.96875,1.84375,8.21875,2.28125],"rotation":0,"texture":"#0","tintindex":0},"south":{"uv":[7.96875,2.9375,8.21875,3.375],"rotation":0,"texture":"#0","tintindex":0},"up":{"uv":[8.21875,5.0,7.96875,4.5625],"rotation":0,"texture":"#0","tintindex":0},"west":{"uv":[7.15625,2.5625,7.59375,3.0],"rotation":0,"texture":"#0","tintindex":0}}},{"name":"cube","from":[5.6,-7.540303,-1.569222],"to":[9.2,-0.34030342,4.4307775],"rotation":{"angle":22.5,"axis":"x","origin":[7.4,-15.220099,18.40099]},"faces":{"down":{"uv":[0.1875,8.9375,0.0,9.25],"rotation":0,"texture":"#0","tintindex":0},"east":{"uv":[7.65625,5.875,7.96875,6.25],"rotation":0,"texture":"#0","tintindex":0},"north":{"uv":[0.75,8.65625,0.9375,9.03125],"rotation":0,"texture":"#0","tintindex":0},"south":{"uv":[0.9375,8.65625,1.125,9.03125],"rotation":0,"texture":"#0","tintindex":0},"up":{"uv":[7.9375,9.21875,7.75,8.90625],"rotation":0,"texture":"#0","tintindex":0},"west":{"uv":[7.75,3.75,8.0625,4.125],"rotation":0,"texture":"#0","tintindex":0}}},{"name":"cube","from":[6.3199997,-4.9346123,0.46620584],"to":[11.12,-0.13461304,10.066207],"rotation":{"angle":0.0,"axis":"x","origin":[7.4,-15.575229,18.240091]},"faces":{"down":{"uv":[7.84375,2.5,7.59375,3.0],"rotation":0,"texture":"#0","tintindex":0},"east":{"uv":[7.59375,0.625,8.09375,0.875],"rotation":0,"texture":"#0","tintindex":0},"north":{"uv":[8.6875,4.53125,8.9375,4.78125],"rotation":0,"texture":"#0","tintindex":0},"south":{"uv":[5.375,8.6875,5.625,8.9375],"rotation":0,"texture":"#0","tintindex":0},"up":{"uv":[7.25,8.0625,7.0,7.5625],"rotation":0,"texture":"#0","tintindex":0},"west":{"uv":[7.59375,0.875,8.09375,1.125],"rotation":0,"texture":"#0","tintindex":0}}},{"name":"cube","from":[6.92,-4.334612,-3.7337947],"to":[10.52,-0.73461294,2.266206],"rotation":{"angle":0.0,"axis":"x","origin":[8.719999,-17.855228,9.600092]},"faces":{"down":{"uv":[8.8125,3.3125,8.59375,3.65625],"rotation":0,"texture":"#0","tintindex":0},"east":{"uv":[8.46875,6.375,8.8125,6.59375],"rotation":0,"texture":"#0","tintindex":0},"north":{"uv":[8.9375,5.46875,9.15625,5.6875],"rotation":0,"texture":"#0","tintindex":0},"south":{"uv":[6.5,8.9375,6.71875,9.15625],"rotation":0,"texture":"#0","tintindex":0},"up":{"uv":[7.96875,8.90625,7.75,8.5625],"rotation":0,"texture":"#0","tintindex":0},"west":{"uv":[8.5,4.96875,8.84375,5.1875],"rotation":0,"texture":"#0","tintindex":0}}}],"display":{"head":{"translation":[0.0,-6.4,0.0],"rotation":[0.0,0.0,0.0],"scale":[3.8095,3.8095,3.8095]}}}