{"display":{"head":{"rotation":[0.0,0.0,0.0],"scale":[3.8095,3.8095,3.8095],"translation":[0.0,-6.4,0.0]}},"elements":[{"faces":{"down":{"rotation":0,"texture":"#0","tintindex":0,"uv":[9.25,9.71875,9.125,9.84375]},"east":{"rotation":0,"texture":"#0","tintindex":0,"uv":[7.375,9.71875,7.5,9.84375]},"north":{"rotation":0,"texture":"#0","tintindex":0,"uv":[9.71875,6.5625,9.84375,6.6875]},"south":{"rotation":0,"texture":"#0","tintindex":0,"uv":[9.71875,8.46875,9.84375,8.59375]},"up":{"rotation":0,"texture":"#0","tintindex":0,"uv":[9.84375,9.21875,9.71875,9.09375]},"west":{"rotation":0,"texture":"#0","tintindex":0,"uv":[9.71875,8.59375,9.84375,8.71875]}},"from":[6.031555,1.8583041,16.400448],"name":"cube","rotation":{"angle":0.0,"axis":"x","origin":[-0.478338,7.075038,24.765308]},"to":[8.911554,4.738305,19.280449]},{"faces":{"down":{"rotation":0,"texture":"#0","tintindex":0,"uv":[1.0,9.75,0.875,9.875]},"east":{"rotation":0,"texture":"#0","tintindex":0,"uv":[9.75,0.125,9.875,0.25]},"north":{"rotation":0,"texture":"#0","tintindex":0,"uv":[9.25,9.71875,9.375,9.84375]},"south":{"rotation":0,"texture":"#0","tintindex":0,"uv":[0.375,9.75,0.5,9.875]},"up":{"rotation":0,"texture":"#0","tintindex":0,"uv":[9.875,0.625,9.75,0.5]},"west":{"rotation":0,"texture":"#0","tintindex":0,"uv":[9.75,0.375,9.875,0.5]}},"from":[6.3915544,-1.8440032,21.115074],"name":"cube","rotation":{"angle":22.5,"axis":"x","origin":[3.7516618,12.145039,34.755306]},"to":[8.551554,0.67599607,23.635075]},{"faces":{"down":{"rotation":0,"texture":"#0","tintindex":0,"uv":[10.0625,1.6875,9.96875,1.78125]},"east":{"rotation":0,"texture":"#0","tintindex":0,"uv":[9.96875,1.21875,10.0625,1.3125]},"north":{"rotation":0,"texture":"#0","tintindex":0,"uv":[1.15625,9.96875,1.25,10.0625]},"south":{"rotation":0,"texture":"#0","tintindex":0,"uv":[1.375,9.96875,1.46875,10.0625]},"up":{"rotation":0,"texture":"#0","tintindex":0,"uv":[1.75,10.0625,1.65625,9.96875]},"west":{"rotation":0,"texture":"#0","tintindex":0,"uv":[9.96875,1.46875,10.0625,1.5625]}},"from":[6.7515545,-3.5341034,26.873226],"name":"cube","rotation":{"angle":45.0,"axis":"x","origin":[3.7516618,12.145039,34.755306]},"to":[8.431555,-1.8541017,28.553226]},{"faces":{"down":{"rotation":0,"texture":"#0","tintindex":0,"uv":[9.96875,5.3125,9.875,5.4375]},"east":{"rotation":0,"texture":"#0","tintindex":0,"uv":[9.875,5.125,10.0,5.21875]},"north":{"rotation":0,"texture":"#0","tintindex":0,"uv":[1.90625,9.96875,2.0,10.0625]},"south":{"rotation":0,"texture":"#0","tintindex":0,"uv":[2.0,9.96875,2.09375,10.0625]},"up":{"rotation":0,"texture":"#0","tintindex":0,"uv":[5.34375,10.0,5.25,9.875]},"west":{"rotation":0,"texture":"#0","tintindex":0,"uv":[9.875,5.21875,10.0,5.3125]}},"from":[6.9915543,6.5383034,19.16045],"name":"cube","rotation":{"angle":-22.5,"axis":"x","origin":[7.5915546,7.858304,19.760448]},"to":[8.191555,7.738303,20.96045]},{"faces":{"down":{"rotation":0,"texture":"#0","tintindex":0,"uv":[9.96875,5.90625,9.875,6.03125]},"east":{"rotation":0,"texture":"#0","tintindex":0,"uv":[9.875,5.4375,10.0,5.53125]},"north":{"rotation":0,"texture":"#0","tintindex":0,"uv":[2.09375,9.96875,2.1875,10.0625]},"south":{"rotation":0,"texture":"#0","tintindex":0,"uv":[2.1875,9.96875,2.28125,10.0625]},"up":{"rotation":0,"texture":"#0","tintindex":0,"uv":[9.96875,5.90625,9.875,5.78125]},"west":{"rotation":0,"texture":"#0","tintindex":0,"uv":[5.5625,9.875,5.6875,9.96875]}},"from":[7.2315545,7.236651,20.623081],"name":"cube","rotation":{"angle":0.0,"axis":"x","origin":[7.5915546,7.836652,21.283077]},"to":[7.951555,7.9566526,21.943077]},{"faces":{"down":{"rotation":0,"texture":"#0","tintindex":0,"uv":[7.875,7.84375,7.625,8.28125]},"east":{"rotation":0,"texture":"#0","tintindex":0,"uv":[4.71875,6.4375,5.15625,7.0625]},"north":{"rotation":0,"texture":"#0","tintindex":0,"uv":[0.0,7.375,0.25,8.0]},"south":{"rotation":0,"texture":"#0","tintindex":0,"uv":[0.25,7.375,0.5,8.0]},"up":{"rotation":0,"texture":"#0","tintindex":0,"uv":[8.09375,2.9375,7.84375,2.5]},"west":{"rotation":0,"texture":"#0","tintindex":0,"uv":[5.15625,6.4375,5.59375,7.0625]}},"from":[5.7201715,0.3176942,4.5105724],"name":"cube","rotation":{"angle":0.0,"axis":"x","origin":[16.520172,11.000723,24.463085]},"to":[10.520172,12.317694,12.910572]},{"faces":{"down":{"rotation":0,"texture":"#0","tintindex":0,"uv":[8.40625,1.84375,8.21875,2.28125]},"east":{"rotation":0,"texture":"#0","tintindex":0,"uv":[7.53125,2.1875,7.96875,2.5]},"north":{"rotation":0,"texture":"#0","tintindex":0,"uv":[4.71875,8.90625,4.90625,9.21875]},"south":{"rotation":0,"texture":"#0","tintindex":0,"uv":[4.90625,8.90625,5.09375,9.21875]},"up":{"rotation":0,"texture":"#0","tintindex":0,"uv":[8.375,7.65625,8.1875,7.21875]},"west":{"rotation":0,"texture":"#0","tintindex":0,"uv":[7.53125,4.9375,7.96875,5.25]}},"from":[6.9261713,-3.6280022,12.729464],"name":"cube","rotation":{"angle":22.5,"axis":"x","origin":[16.520172,11.000723,24.463085]},"to":[10.514172,2.3599977,21.117462]},{"faces":{"down":{"rotation":0,"texture":"#0","tintindex":0,"uv":[1.0625,8.40625,0.75,8.65625]},"east":{"rotation":0,"texture":"#0","tintindex":0,"uv":[0.5,7.375,0.75,8.0]},"north":{"rotation":0,"texture":"#0","tintindex":0,"uv":[0.875,6.875,1.1875,7.5]},"south":{"rotation":0,"texture":"#0","tintindex":0,"uv":[1.1875,6.9375,1.5,7.5625]},"up":{"rotation":0,"texture":"#0","tintindex":0,"uv":[8.6875,7.78125,8.375,7.53125]},"west":{"rotation":0,"texture":"#0","tintindex":0,"uv":[7.375,1.21875,7.625,1.84375]}},"from":[5.1201715,-10.374876,18.883148],"name":"cube","rotation":{"angle":22.5,"axis":"x","origin":[16.520172,11.000723,24.463085]},"to":[11.120172,1.6251245,23.683147]},{"faces":{"down":{"rotation":0,"texture":"#0","tintindex":0,"uv":[8.59375,8.65625,8.28125,8.875]},"east":{"rotation":0,"texture":"#0","tintindex":0,"uv":[8.5,5.1875,8.71875,5.34375]},"north":{"rotation":0,"texture":"#0","tintindex":0,"uv":[8.9375,4.5625,9.25,4.71875]},"south":{"rotation":0,"texture":"#0","tintindex":0,"uv":[8.9375,5.15625,9.25,5.3125]},"up":{"rotation":0,"texture":"#0","tintindex":0,"uv":[8.96875,8.4375,8.65625,8.21875]},"west":{"rotation":0,"texture":"#0","tintindex":0,"uv":[9.125,6.875,9.34375,7.03125]}},"from":[5.2401714,-10.734875,19.60315],"name":"cube","rotation":{"angle":22.5,"axis":"x","origin":[16.520172,11.000723,24.463085]},"to":[11.000172,-8.094876,23.563145]}],"textures":{"0":"modelengine:entity/nocsy_darkdragon_saddled_version"}}