{"textures":{"0":"modelengine:entity/nocsy_darkdragon_saddled_version"},"elements":[{"name":"cube","from":[6.031555,1.8583041,16.400448],"to":[8.911554,4.738305,19.280449],"rotation":{"angle":0.0,"axis":"x","origin":[-0.478338,7.075038,24.765308]},"faces":{"down":{"uv":[9.25,9.71875,9.125,9.84375],"rotation":0,"texture":"#0","tintindex":0},"east":{"uv":[7.375,9.71875,7.5,9.84375],"rotation":0,"texture":"#0","tintindex":0},"north":{"uv":[9.71875,6.5625,9.84375,6.6875],"rotation":0,"texture":"#0","tintindex":0},"south":{"uv":[9.71875,8.46875,9.84375,8.59375],"rotation":0,"texture":"#0","tintindex":0},"up":{"uv":[9.84375,9.21875,9.71875,9.09375],"rotation":0,"texture":"#0","tintindex":0},"west":{"uv":[9.71875,8.59375,9.84375,8.71875],"rotation":0,"texture":"#0","tintindex":0}}},{"name":"cube","from":[6.3915544,-1.8440032,21.115074],"to":[8.551554,0.67599607,23.635075],"rotation":{"angle":22.5,"axis":"x","origin":[3.7516618,12.145039,34.755306]},"faces":{"down":{"uv":[1.0,9.75,0.875,9.875],"rotation":0,"texture":"#0","tintindex":0},"east":{"uv":[9.75,0.125,9.875,0.25],"rotation":0,"texture":"#0","tintindex":0},"north":{"uv":[9.25,9.71875,9.375,9.84375],"rotation":0,"texture":"#0","tintindex":0},"south":{"uv":[0.375,9.75,0.5,9.875],"rotation":0,"texture":"#0","tintindex":0},"up":{"uv":[9.875,0.625,9.75,0.5],"rotation":0,"texture":"#0","tintindex":0},"west":{"uv":[9.75,0.375,9.875,0.5],"rotation":0,"texture":"#0","tintindex":0}}},{"name":"cube","from":[6.7515545,-3.5341034,26.873226],"to":[8.431555,-1.8541017,28.553226],"rotation":{"angle":45.0,"axis":"x","origin":[3.7516618,12.145039,34.755306]},"faces":{"down":{"uv":[10.0625,1.6875,9.96875,1.78125],"rotation":0,"texture":"#0","tintindex":0},"east":{"uv":[9.96875,1.21875,10.0625,1.3125],"rotation":0,"texture":"#0","tintindex":0},"north":{"uv":[1.15625,9.96875,1.25,10.0625],"rotation":0,"texture":"#0","tintindex":0},"south":{"uv":[1.375,9.96875,1.46875,10.0625],"rotation":0,"texture":"#0","tintindex":0},"up":{"uv":[1.75,10.0625,1.65625,9.96875],"rotation":0,"texture":"#0","tintindex":0},"west":{"uv":[9.96875,1.46875,10.0625,1.5625],"rotation":0,"texture":"#0","tintindex":0}}},{"name":"cube","from":[6.9915543,6.5383034,19.16045],"to":[8.191555,7.738303,20.96045],"rotation":{"angle":-22.5,"axis":"x","origin":[7.5915546,7.858304,19.760448]},"faces":{"down":{"uv":[9.96875,5.3125,9.875,5.4375],"rotation":0,"texture":"#0","tintindex":0},"east":{"uv":[9.875,5.125,10.0,5.21875],"rotation":0,"texture":"#0","tintindex":0},"north":{"uv":[1.90625,9.96875,2.0,10.0625],"rotation":0,"texture":"#0","tintindex":0},"south":{"uv":[2.0,9.96875,2.09375,10.0625],"rotation":0,"texture":"#0","tintindex":0},"up":{"uv":[5.34375,10.0,5.25,9.875],"rotation":0,"texture":"#0","tintindex":0},"west":{"uv":[9.875,5.21875,10.0,5.3125],"rotation":0,"texture":"#0","tintindex":0}}},{"name":"cube","from":[7.2315545,7.236651,20.623081],"to":[7.951555,7.9566526,21.943077],"rotation":{"angle":0.0,"axis":"x","origin":[7.5915546,7.836652,21.283077]},"faces":{"down":{"uv":[9.96875,5.90625,9.875,6.03125],"rotation":0,"texture":"#0","tintindex":0},"east":{"uv":[9.875,5.4375,10.0,5.53125],"rotation":0,"texture":"#0","tintindex":0},"north":{"uv":[2.09375,9.96875,2.1875,10.0625],"rotation":0,"texture":"#0","tintindex":0},"south":{"uv":[2.1875,9.96875,2.28125,10.0625],"rotation":0,"texture":"#0","tintindex":0},"up":{"uv":[9.96875,5.90625,9.875,5.78125],"rotation":0,"texture":"#0","tintindex":0},"west":{"uv":[5.5625,9.875,5.6875,9.96875],"rotation":0,"texture":"#0","tintindex":0}}},{"name":"cube","from":[5.7201715,0.3176942,4.5105724],"to":[10.520172,12.317694,12.910572],"rotation":{"angle":0.0,"axis":"x","origin":[16.520172,11.000723,24.463085]},"faces":{"down":{"uv":[7.875,7.84375,7.625,8.28125],"rotation":0,"texture":"#0","tintindex":0},"east":{"uv":[4.71875,6.4375,5.15625,7.0625],"rotation":0,"texture":"#0","tintindex":0},"north":{"uv":[0.0,7.375,0.25,8.0],"rotation":0,"texture":"#0","tintindex":0},"south":{"uv":[0.25,7.375,0.5,8.0],"rotation":0,"texture":"#0","tintindex":0},"up":{"uv":[8.09375,2.9375,7.84375,2.5],"rotation":0,"texture":"#0","tintindex":0},"west":{"uv":[5.15625,6.4375,5.59375,7.0625],"rotation":0,"texture":"#0","tintindex":0}}},{"name":"cube","from":[6.9261713,-3.6280022,12.729464],"to":[10.514172,2.3599977,21.117462],"rotation":{"angle":22.5,"axis":"x","origin":[16.520172,11.000723,24.463085]},"faces":{"down":{"uv":[8.40625,1.84375,8.21875,2.28125],"rotation":0,"texture":"#0","tintindex":0},"east":{"uv":[7.53125,2.1875,7.96875,2.5],"rotation":0,"texture":"#0","tintindex":0},"north":{"uv":[4.71875,8.90625,4.90625,9.21875],"rotation":0,"texture":"#0","tintindex":0},"south":{"uv":[4.90625,8.90625,5.09375,9.21875],"rotation":0,"texture":"#0","tintindex":0},"up":{"uv":[8.375,7.65625,8.1875,7.21875],"rotation":0,"texture":"#0","tintindex":0},"west":{"uv":[7.53125,4.9375,7.96875,5.25],"rotation":0,"texture":"#0","tintindex":0}}},{"name":"cube","from":[5.1201715,-10.374876,18.883148],"to":[11.120172,1.6251245,23.683147],"rotation":{"angle":22.5,"axis":"x","origin":[16.520172,11.000723,24.463085]},"faces":{"down":{"uv":[1.0625,8.40625,0.75,8.65625],"rotation":0,"texture":"#0","tintindex":0},"east":{"uv":[0.5,7.375,0.75,8.0],"rotation":0,"texture":"#0","tintindex":0},"north":{"uv":[0.875,6.875,1.1875,7.5],"rotation":0,"texture":"#0","tintindex":0},"south":{"uv":[1.1875,6.9375,1.5,7.5625],"rotation":0,"texture":"#0","tintindex":0},"up":{"uv":[8.6875,7.78125,8.375,7.53125],"rotation":0,"texture":"#0","tintindex":0},"west":{"uv":[7.375,1.21875,7.625,1.84375],"rotation":0,"texture":"#0","tintindex":0}}},{"name":"cube","from":[5.2401714,-10.734875,19.60315],"to":[11.000172,-8.094876,23.563145],"rotation":{"angle":22.5,"axis":"x","origin":[16.520172,11.000723,24.463085]},"faces":{"down":{"uv":[8.59375,8.65625,8.28125,8.875],"rotation":0,"texture":"#0","tintindex":0},"east":{"uv":[8.5,5.1875,8.71875,5.34375],"rotation":0,"texture":"#0","tintindex":0},"north":{"uv":[8.9375,4.5625,9.25,4.71875],"rotation":0,"texture":"#0","tintindex":0},"south":{"uv":[8.9375,5.15625,9.25,5.3125],"rotation":0,"texture":"#0","tintindex":0},"up":{"uv":[8.96875,8.4375,8.65625,8.21875],"rotation":0,"texture":"#0","tintindex":0},"west":{"uv":[9.125,6.875,9.34375,7.03125],"rotation":0,"texture":"#0","tintindex":0}}}],"display":{"head":{"translation":[0.0,-6.4,0.0],"rotation":[0.0,0.0,0.0],"scale":[3.8095,3.8095,3.8095]}}}