{"textures":{"0":"modelengine:entity/nocsy_darkdragon_saddled_version"},"elements":[{"name":"cube","from":[5.791383,-3.565662,7.6280193],"to":[8.671383,-0.68566036,10.5080185],"rotation":{"angle":0.0,"axis":"x","origin":[7.3033834,-3.278923,12.211615]},"faces":{"down":{"uv":[9.875,4.96875,9.75,5.09375],"rotation":0,"texture":"#0","tintindex":0},"east":{"uv":[4.625,9.75,4.75,9.875],"rotation":0,"texture":"#0","tintindex":0},"north":{"uv":[9.75,4.3125,9.875,4.4375],"rotation":0,"texture":"#0","tintindex":0},"south":{"uv":[9.75,4.625,9.875,4.75],"rotation":0,"texture":"#0","tintindex":0},"up":{"uv":[5.0,9.875,4.875,9.75],"rotation":0,"texture":"#0","tintindex":0},"west":{"uv":[4.75,9.75,4.875,9.875],"rotation":0,"texture":"#0","tintindex":0}}},{"name":"cube","from":[6.151383,-4.538009,9.523288],"to":[8.311382,-2.0180097,12.043288],"rotation":{"angle":22.5,"axis":"x","origin":[7.3033834,-3.278923,12.211615]},"faces":{"down":{"uv":[9.875,5.34375,9.75,5.46875],"rotation":0,"texture":"#0","tintindex":0},"east":{"uv":[9.75,5.09375,9.875,5.21875],"rotation":0,"texture":"#0","tintindex":0},"north":{"uv":[5.0,9.75,5.125,9.875],"rotation":0,"texture":"#0","tintindex":0},"south":{"uv":[5.125,9.75,5.25,9.875],"rotation":0,"texture":"#0","tintindex":0},"up":{"uv":[5.375,9.875,5.25,9.75],"rotation":0,"texture":"#0","tintindex":0},"west":{"uv":[9.75,5.21875,9.875,5.34375],"rotation":0,"texture":"#0","tintindex":0}}},{"name":"cube","from":[6.511383,-4.1892447,11.710334],"to":[8.191383,-2.509244,13.390334],"rotation":{"angle":45.0,"axis":"x","origin":[7.3033834,-3.278923,12.211615]},"faces":{"down":{"uv":[5.71875,9.96875,5.625,10.0625],"rotation":0,"texture":"#0","tintindex":0},"east":{"uv":[5.09375,9.96875,5.1875,10.0625],"rotation":0,"texture":"#0","tintindex":0},"north":{"uv":[5.0,9.96875,5.09375,10.0625],"rotation":0,"texture":"#0","tintindex":0},"south":{"uv":[9.96875,5.3125,10.0625,5.40625],"rotation":0,"texture":"#0","tintindex":0},"up":{"uv":[5.625,10.0625,5.53125,9.96875],"rotation":0,"texture":"#0","tintindex":0},"west":{"uv":[5.4375,9.96875,5.53125,10.0625],"rotation":0,"texture":"#0","tintindex":0}}},{"name":"cube","from":[6.751383,-4.64566,12.42802],"to":[7.951383,-3.445661,14.828019],"rotation":{"angle":0.0,"axis":"x","origin":[7.3033834,-3.278923,12.211615]},"faces":{"down":{"uv":[4.53125,9.84375,4.4375,10.0],"rotation":0,"texture":"#0","tintindex":0},"east":{"uv":[9.84375,2.78125,10.0,2.875],"rotation":0,"texture":"#0","tintindex":0},"north":{"uv":[9.96875,5.78125,10.0625,5.875],"rotation":0,"texture":"#0","tintindex":0},"south":{"uv":[9.96875,5.875,10.0625,5.96875],"rotation":0,"texture":"#0","tintindex":0},"up":{"uv":[4.4375,10.0,4.34375,9.84375],"rotation":0,"texture":"#0","tintindex":0},"west":{"uv":[9.84375,3.53125,10.0,3.625],"rotation":0,"texture":"#0","tintindex":0}}},{"name":"cube","from":[7.231383,-4.907771,13.164095],"to":[7.951383,-4.187772,15.084094],"rotation":{"angle":-22.5,"axis":"x","origin":[7.543383,-2.8589225,11.731615]},"faces":{"down":{"uv":[5.8125,9.84375,5.71875,10.0],"rotation":0,"texture":"#0","tintindex":0},"east":{"uv":[9.84375,4.4375,10.0,4.53125],"rotation":0,"texture":"#0","tintindex":0},"north":{"uv":[5.96875,9.96875,6.0625,10.0625],"rotation":0,"texture":"#0","tintindex":0},"south":{"uv":[6.125,9.96875,6.21875,10.0625],"rotation":0,"texture":"#0","tintindex":0},"up":{"uv":[4.625,10.0,4.53125,9.84375],"rotation":0,"texture":"#0","tintindex":0},"west":{"uv":[9.84375,4.53125,10.0,4.625],"rotation":0,"texture":"#0","tintindex":0}}},{"name":"cube","from":[5.6,3.7005153,3.8671029],"to":[10.4,12.100516,12.267103],"rotation":{"angle":0.0,"axis":"x","origin":[16.400002,-9.9401,14.200988]},"faces":{"down":{"uv":[8.1875,7.34375,7.9375,7.78125],"rotation":0,"texture":"#0","tintindex":0},"east":{"uv":[7.09375,2.125,7.53125,2.5625],"rotation":0,"texture":"#0","tintindex":0},"north":{"uv":[7.90625,0.0,8.15625,0.4375],"rotation":0,"texture":"#0","tintindex":0},"south":{"uv":[7.90625,4.125,8.15625,4.5625],"rotation":0,"texture":"#0","tintindex":0},"up":{"uv":[8.1875,7.34375,7.9375,6.90625],"rotation":0,"texture":"#0","tintindex":0},"west":{"uv":[6.59375,7.125,7.03125,7.5625],"rotation":0,"texture":"#0","tintindex":0}}},{"name":"cube","from":[6.8,-7.540303,-1.569222],"to":[10.4,-0.34030342,4.4307775],"rotation":{"angle":22.5,"axis":"x","origin":[8.6,-15.220099,18.40099]},"faces":{"down":{"uv":[6.5,8.90625,6.3125,9.21875],"rotation":0,"texture":"#0","tintindex":0},"east":{"uv":[7.625,7.46875,7.9375,7.84375],"rotation":0,"texture":"#0","tintindex":0},"north":{"uv":[8.625,3.65625,8.8125,4.03125],"rotation":0,"texture":"#0","tintindex":0},"south":{"uv":[8.625,6.90625,8.8125,7.28125],"rotation":0,"texture":"#0","tintindex":0},"up":{"uv":[6.3125,9.21875,6.125,8.90625],"rotation":0,"texture":"#0","tintindex":0},"west":{"uv":[7.65625,3.0,7.96875,3.375],"rotation":0,"texture":"#0","tintindex":0}}},{"name":"cube","from":[4.88,-4.9346123,0.46620584],"to":[9.68,-0.13461304,10.066207],"rotation":{"angle":0.0,"axis":"x","origin":[8.6,-15.575229,18.240091]},"faces":{"down":{"uv":[7.0,7.5625,6.75,8.0625],"rotation":0,"texture":"#0","tintindex":0},"east":{"uv":[1.0625,7.5625,1.5625,7.8125],"rotation":0,"texture":"#0","tintindex":0},"north":{"uv":[0.0,8.6875,0.25,8.9375],"rotation":0,"texture":"#0","tintindex":0},"south":{"uv":[0.25,8.6875,0.5,8.9375],"rotation":0,"texture":"#0","tintindex":0},"up":{"uv":[6.75,8.0625,6.5,7.5625],"rotation":0,"texture":"#0","tintindex":0},"west":{"uv":[1.5625,7.5625,2.0625,7.8125],"rotation":0,"texture":"#0","tintindex":0}}},{"name":"cube","from":[5.48,-4.334612,-3.7337947],"to":[9.08,-0.73461294,2.266206],"rotation":{"angle":0.0,"axis":"x","origin":[7.28,-17.855228,9.600092]},"faces":{"down":{"uv":[8.6875,4.625,8.46875,4.96875],"rotation":0,"texture":"#0","tintindex":0},"east":{"uv":[8.46875,0.0,8.8125,0.21875],"rotation":0,"texture":"#0","tintindex":0},"north":{"uv":[6.9375,5.875,7.15625,6.09375],"rotation":0,"texture":"#0","tintindex":0},"south":{"uv":[4.46875,8.9375,4.6875,9.15625],"rotation":0,"texture":"#0","tintindex":0},"up":{"uv":[8.6875,4.625,8.46875,4.28125],"rotation":0,"texture":"#0","tintindex":0},"west":{"uv":[8.46875,4.0625,8.8125,4.28125],"rotation":0,"texture":"#0","tintindex":0}}}],"display":{"head":{"translation":[0.0,-6.4,0.0],"rotation":[0.0,0.0,0.0],"scale":[3.8095,3.8095,3.8095]}}}