{"display":{"head":{"rotation":[0.0,0.0,0.0],"scale":[3.8095,3.8095,3.8095],"translation":[0.0,-6.4,0.0]}},"elements":[{"faces":{"down":{"rotation":0,"texture":"#0","tintindex":0,"uv":[9.375,7.65625,9.21875,7.8125]},"east":{"rotation":0,"texture":"#0","tintindex":0,"uv":[7.375,4.9375,7.53125,5.84375]},"north":{"rotation":0,"texture":"#0","tintindex":0,"uv":[4.34375,7.375,4.5,8.28125]},"south":{"rotation":0,"texture":"#0","tintindex":0,"uv":[3.625,7.4375,3.78125,8.34375]},"up":{"rotation":0,"texture":"#0","tintindex":0,"uv":[6.65625,6.28125,6.5,6.125]},"west":{"rotation":0,"texture":"#0","tintindex":0,"uv":[3.78125,7.4375,3.9375,8.34375]}},"from":[6.9820657,6.9513283,6.7205744],"name":"cube","rotation":{"angle":0.0,"axis":"x","origin":[6.9820657,14.854304,22.650887]},"to":[9.862066,24.231327,9.6005745]},{"faces":{"down":{"rotation":0,"texture":"#0","tintindex":0,"uv":[9.375,7.8125,9.21875,7.96875]},"east":{"rotation":0,"texture":"#0","tintindex":0,"uv":[0.0,8.0,0.15625,8.6875]},"north":{"rotation":0,"texture":"#0","tintindex":0,"uv":[7.96875,5.4375,8.125,6.125]},"south":{"rotation":0,"texture":"#0","tintindex":0,"uv":[0.15625,8.0,0.3125,8.6875]},"up":{"rotation":0,"texture":"#0","tintindex":0,"uv":[7.875,9.375,7.71875,9.21875]},"west":{"rotation":0,"texture":"#0","tintindex":0,"uv":[0.3125,8.0,0.46875,8.6875]}},"from":[6.382066,0.83132744,6.9005747],"name":"cube","rotation":{"angle":22.5,"axis":"z","origin":[8.422066,15.591327,8.160575]},"to":[9.022066,13.671329,9.540575]},{"faces":{"down":{"rotation":0,"texture":"#0","tintindex":0,"uv":[0.0,0.0,0.0,0.75]},"east":{"rotation":0,"texture":"#0","tintindex":0,"uv":[3.0,5.125,3.75,6.0625]},"north":{"rotation":0,"texture":"#0","tintindex":0,"uv":[0.0,0.0,0.0,0.9375]},"south":{"rotation":0,"texture":"#0","tintindex":0,"uv":[0.0,0.0,0.0,0.9375]},"up":{"rotation":0,"texture":"#0","tintindex":0,"uv":[0.0,0.75,0.0,0.0]},"west":{"rotation":0,"texture":"#0","tintindex":0,"uv":[3.75,5.5,4.5,6.4375]}},"from":[7.9420657,6.5913258,6.360575],"name":"cube","rotation":{"angle":0.0,"axis":"x","origin":[6.9820657,14.854304,22.650887]},"to":[7.9420657,24.591328,20.760574]},{"faces":{"down":{"rotation":0,"texture":"#0","tintindex":0,"uv":[5.9375,8.90625,5.8125,9.34375]},"east":{"rotation":0,"texture":"#0","tintindex":0,"uv":[1.125,8.9375,1.5625,9.0625]},"north":{"rotation":0,"texture":"#0","tintindex":0,"uv":[1.0625,8.53125,1.1875,8.65625]},"south":{"rotation":0,"texture":"#0","tintindex":0,"uv":[0.5,8.6875,0.625,8.8125]},"up":{"rotation":0,"texture":"#0","tintindex":0,"uv":[7.21875,8.8125,7.09375,8.375]},"west":{"rotation":0,"texture":"#0","tintindex":0,"uv":[2.21875,8.9375,2.65625,9.0625]}},"from":[7.1020656,22.19133,6.960575],"name":"cube","rotation":{"angle":0.0,"axis":"x","origin":[6.9820657,14.854304,22.650887]},"to":[9.262066,24.35133,15.120575]},{"faces":{"down":{"rotation":0,"texture":"#0","tintindex":0,"uv":[4.59375,9.15625,4.46875,9.40625]},"east":{"rotation":0,"texture":"#0","tintindex":0,"uv":[9.15625,2.78125,9.40625,2.90625]},"north":{"rotation":0,"texture":"#0","tintindex":0,"uv":[3.21875,8.6875,3.34375,8.8125]},"south":{"rotation":0,"texture":"#0","tintindex":0,"uv":[8.71875,0.4375,8.84375,0.5625]},"up":{"rotation":0,"texture":"#0","tintindex":0,"uv":[7.5,2.09375,7.375,1.84375]},"west":{"rotation":0,"texture":"#0","tintindex":0,"uv":[3.78125,9.15625,4.03125,9.28125]}},"from":[7.1080656,17.290392,17.715715],"name":"cube","rotation":{"angle":22.5,"axis":"x","origin":[8.182066,28.054302,28.890884]},"to":[9.256066,19.438393,22.263714]},{"faces":{"down":{"rotation":0,"texture":"#0","tintindex":0,"uv":[2.5,9.28125,2.375,9.46875]},"east":{"rotation":0,"texture":"#0","tintindex":0,"uv":[8.1875,7.65625,8.375,7.78125]},"north":{"rotation":0,"texture":"#0","tintindex":0,"uv":[9.5,5.65625,9.625,5.78125]},"south":{"rotation":0,"texture":"#0","tintindex":0,"uv":[9.5,9.28125,9.625,9.40625]},"up":{"rotation":0,"texture":"#0","tintindex":0,"uv":[5.5,8.6875,5.375,8.5]},"west":{"rotation":0,"texture":"#0","tintindex":0,"uv":[9.25,7.15625,9.4375,7.28125]}},"from":[6.862066,17.044394,21.069714],"name":"cube","rotation":{"angle":22.5,"axis":"x","origin":[8.182066,28.054302,28.890884]},"to":[9.502066,19.684391,24.909714]},{"faces":{"down":{"rotation":0,"texture":"#0","tintindex":0,"uv":[0.25,9.5625,0.125,9.6875]},"east":{"rotation":0,"texture":"#0","tintindex":0,"uv":[9.53125,6.875,9.65625,7.0]},"north":{"rotation":0,"texture":"#0","tintindex":0,"uv":[9.53125,2.5,9.65625,2.625]},"south":{"rotation":0,"texture":"#0","tintindex":0,"uv":[9.40625,9.53125,9.53125,9.65625]},"up":{"rotation":0,"texture":"#0","tintindex":0,"uv":[9.6875,0.125,9.5625,0.0]},"west":{"rotation":0,"texture":"#0","tintindex":0,"uv":[9.53125,9.53125,9.65625,9.65625]}},"from":[7.222066,8.398426,29.26577],"name":"cube","rotation":{"angle":45.0,"axis":"x","origin":[8.182066,25.362576,39.46577]},"to":[9.142066,10.318424,31.185768]},{"faces":{"down":{"rotation":0,"texture":"#0","tintindex":0,"uv":[8.03125,9.875,7.9375,9.96875]},"east":{"rotation":0,"texture":"#0","tintindex":0,"uv":[7.1875,9.875,7.28125,9.96875]},"north":{"rotation":0,"texture":"#0","tintindex":0,"uv":[9.875,7.09375,9.96875,7.1875]},"south":{"rotation":0,"texture":"#0","tintindex":0,"uv":[9.875,7.1875,9.96875,7.28125]},"up":{"rotation":0,"texture":"#0","tintindex":0,"uv":[9.96875,7.46875,9.875,7.375]},"west":{"rotation":0,"texture":"#0","tintindex":0,"uv":[9.875,7.28125,9.96875,7.375]}},"from":[7.5820656,26.334698,20.90387],"name":"cube","rotation":{"angle":-22.5,"axis":"x","origin":[8.182066,25.362576,39.46577]},"to":[8.782066,27.534698,22.10387]}],"textures":{"0":"modelengine:entity/nocsy_darkdragon_saddled_version"}}