{"textures":{"0":"modelengine:entity/nocsy_darkdragon_saddled_version"},"elements":[{"name":"cube","from":[5.018,6.1616936,7.0817833],"to":[11.0060005,8.549694,11.869784],"rotation":{"angle":0.0,"axis":"x","origin":[8.612,10.398961,28.263577]},"faces":{"down":{"uv":[8.65625,8.40625,8.34375,8.65625],"rotation":0,"texture":"#0","tintindex":0},"east":{"uv":[9.21875,1.5,9.46875,1.625],"rotation":0,"texture":"#0","tintindex":0},"north":{"uv":[5.28125,9.09375,5.59375,9.21875],"rotation":0,"texture":"#0","tintindex":0},"south":{"uv":[9.09375,5.8125,9.40625,5.9375],"rotation":0,"texture":"#0","tintindex":0},"up":{"uv":[8.34375,8.65625,8.03125,8.40625],"rotation":0,"texture":"#0","tintindex":0},"west":{"uv":[9.21875,2.0625,9.46875,2.1875],"rotation":0,"texture":"#0","tintindex":0}}},{"name":"cube","from":[5.018,6.1616936,7.0817833],"to":[11.0060005,8.549694,11.869784],"rotation":{"angle":0.0,"axis":"x","origin":[8.612,10.398961,28.263577]},"faces":{"down":{"uv":[8.75,5.59375,8.4375,5.84375],"rotation":0,"texture":"#0","tintindex":0},"east":{"uv":[9.21875,2.1875,9.46875,2.3125],"rotation":0,"texture":"#0","tintindex":0},"north":{"uv":[9.09375,8.875,9.40625,9.0],"rotation":0,"texture":"#0","tintindex":0},"south":{"uv":[9.09375,9.0,9.40625,9.125],"rotation":0,"texture":"#0","tintindex":0},"up":{"uv":[8.75,5.59375,8.4375,5.34375],"rotation":0,"texture":"#0","tintindex":0},"west":{"uv":[9.21875,2.3125,9.46875,2.4375],"rotation":0,"texture":"#0","tintindex":0}}},{"name":"cube","from":[3.932,-9.149758,15.778735],"to":[6.332,-5.549758,18.178734],"rotation":{"angle":45.0,"axis":"x","origin":[8.612,10.398961,28.263577]},"faces":{"down":{"uv":[3.84375,9.75,3.71875,9.875],"rotation":0,"texture":"#0","tintindex":0},"east":{"uv":[1.84375,9.4375,1.96875,9.625],"rotation":0,"texture":"#0","tintindex":0},"north":{"uv":[1.71875,9.4375,1.84375,9.625],"rotation":0,"texture":"#0","tintindex":0},"south":{"uv":[1.96875,9.4375,2.09375,9.625],"rotation":0,"texture":"#0","tintindex":0},"up":{"uv":[3.59375,9.875,3.46875,9.75],"rotation":0,"texture":"#0","tintindex":0},"west":{"uv":[2.09375,9.4375,2.21875,9.625],"rotation":0,"texture":"#0","tintindex":0}}},{"name":"cube","from":[6.6920004,-9.149758,15.778735],"to":[9.092001,-5.549758,18.178734],"rotation":{"angle":45.0,"axis":"x","origin":[8.612,10.398961,28.263577]},"faces":{"down":{"uv":[3.96875,9.75,3.84375,9.875],"rotation":0,"texture":"#0","tintindex":0},"east":{"uv":[9.4375,3.09375,9.5625,3.28125],"rotation":0,"texture":"#0","tintindex":0},"north":{"uv":[2.21875,9.4375,2.34375,9.625],"rotation":0,"texture":"#0","tintindex":0},"south":{"uv":[9.4375,3.75,9.5625,3.9375],"rotation":0,"texture":"#0","tintindex":0},"up":{"uv":[9.875,3.90625,9.75,3.78125],"rotation":0,"texture":"#0","tintindex":0},"west":{"uv":[3.78125,9.4375,3.90625,9.625],"rotation":0,"texture":"#0","tintindex":0}}},{"name":"cube","from":[9.812,-9.149758,15.778735],"to":[12.212001,-5.549758,18.178734],"rotation":{"angle":45.0,"axis":"x","origin":[8.612,10.398961,28.263577]},"faces":{"down":{"uv":[4.34375,9.75,4.21875,9.875],"rotation":0,"texture":"#0","tintindex":0},"east":{"uv":[4.25,9.4375,4.375,9.625],"rotation":0,"texture":"#0","tintindex":0},"north":{"uv":[3.90625,9.4375,4.03125,9.625],"rotation":0,"texture":"#0","tintindex":0},"south":{"uv":[4.71875,9.4375,4.84375,9.625],"rotation":0,"texture":"#0","tintindex":0},"up":{"uv":[4.09375,9.875,3.96875,9.75],"rotation":0,"texture":"#0","tintindex":0},"west":{"uv":[4.84375,9.4375,4.96875,9.625],"rotation":0,"texture":"#0","tintindex":0}}},{"name":"cube","from":[7.0520005,-5.625231,9.590663],"to":[8.732,-2.1452303,11.270664],"rotation":{"angle":22.5,"axis":"x","origin":[8.612,10.398961,28.263577]},"faces":{"down":{"uv":[3.9375,9.96875,3.84375,10.0625],"rotation":0,"texture":"#0","tintindex":0},"east":{"uv":[9.53125,4.40625,9.625,4.59375],"rotation":0,"texture":"#0","tintindex":0},"north":{"uv":[9.53125,2.3125,9.625,2.5],"rotation":0,"texture":"#0","tintindex":0},"south":{"uv":[4.53125,9.53125,4.625,9.71875],"rotation":0,"texture":"#0","tintindex":0},"up":{"uv":[3.84375,10.0625,3.75,9.96875],"rotation":0,"texture":"#0","tintindex":0},"west":{"uv":[4.625,9.53125,4.71875,9.71875],"rotation":0,"texture":"#0","tintindex":0}}},{"name":"cube","from":[4.2920003,-5.625231,9.590663],"to":[5.972,-2.1452303,11.270664],"rotation":{"angle":22.5,"axis":"x","origin":[8.612,10.398961,28.263577]},"faces":{"down":{"uv":[10.0625,4.15625,9.96875,4.25],"rotation":0,"texture":"#0","tintindex":0},"east":{"uv":[9.53125,5.3125,9.625,5.5],"rotation":0,"texture":"#0","tintindex":0},"north":{"uv":[9.53125,5.125,9.625,5.3125],"rotation":0,"texture":"#0","tintindex":0},"south":{"uv":[5.78125,9.53125,5.875,9.71875],"rotation":0,"texture":"#0","tintindex":0},"up":{"uv":[4.03125,10.0625,3.9375,9.96875],"rotation":0,"texture":"#0","tintindex":0},"west":{"uv":[9.53125,6.0,9.625,6.1875],"rotation":0,"texture":"#0","tintindex":0}}},{"name":"cube","from":[10.172001,-5.625231,9.590663],"to":[11.852001,-2.1452303,11.270664],"rotation":{"angle":22.5,"axis":"x","origin":[8.612,10.398961,28.263577]},"faces":{"down":{"uv":[10.0625,4.34375,9.96875,4.4375],"rotation":0,"texture":"#0","tintindex":0},"east":{"uv":[9.125,9.53125,9.21875,9.71875],"rotation":0,"texture":"#0","tintindex":0},"north":{"uv":[9.53125,8.8125,9.625,9.0],"rotation":0,"texture":"#0","tintindex":0},"south":{"uv":[9.21875,9.53125,9.3125,9.71875],"rotation":0,"texture":"#0","tintindex":0},"up":{"uv":[10.0625,4.34375,9.96875,4.25],"rotation":0,"texture":"#0","tintindex":0},"west":{"uv":[9.3125,9.53125,9.40625,9.71875],"rotation":0,"texture":"#0","tintindex":0}}},{"name":"cube","from":[10.892,-9.705231,9.230663],"to":[10.892,-5.505231,12.830664],"rotation":{"angle":22.5,"axis":"x","origin":[8.612,10.398961,28.263577]},"faces":{"down":{"uv":[0.0,0.0,0.0,0.1875],"rotation":0,"texture":"#0","tintindex":0},"east":{"uv":[1.0625,9.0625,1.25,9.28125],"rotation":0,"texture":"#0","tintindex":0},"north":{"uv":[0.0,0.0,0.0,0.21875],"rotation":0,"texture":"#0","tintindex":0},"south":{"uv":[0.0,0.0,0.0,0.21875],"rotation":0,"texture":"#0","tintindex":0},"up":{"uv":[0.0,0.1875,0.0,0.0],"rotation":0,"texture":"#0","tintindex":0},"west":{"uv":[9.0625,1.0625,9.25,1.28125],"rotation":0,"texture":"#0","tintindex":0}}},{"name":"cube","from":[7.892,-9.705231,9.230663],"to":[7.892,-5.505231,12.830664],"rotation":{"angle":22.5,"axis":"x","origin":[8.612,10.398961,28.263577]},"faces":{"down":{"uv":[0.0,0.0,0.0,0.1875],"rotation":0,"texture":"#0","tintindex":0},"east":{"uv":[1.25,9.0625,1.4375,9.28125],"rotation":0,"texture":"#0","tintindex":0},"north":{"uv":[0.0,0.0,0.0,0.21875],"rotation":0,"texture":"#0","tintindex":0},"south":{"uv":[0.0,0.0,0.0,0.21875],"rotation":0,"texture":"#0","tintindex":0},"up":{"uv":[0.0,0.1875,0.0,0.0],"rotation":0,"texture":"#0","tintindex":0},"west":{"uv":[9.0625,1.28125,9.25,1.5],"rotation":0,"texture":"#0","tintindex":0}}},{"name":"cube","from":[5.132,-9.705231,9.230663],"to":[5.132,-5.505231,12.830664],"rotation":{"angle":22.5,"axis":"x","origin":[8.612,10.398961,28.263577]},"faces":{"down":{"uv":[0.0,0.0,0.0,0.1875],"rotation":0,"texture":"#0","tintindex":0},"east":{"uv":[2.125,9.0625,2.3125,9.28125],"rotation":0,"texture":"#0","tintindex":0},"north":{"uv":[0.0,0.0,0.0,0.21875],"rotation":0,"texture":"#0","tintindex":0},"south":{"uv":[0.0,0.0,0.0,0.21875],"rotation":0,"texture":"#0","tintindex":0},"up":{"uv":[0.0,0.1875,0.0,0.0],"rotation":0,"texture":"#0","tintindex":0},"west":{"uv":[2.3125,9.0625,2.5,9.28125],"rotation":0,"texture":"#0","tintindex":0}}}],"display":{"head":{"translation":[0.0,-6.4,0.0],"rotation":[0.0,0.0,0.0],"scale":[3.8095,3.8095,3.8095]}}}