{"display":{"head":{"rotation":[0.0,0.0,0.0],"scale":[3.8095,3.8095,3.8095],"translation":[0.0,-6.4,0.0]}},"elements":[{"faces":{"down":{"rotation":0,"texture":"#0","tintindex":0,"uv":[8.65625,8.40625,8.34375,8.65625]},"east":{"rotation":0,"texture":"#0","tintindex":0,"uv":[9.21875,1.5,9.46875,1.625]},"north":{"rotation":0,"texture":"#0","tintindex":0,"uv":[5.28125,9.09375,5.59375,9.21875]},"south":{"rotation":0,"texture":"#0","tintindex":0,"uv":[9.09375,5.8125,9.40625,5.9375]},"up":{"rotation":0,"texture":"#0","tintindex":0,"uv":[8.34375,8.65625,8.03125,8.40625]},"west":{"rotation":0,"texture":"#0","tintindex":0,"uv":[9.21875,2.0625,9.46875,2.1875]}},"from":[5.018,6.1616936,7.0817833],"name":"cube","rotation":{"angle":0.0,"axis":"x","origin":[8.612,10.398961,28.263577]},"to":[11.0060005,8.549694,11.869784]},{"faces":{"down":{"rotation":0,"texture":"#0","tintindex":0,"uv":[8.75,5.59375,8.4375,5.84375]},"east":{"rotation":0,"texture":"#0","tintindex":0,"uv":[9.21875,2.1875,9.46875,2.3125]},"north":{"rotation":0,"texture":"#0","tintindex":0,"uv":[9.09375,8.875,9.40625,9.0]},"south":{"rotation":0,"texture":"#0","tintindex":0,"uv":[9.09375,9.0,9.40625,9.125]},"up":{"rotation":0,"texture":"#0","tintindex":0,"uv":[8.75,5.59375,8.4375,5.34375]},"west":{"rotation":0,"texture":"#0","tintindex":0,"uv":[9.21875,2.3125,9.46875,2.4375]}},"from":[5.018,6.1616936,7.0817833],"name":"cube","rotation":{"angle":0.0,"axis":"x","origin":[8.612,10.398961,28.263577]},"to":[11.0060005,8.549694,11.869784]},{"faces":{"down":{"rotation":0,"texture":"#0","tintindex":0,"uv":[3.84375,9.75,3.71875,9.875]},"east":{"rotation":0,"texture":"#0","tintindex":0,"uv":[1.84375,9.4375,1.96875,9.625]},"north":{"rotation":0,"texture":"#0","tintindex":0,"uv":[1.71875,9.4375,1.84375,9.625]},"south":{"rotation":0,"texture":"#0","tintindex":0,"uv":[1.96875,9.4375,2.09375,9.625]},"up":{"rotation":0,"texture":"#0","tintindex":0,"uv":[3.59375,9.875,3.46875,9.75]},"west":{"rotation":0,"texture":"#0","tintindex":0,"uv":[2.09375,9.4375,2.21875,9.625]}},"from":[3.932,-9.149758,15.778735],"name":"cube","rotation":{"angle":45.0,"axis":"x","origin":[8.612,10.398961,28.263577]},"to":[6.332,-5.549758,18.178734]},{"faces":{"down":{"rotation":0,"texture":"#0","tintindex":0,"uv":[3.96875,9.75,3.84375,9.875]},"east":{"rotation":0,"texture":"#0","tintindex":0,"uv":[9.4375,3.09375,9.5625,3.28125]},"north":{"rotation":0,"texture":"#0","tintindex":0,"uv":[2.21875,9.4375,2.34375,9.625]},"south":{"rotation":0,"texture":"#0","tintindex":0,"uv":[9.4375,3.75,9.5625,3.9375]},"up":{"rotation":0,"texture":"#0","tintindex":0,"uv":[9.875,3.90625,9.75,3.78125]},"west":{"rotation":0,"texture":"#0","tintindex":0,"uv":[3.78125,9.4375,3.90625,9.625]}},"from":[6.6920004,-9.149758,15.778735],"name":"cube","rotation":{"angle":45.0,"axis":"x","origin":[8.612,10.398961,28.263577]},"to":[9.092001,-5.549758,18.178734]},{"faces":{"down":{"rotation":0,"texture":"#0","tintindex":0,"uv":[4.34375,9.75,4.21875,9.875]},"east":{"rotation":0,"texture":"#0","tintindex":0,"uv":[4.25,9.4375,4.375,9.625]},"north":{"rotation":0,"texture":"#0","tintindex":0,"uv":[3.90625,9.4375,4.03125,9.625]},"south":{"rotation":0,"texture":"#0","tintindex":0,"uv":[4.71875,9.4375,4.84375,9.625]},"up":{"rotation":0,"texture":"#0","tintindex":0,"uv":[4.09375,9.875,3.96875,9.75]},"west":{"rotation":0,"texture":"#0","tintindex":0,"uv":[4.84375,9.4375,4.96875,9.625]}},"from":[9.812,-9.149758,15.778735],"name":"cube","rotation":{"angle":45.0,"axis":"x","origin":[8.612,10.398961,28.263577]},"to":[12.212001,-5.549758,18.178734]},{"faces":{"down":{"rotation":0,"texture":"#0","tintindex":0,"uv":[3.9375,9.96875,3.84375,10.0625]},"east":{"rotation":0,"texture":"#0","tintindex":0,"uv":[9.53125,4.40625,9.625,4.59375]},"north":{"rotation":0,"texture":"#0","tintindex":0,"uv":[9.53125,2.3125,9.625,2.5]},"south":{"rotation":0,"texture":"#0","tintindex":0,"uv":[4.53125,9.53125,4.625,9.71875]},"up":{"rotation":0,"texture":"#0","tintindex":0,"uv":[3.84375,10.0625,3.75,9.96875]},"west":{"rotation":0,"texture":"#0","tintindex":0,"uv":[4.625,9.53125,4.71875,9.71875]}},"from":[7.0520005,-5.625231,9.590663],"name":"cube","rotation":{"angle":22.5,"axis":"x","origin":[8.612,10.398961,28.263577]},"to":[8.732,-2.1452303,11.270664]},{"faces":{"down":{"rotation":0,"texture":"#0","tintindex":0,"uv":[10.0625,4.15625,9.96875,4.25]},"east":{"rotation":0,"texture":"#0","tintindex":0,"uv":[9.53125,5.3125,9.625,5.5]},"north":{"rotation":0,"texture":"#0","tintindex":0,"uv":[9.53125,5.125,9.625,5.3125]},"south":{"rotation":0,"texture":"#0","tintindex":0,"uv":[5.78125,9.53125,5.875,9.71875]},"up":{"rotation":0,"texture":"#0","tintindex":0,"uv":[4.03125,10.0625,3.9375,9.96875]},"west":{"rotation":0,"texture":"#0","tintindex":0,"uv":[9.53125,6.0,9.625,6.1875]}},"from":[4.2920003,-5.625231,9.590663],"name":"cube","rotation":{"angle":22.5,"axis":"x","origin":[8.612,10.398961,28.263577]},"to":[5.972,-2.1452303,11.270664]},{"faces":{"down":{"rotation":0,"texture":"#0","tintindex":0,"uv":[10.0625,4.34375,9.96875,4.4375]},"east":{"rotation":0,"texture":"#0","tintindex":0,"uv":[9.125,9.53125,9.21875,9.71875]},"north":{"rotation":0,"texture":"#0","tintindex":0,"uv":[9.53125,8.8125,9.625,9.0]},"south":{"rotation":0,"texture":"#0","tintindex":0,"uv":[9.21875,9.53125,9.3125,9.71875]},"up":{"rotation":0,"texture":"#0","tintindex":0,"uv":[10.0625,4.34375,9.96875,4.25]},"west":{"rotation":0,"texture":"#0","tintindex":0,"uv":[9.3125,9.53125,9.40625,9.71875]}},"from":[10.172001,-5.625231,9.590663],"name":"cube","rotation":{"angle":22.5,"axis":"x","origin":[8.612,10.398961,28.263577]},"to":[11.852001,-2.1452303,11.270664]},{"faces":{"down":{"rotation":0,"texture":"#0","tintindex":0,"uv":[0.0,0.0,0.0,0.1875]},"east":{"rotation":0,"texture":"#0","tintindex":0,"uv":[1.0625,9.0625,1.25,9.28125]},"north":{"rotation":0,"texture":"#0","tintindex":0,"uv":[0.0,0.0,0.0,0.21875]},"south":{"rotation":0,"texture":"#0","tintindex":0,"uv":[0.0,0.0,0.0,0.21875]},"up":{"rotation":0,"texture":"#0","tintindex":0,"uv":[0.0,0.1875,0.0,0.0]},"west":{"rotation":0,"texture":"#0","tintindex":0,"uv":[9.0625,1.0625,9.25,1.28125]}},"from":[10.892,-9.705231,9.230663],"name":"cube","rotation":{"angle":22.5,"axis":"x","origin":[8.612,10.398961,28.263577]},"to":[10.892,-5.505231,12.830664]},{"faces":{"down":{"rotation":0,"texture":"#0","tintindex":0,"uv":[0.0,0.0,0.0,0.1875]},"east":{"rotation":0,"texture":"#0","tintindex":0,"uv":[1.25,9.0625,1.4375,9.28125]},"north":{"rotation":0,"texture":"#0","tintindex":0,"uv":[0.0,0.0,0.0,0.21875]},"south":{"rotation":0,"texture":"#0","tintindex":0,"uv":[0.0,0.0,0.0,0.21875]},"up":{"rotation":0,"texture":"#0","tintindex":0,"uv":[0.0,0.1875,0.0,0.0]},"west":{"rotation":0,"texture":"#0","tintindex":0,"uv":[9.0625,1.28125,9.25,1.5]}},"from":[7.892,-9.705231,9.230663],"name":"cube","rotation":{"angle":22.5,"axis":"x","origin":[8.612,10.398961,28.263577]},"to":[7.892,-5.505231,12.830664]},{"faces":{"down":{"rotation":0,"texture":"#0","tintindex":0,"uv":[0.0,0.0,0.0,0.1875]},"east":{"rotation":0,"texture":"#0","tintindex":0,"uv":[2.125,9.0625,2.3125,9.28125]},"north":{"rotation":0,"texture":"#0","tintindex":0,"uv":[0.0,0.0,0.0,0.21875]},"south":{"rotation":0,"texture":"#0","tintindex":0,"uv":[0.0,0.0,0.0,0.21875]},"up":{"rotation":0,"texture":"#0","tintindex":0,"uv":[0.0,0.1875,0.0,0.0]},"west":{"rotation":0,"texture":"#0","tintindex":0,"uv":[2.3125,9.0625,2.5,9.28125]}},"from":[5.132,-9.705231,9.230663],"name":"cube","rotation":{"angle":22.5,"axis":"x","origin":[8.612,10.398961,28.263577]},"to":[5.132,-5.505231,12.830664]}],"textures":{"0":"modelengine:entity/nocsy_darkdragon_saddled_version"}}