{"textures":{"0":"modelengine:entity/nocsy_darkdragon_saddled_version"},"elements":[{"name":"cube","from":[6.488,7.660205,5.4654474],"to":[9.368,10.540201,8.345447],"rotation":{"angle":0.0,"axis":"x","origin":[-0.021893263,16.025059,3.1287134]},"faces":{"down":{"uv":[9.6875,3.15625,9.5625,3.28125],"rotation":0,"texture":"#0","tintindex":0},"east":{"uv":[2.59375,9.5625,2.71875,9.6875],"rotation":0,"texture":"#0","tintindex":0},"north":{"uv":[2.46875,9.5625,2.59375,9.6875],"rotation":0,"texture":"#0","tintindex":0},"south":{"uv":[2.71875,9.5625,2.84375,9.6875],"rotation":0,"texture":"#0","tintindex":0},"up":{"uv":[9.6875,3.15625,9.5625,3.03125],"rotation":0,"texture":"#0","tintindex":0},"west":{"uv":[2.84375,9.5625,2.96875,9.6875],"rotation":0,"texture":"#0","tintindex":0}}},{"name":"cube","from":[6.8479996,12.37483,9.527754],"to":[9.008,14.894826,12.047755],"rotation":{"angle":22.5,"axis":"x","origin":[4.208107,26.015064,-1.941287]},"faces":{"down":{"uv":[6.75,9.5625,6.625,9.6875],"rotation":0,"texture":"#0","tintindex":0},"east":{"uv":[9.5625,4.25,9.6875,4.375],"rotation":0,"texture":"#0","tintindex":0},"north":{"uv":[9.5625,3.71875,9.6875,3.84375],"rotation":0,"texture":"#0","tintindex":0},"south":{"uv":[5.46875,9.5625,5.59375,9.6875],"rotation":0,"texture":"#0","tintindex":0},"up":{"uv":[9.6875,6.3125,9.5625,6.1875],"rotation":0,"texture":"#0","tintindex":0},"west":{"uv":[6.03125,9.5625,6.15625,9.6875],"rotation":0,"texture":"#0","tintindex":0}}},{"name":"cube","from":[7.2079997,18.13298,12.057854],"to":[8.8880005,19.81298,13.737853],"rotation":{"angle":45.0,"axis":"x","origin":[4.208107,26.015064,-1.941287]},"faces":{"down":{"uv":[8.9375,9.875,8.84375,9.96875],"rotation":0,"texture":"#0","tintindex":0},"east":{"uv":[9.875,8.125,9.96875,8.21875],"rotation":0,"texture":"#0","tintindex":0},"north":{"uv":[8.03125,9.875,8.125,9.96875],"rotation":0,"texture":"#0","tintindex":0},"south":{"uv":[9.875,8.6875,9.96875,8.78125],"rotation":0,"texture":"#0","tintindex":0},"up":{"uv":[9.96875,8.875,9.875,8.78125],"rotation":0,"texture":"#0","tintindex":0},"west":{"uv":[8.75,9.875,8.84375,9.96875],"rotation":0,"texture":"#0","tintindex":0}}},{"name":"cube","from":[7.448,10.420201,1.1454465],"to":[8.648,11.620201,3.5454466],"rotation":{"angle":0.0,"axis":"x","origin":[4.208107,26.015064,-1.941287]},"faces":{"down":{"uv":[3.0625,9.78125,2.96875,9.9375],"rotation":0,"texture":"#0","tintindex":0},"east":{"uv":[7.75,4.84375,7.90625,4.9375],"rotation":0,"texture":"#0","tintindex":0},"north":{"uv":[9.875,8.875,9.96875,8.96875],"rotation":0,"texture":"#0","tintindex":0},"south":{"uv":[8.9375,9.875,9.03125,9.96875],"rotation":0,"texture":"#0","tintindex":0},"up":{"uv":[9.125,9.90625,9.03125,9.75],"rotation":0,"texture":"#0","tintindex":0},"west":{"uv":[9.71875,2.90625,9.875,3.0],"rotation":0,"texture":"#0","tintindex":0}}},{"name":"cube","from":[7.6879997,9.00071,-7.138317],"to":[8.407999,9.720714,-5.218319],"rotation":{"angle":-22.5,"axis":"x","origin":[4.328107,27.935062,-6.5012865]},"faces":{"down":{"uv":[4.1875,9.78125,4.09375,9.9375],"rotation":0,"texture":"#0","tintindex":0},"east":{"uv":[9.71875,4.09375,9.875,4.1875],"rotation":0,"texture":"#0","tintindex":0},"north":{"uv":[9.875,8.96875,9.96875,9.0625],"rotation":0,"texture":"#0","tintindex":0},"south":{"uv":[9.875,9.1875,9.96875,9.28125],"rotation":0,"texture":"#0","tintindex":0},"up":{"uv":[3.6875,9.9375,3.59375,9.78125],"rotation":0,"texture":"#0","tintindex":0},"west":{"uv":[9.75,4.75,9.90625,4.84375],"rotation":0,"texture":"#0","tintindex":0}}}],"display":{"head":{"translation":[0.0,-6.4,0.0],"rotation":[0.0,0.0,0.0],"scale":[3.8095,3.8095,3.8095]}}}