{"display":{"head":{"rotation":[0.0,0.0,0.0],"scale":[3.7333333,3.7333333,3.7333333],"translation":[0.0,34.032776,34.62952]}},"elements":[{"faces":{"down":{"rotation":0,"texture":"#0","tintindex":0,"uv":[7.0,9.5625,6.875,9.6875]},"east":{"rotation":0,"texture":"#0","tintindex":0,"uv":[1.84375,7.8125,1.96875,8.6875]},"north":{"rotation":0,"texture":"#0","tintindex":0,"uv":[1.71875,7.8125,1.84375,8.6875]},"south":{"rotation":0,"texture":"#0","tintindex":0,"uv":[1.96875,7.8125,2.09375,8.6875]},"up":{"rotation":0,"texture":"#0","tintindex":0,"uv":[6.875,9.6875,6.75,9.5625]},"west":{"rotation":0,"texture":"#0","tintindex":0,"uv":[4.875,7.84375,5.0,8.71875]}},"from":[6.824319,-3.4020367,-1.8093033],"name":"cube","rotation":{"angle":0.0,"axis":"x","origin":[8.343227,-9.432347,9.397863]},"to":[8.538605,8.597963,-0.09501743]},{"faces":{"down":{"rotation":0,"texture":"#0","tintindex":0,"uv":[0.0,0.0,0.0,2.0]},"east":{"rotation":0,"texture":"#0","tintindex":0,"uv":[0.0,0.0,2.0,2.5625]},"north":{"rotation":0,"texture":"#0","tintindex":0,"uv":[0.0,0.0,0.0,2.5625]},"south":{"rotation":0,"texture":"#0","tintindex":0,"uv":[0.0,0.0,0.0,2.5625]},"up":{"rotation":0,"texture":"#0","tintindex":0,"uv":[0.0,2.0,0.0,0.0]},"west":{"rotation":0,"texture":"#0","tintindex":0,"uv":[2.0,0.0,4.0,2.5625]}},"from":[7.595747,-3.4020367,-1.8093033],"name":"cube","rotation":{"angle":0.0,"axis":"x","origin":[8.343227,-9.432347,9.397863]},"to":[7.595747,31.740814,25.61927]},{"faces":{"down":{"rotation":0,"texture":"#0","tintindex":0,"uv":[7.34375,8.1875,7.21875,8.875]},"east":{"rotation":0,"texture":"#0","tintindex":0,"uv":[7.96875,6.125,8.65625,6.25]},"north":{"rotation":0,"texture":"#0","tintindex":0,"uv":[7.0,9.5625,7.125,9.6875]},"south":{"rotation":0,"texture":"#0","tintindex":0,"uv":[9.5625,7.59375,9.6875,7.71875]},"up":{"rotation":0,"texture":"#0","tintindex":0,"uv":[6.125,8.84375,6.0,8.15625]},"west":{"rotation":0,"texture":"#0","tintindex":0,"uv":[8.09375,0.875,8.78125,1.0]}},"from":[6.9100327,11.948309,2.0684814],"name":"cube","rotation":{"angle":-45.0,"axis":"x","origin":[9.20037,0.85336685,19.855005]},"to":[8.45289,13.491169,11.325626]},{"faces":{"down":{"rotation":0,"texture":"#0","tintindex":0,"uv":[6.0625,9.15625,5.9375,9.40625]},"east":{"rotation":0,"texture":"#0","tintindex":0,"uv":[9.15625,4.9375,9.40625,5.0625]},"north":{"rotation":0,"texture":"#0","tintindex":0,"uv":[9.5625,7.71875,9.6875,7.84375]},"south":{"rotation":0,"texture":"#0","tintindex":0,"uv":[7.84375,9.5625,7.96875,9.6875]},"up":{"rotation":0,"texture":"#0","tintindex":0,"uv":[4.71875,9.40625,4.59375,9.15625]},"west":{"rotation":0,"texture":"#0","tintindex":0,"uv":[9.15625,5.46875,9.40625,5.59375]}},"from":[6.9100327,-3.9163237,-3.609303],"name":"cube","rotation":{"angle":0.0,"axis":"x","origin":[9.20037,0.85336685,19.855005]},"to":[8.45289,-2.3734655,-0.35216045]},{"faces":{"down":{"rotation":0,"texture":"#0","tintindex":0,"uv":[9.6875,9.40625,9.5625,9.53125]},"east":{"rotation":0,"texture":"#0","tintindex":0,"uv":[9.5625,7.96875,9.6875,8.09375]},"north":{"rotation":0,"texture":"#0","tintindex":0,"uv":[9.5625,7.84375,9.6875,7.96875]},"south":{"rotation":0,"texture":"#0","tintindex":0,"uv":[9.5625,8.09375,9.6875,8.21875]},"up":{"rotation":0,"texture":"#0","tintindex":0,"uv":[9.6875,8.5625,9.5625,8.4375]},"west":{"rotation":0,"texture":"#0","tintindex":0,"uv":[8.40625,9.5625,8.53125,9.6875]}},"from":[6.7386045,-8.16121,-2.6734028],"name":"cube","rotation":{"angle":22.5,"axis":"x","origin":[9.20037,0.25336647,8.240721]},"to":[8.624319,-6.275497,-0.78768826]},{"faces":{"down":{"rotation":0,"texture":"#0","tintindex":0,"uv":[9.71875,1.6875,9.59375,1.8125]},"east":{"rotation":0,"texture":"#0","tintindex":0,"uv":[0.53125,9.59375,0.65625,9.71875]},"north":{"rotation":0,"texture":"#0","tintindex":0,"uv":[0.0,9.59375,0.125,9.71875]},"south":{"rotation":0,"texture":"#0","tintindex":0,"uv":[9.59375,0.6875,9.71875,0.8125]},"up":{"rotation":0,"texture":"#0","tintindex":0,"uv":[9.71875,1.3125,9.59375,1.1875]},"west":{"rotation":0,"texture":"#0","tintindex":0,"uv":[9.59375,1.0625,9.71875,1.1875]}},"from":[6.995747,-11.276014,0.060064316],"name":"cube","rotation":{"angle":45.0,"axis":"x","origin":[9.20037,0.25336647,8.240721]},"to":[8.367176,-9.904588,1.4314928]},{"faces":{"down":{"rotation":0,"texture":"#0","tintindex":0,"uv":[9.5,9.875,9.40625,9.96875]},"east":{"rotation":0,"texture":"#0","tintindex":0,"uv":[9.78125,6.8125,9.875,6.96875]},"north":{"rotation":0,"texture":"#0","tintindex":0,"uv":[9.78125,6.40625,9.875,6.5625]},"south":{"rotation":0,"texture":"#0","tintindex":0,"uv":[7.5,9.78125,7.59375,9.9375]},"up":{"rotation":0,"texture":"#0","tintindex":0,"uv":[9.40625,9.96875,9.3125,9.875]},"west":{"rotation":0,"texture":"#0","tintindex":0,"uv":[7.59375,9.78125,7.6875,9.9375]}},"from":[7.25289,2.8173466,-5.27432],"name":"cube","rotation":{"angle":-22.5,"axis":"x","origin":[9.20037,0.25336647,8.240721]},"to":[8.110033,4.5316324,-4.417177]},{"faces":{"down":{"rotation":0,"texture":"#0","tintindex":0,"uv":[0.75,8.0,0.625,8.8125]},"east":{"rotation":0,"texture":"#0","tintindex":0,"uv":[7.78125,3.375,8.59375,3.5]},"north":{"rotation":0,"texture":"#0","tintindex":0,"uv":[9.59375,2.15625,9.71875,2.28125]},"south":{"rotation":0,"texture":"#0","tintindex":0,"uv":[9.59375,2.625,9.71875,2.75]},"up":{"rotation":0,"texture":"#0","tintindex":0,"uv":[4.875,8.6875,4.75,7.875]},"west":{"rotation":0,"texture":"#0","tintindex":0,"uv":[7.78125,3.5,8.59375,3.625]}},"from":[6.914318,7.707348,7.201393],"name":"cube","rotation":{"angle":-22.5,"axis":"x","origin":[9.20037,0.85336685,19.855005]},"to":[8.448605,9.241634,18.164251]},{"faces":{"down":{"rotation":0,"texture":"#0","tintindex":0,"uv":[3.59375,8.0,3.46875,8.8125]},"east":{"rotation":0,"texture":"#0","tintindex":0,"uv":[7.78125,3.625,8.59375,3.75]},"north":{"rotation":0,"texture":"#0","tintindex":0,"uv":[9.59375,2.75,9.71875,2.875]},"south":{"rotation":0,"texture":"#0","tintindex":0,"uv":[9.59375,2.875,9.71875,3.0]},"up":{"rotation":0,"texture":"#0","tintindex":0,"uv":[3.46875,8.8125,3.34375,8.0]},"west":{"rotation":0,"texture":"#0","tintindex":0,"uv":[7.90625,0.4375,8.71875,0.5625]}},"from":[6.9100327,6.4567356,15.249809],"name":"cube","rotation":{"angle":0.0,"axis":"x","origin":[9.20037,12.8121395,33.271263]},"to":[8.45289,7.999592,26.221237]},{"faces":{"down":{"rotation":0,"texture":"#0","tintindex":0,"uv":[9.28125,8.1875,9.15625,8.4375]},"east":{"rotation":0,"texture":"#0","tintindex":0,"uv":[9.15625,6.0,9.40625,6.125]},"north":{"rotation":0,"texture":"#0","tintindex":0,"uv":[9.59375,3.40625,9.71875,3.53125]},"south":{"rotation":0,"texture":"#0","tintindex":0,"uv":[9.59375,3.53125,9.71875,3.65625]},"up":{"rotation":0,"texture":"#0","tintindex":0,"uv":[6.625,9.40625,6.5,9.15625]},"west":{"rotation":0,"texture":"#0","tintindex":0,"uv":[9.15625,6.125,9.40625,6.25]}},"from":[6.7386045,6.328163,24.335526],"name":"cube","rotation":{"angle":0.0,"axis":"x","origin":[9.20037,12.554995,32.799835]},"to":[8.624319,8.213877,27.935524]},{"faces":{"down":{"rotation":0,"texture":"#0","tintindex":0,"uv":[6.0,9.59375,5.875,9.71875]},"east":{"rotation":0,"texture":"#0","tintindex":0,"uv":[4.375,9.59375,4.5,9.71875]},"north":{"rotation":0,"texture":"#0","tintindex":0,"uv":[9.59375,4.0625,9.71875,4.1875]},"south":{"rotation":0,"texture":"#0","tintindex":0,"uv":[9.59375,4.59375,9.71875,4.71875]},"up":{"rotation":0,"texture":"#0","tintindex":0,"uv":[9.71875,5.90625,9.59375,5.78125]},"west":{"rotation":0,"texture":"#0","tintindex":0,"uv":[9.59375,4.90625,9.71875,5.03125]}},"from":[6.995747,2.5118465,29.685707],"name":"cube","rotation":{"angle":22.5,"axis":"x","origin":[9.20037,10.669283,39.314117]},"to":[8.367176,3.883277,31.057144]},{"faces":{"down":{"rotation":0,"texture":"#0","tintindex":0,"uv":[8.5625,9.78125,8.46875,9.9375]},"east":{"rotation":0,"texture":"#0","tintindex":0,"uv":[9.75,5.59375,9.90625,5.6875]},"north":{"rotation":0,"texture":"#0","tintindex":0,"uv":[9.875,9.4375,9.96875,9.53125]},