{"textures":{"0":"modelengine:entity/nocsy_darkdragon_saddled_version"},"elements":[{"name":"cube","from":[5.753333,9.717016,11.149633],"to":[10.553333,14.517015,14.749634],"rotation":{"angle":-22.5,"axis":"x","origin":[8.153334,-6.951994,19.993954]},"faces":{"down":{"uv":[2.125,9.0,1.875,9.1875],"rotation":0,"texture":"#0","tintindex":0},"east":{"uv":[8.96875,8.1875,9.15625,8.4375],"rotation":0,"texture":"#0","tintindex":0},"north":{"uv":[6.59375,8.6875,6.84375,8.9375],"rotation":0,"texture":"#0","tintindex":0},"south":{"uv":[6.84375,8.6875,7.09375,8.9375],"rotation":0,"texture":"#0","tintindex":0},"up":{"uv":[9.21875,8.625,8.96875,8.4375],"rotation":0,"texture":"#0","tintindex":0},"west":{"uv":[9.0,0.0,9.1875,0.25],"rotation":0,"texture":"#0","tintindex":0}}},{"name":"cube","from":[5.033333,13.317016,9.949635],"to":[7.4333334,15.717016,13.549634],"rotation":{"angle":-22.5,"axis":"x","origin":[8.153334,-6.951994,19.993954]},"faces":{"down":{"uv":[7.3125,9.4375,7.1875,9.625],"rotation":0,"texture":"#0","tintindex":0},"east":{"uv":[9.4375,6.6875,9.625,6.8125],"rotation":0,"texture":"#0","tintindex":0},"north":{"uv":[9.75,8.84375,9.875,8.96875],"rotation":0,"texture":"#0","tintindex":0},"south":{"uv":[8.90625,9.75,9.03125,9.875],"rotation":0,"texture":"#0","tintindex":0},"up":{"uv":[6.34375,9.625,6.21875,9.4375],"rotation":0,"texture":"#0","tintindex":0},"west":{"uv":[7.0,9.4375,7.1875,9.5625],"rotation":0,"texture":"#0","tintindex":0}}},{"name":"cube","from":[8.753333,13.317016,9.949635],"to":[11.153334,15.717016,13.549634],"rotation":{"angle":-22.5,"axis":"x","origin":[8.153334,-6.951994,19.993954]},"faces":{"down":{"uv":[9.5625,8.03125,9.4375,8.21875],"rotation":0,"texture":"#0","tintindex":0},"east":{"uv":[9.4375,7.15625,9.625,7.28125],"rotation":0,"texture":"#0","tintindex":0},"north":{"uv":[9.75,8.96875,9.875,9.09375],"rotation":0,"texture":"#0","tintindex":0},"south":{"uv":[9.75,9.21875,9.875,9.34375],"rotation":0,"texture":"#0","tintindex":0},"up":{"uv":[8.15625,9.625,8.03125,9.4375],"rotation":0,"texture":"#0","tintindex":0},"west":{"uv":[7.84375,9.4375,8.03125,9.5625],"rotation":0,"texture":"#0","tintindex":0}}},{"name":"cube","from":[9.113333,10.429235,14.844087],"to":[10.793333,12.109237,17.724087],"rotation":{"angle":-45.0,"axis":"x","origin":[9.953333,-6.511235,12.277936]},"faces":{"down":{"uv":[1.375,9.875,1.28125,10.03125],"rotation":0,"texture":"#0","tintindex":0},"east":{"uv":[0.96875,9.875,1.125,9.96875],"rotation":0,"texture":"#0","tintindex":0},"north":{"uv":[7.09375,9.96875,7.1875,10.0625],"rotation":0,"texture":"#0","tintindex":0},"south":{"uv":[9.96875,7.125,10.0625,7.21875],"rotation":0,"texture":"#0","tintindex":0},"up":{"uv":[9.96875,1.375,9.875,1.21875],"rotation":0,"texture":"#0","tintindex":0},"west":{"uv":[1.125,9.875,1.28125,9.96875],"rotation":0,"texture":"#0","tintindex":0}}},{"name":"cube","from":[9.833334,8.209236,10.344087],"to":[9.833334,13.009236,15.144087],"rotation":{"angle":-45.0,"axis":"x","origin":[9.953333,-6.511235,12.277936]},"faces":{"down":{"uv":[0.0,0.0,0.0,0.25],"rotation":0,"texture":"#0","tintindex":0},"east":{"uv":[8.6875,7.5,8.9375,7.75],"rotation":0,"texture":"#0","tintindex":0},"north":{"uv":[0.0,0.0,0.0,0.25],"rotation":0,"texture":"#0","tintindex":0},"south":{"uv":[0.0,0.0,0.0,0.25],"rotation":0,"texture":"#0","tintindex":0},"up":{"uv":[0.0,0.25,0.0,0.0],"rotation":0,"texture":"#0","tintindex":0},"west":{"uv":[8.71875,1.71875,8.96875,1.96875],"rotation":0,"texture":"#0","tintindex":0}}},{"name":"cube","from":[6.0533333,8.209236,10.344087],"to":[6.0533333,13.009236,15.144087],"rotation":{"angle":-45.0,"axis":"x","origin":[9.953333,-6.511235,12.277936]},"faces":{"down":{"uv":[0.0,0.0,0.0,0.25],"rotation":0,"texture":"#0","tintindex":0},"east":{"uv":[8.71875,1.96875,8.96875,2.21875],"rotation":0,"texture":"#0","tintindex":0},"north":{"uv":[0.0,0.0,0.0,0.25],"rotation":0,"texture":"#0","tintindex":0},"south":{"uv":[0.0,0.0,0.0,0.25],"rotation":0,"texture":"#0","tintindex":0},"up":{"uv":[0.0,0.25,0.0,0.0],"rotation":0,"texture":"#0","tintindex":0},"west":{"uv":[8.71875,2.21875,8.96875,2.46875],"rotation":0,"texture":"#0","tintindex":0}}},{"name":"cube","from":[7.673333,4.7577744,4.6936164],"to":[7.673333,9.557775,9.493616],"rotation":{"angle":-22.5,"axis":"x","origin":[9.953333,-6.511235,12.277936]},"faces":{"down":{"uv":[0.0,0.0,0.0,0.25],"rotation":0,"texture":"#0","tintindex":0},"east":{"uv":[8.71875,2.46875,8.96875,2.71875],"rotation":0,"texture":"#0","tintindex":0},"north":{"uv":[0.0,0.0,0.0,0.25],"rotation":0,"texture":"#0","tintindex":0},"south":{"uv":[0.0,0.0,0.0,0.25],"rotation":0,"texture":"#0","tintindex":0},"up":{"uv":[0.0,0.25,0.0,0.0],"rotation":0,"texture":"#0","tintindex":0},"west":{"uv":[8.71875,2.71875,8.96875,2.96875],"rotation":0,"texture":"#0","tintindex":0}}},{"name":"cube","from":[5.273333,10.429235,14.844087],"to":[6.953333,12.109237,17.724087],"rotation":{"angle":-45.0,"axis":"x","origin":[9.953333,-6.511235,12.277936]},"faces":{"down":{"uv":[1.90625,9.875,1.8125,10.03125],"rotation":0,"texture":"#0","tintindex":0},"east":{"uv":[9.875,1.375,10.03125,1.46875],"rotation":0,"texture":"#0","tintindex":0},"north":{"uv":[7.1875,9.96875,7.28125,10.0625],"rotation":0,"texture":"#0","tintindex":0},"south":{"uv":[9.96875,7.21875,10.0625,7.3125],"rotation":0,"texture":"#0","tintindex":0},"up":{"uv":[9.96875,1.84375,9.875,1.6875],"rotation":0,"texture":"#0","tintindex":0},"west":{"uv":[1.65625,9.875,1.8125,9.96875],"rotation":0,"texture":"#0","tintindex":0}}},{"name":"cube","from":[6.833333,8.637016,9.949635],"to":[9.233334,11.037016,13.549634],"rotation":{"angle":-22.5,"axis":"x","origin":[8.153334,-6.951994,19.993954]},"faces":{"down":{"uv":[9.125,9.4375,9.0,9.625],"rotation":0,"texture":"#0","tintindex":0},"east":{"uv":[9.4375,8.21875,9.625,8.34375],"rotation":0,"texture":"#0","tintindex":0},"north":{"uv":[9.78125,0.25,9.90625,0.375],"rotation":0,"texture":"#0","tintindex":0},"south":{"uv":[9.78125,2.3125,9.90625,2.4375],"rotation":0,"texture":"#0","tintindex":0},"up":{"uv":[8.28125,9.625,8.15625,9.4375],"rotation":0,"texture":"#0","tintindex":0},"west":{"uv":[8.4375,9.4375,8.625,9.5625],"rotation":0,"texture":"#0","tintindex":0}}}],"display":{"head":{"translation":[0.0,-6.4,0.0],"rotation":[0.0,0.0,0.0],"scale":[3.8095,3.8095,3.8095]}}}