{"textures":{"0":"modelengine:entity/nocsy_dragon_saddled_version"},"elements":[{"name":"cube","from":[1.3999997,-3.4000006,1.5511149],"to":[11.6,7.4,13.551115],"rotation":{"angle":0.0,"axis":"x","origin":[8.0,-3.1599994,-6.608885]},"faces":{"down":{"uv":[6.65625,2.9375,6.125,3.5625],"rotation":0,"texture":"#0","tintindex":0},"east":{"uv":[6.125,1.1875,6.75,1.75],"rotation":0,"texture":"#0","tintindex":0},"north":{"uv":[1.25,6.375,1.78125,6.9375],"rotation":0,"texture":"#0","tintindex":0},"south":{"uv":[1.78125,6.375,2.3125,6.9375],"rotation":0,"texture":"#0","tintindex":0},"up":{"uv":[6.65625,2.9375,6.125,2.3125],"rotation":0,"texture":"#0","tintindex":0},"west":{"uv":[6.125,1.75,6.75,2.3125],"rotation":0,"texture":"#0","tintindex":0}}},{"name":"cube","from":[2.2939997,7.394,4.125115],"to":[10.706,8.606,12.537115],"rotation":{"angle":0.0,"axis":"x","origin":[9.5,-3.1599994,-7.6288853]},"faces":{"down":{"uv":[7.375,5.4375,6.9375,5.875],"rotation":0,"texture":"#0","tintindex":0},"east":{"uv":[9.15625,5.0625,9.59375,5.125],"rotation":0,"texture":"#0","tintindex":0},"north":{"uv":[9.15625,0.4375,9.59375,0.5],"rotation":0,"texture":"#0","tintindex":0},"south":{"uv":[9.15625,5.59375,9.59375,5.65625],"rotation":0,"texture":"#0","tintindex":0},"up":{"uv":[3.71875,7.375,3.28125,6.9375],"rotation":0,"texture":"#0","tintindex":0},"west":{"uv":[9.1875,4.84375,9.625,4.90625],"rotation":0,"texture":"#0","tintindex":0}}},{"name":"cube","from":[1.6999998,7.4,11.811115],"to":[11.3,8.6,13.011116],"rotation":{"angle":0.0,"axis":"x","origin":[10.1,-3.1599994,-7.748886]},"faces":{"down":{"uv":[9.59375,5.9375,9.09375,6.0],"rotation":0,"texture":"#0","tintindex":0},"east":{"uv":[1.1875,6.875,1.25,6.9375],"rotation":0,"texture":"#0","tintindex":0},"north":{"uv":[8.125,6.0625,8.625,6.125],"rotation":0,"texture":"#0","tintindex":0},"south":{"uv":[9.0,0.25,9.5,0.3125],"rotation":0,"texture":"#0","tintindex":0},"up":{"uv":[9.5,4.125,9.0,4.0625],"rotation":0,"texture":"#0","tintindex":0},"west":{"uv":[7.53125,2.5,7.59375,2.5625],"rotation":0,"texture":"#0","tintindex":0}}},{"name":"cube","from":[1.6939996,7.394,3.4051151],"to":[11.306001,8.606,4.6171155],"rotation":{"angle":0.0,"axis":"x","origin":[10.1,-3.1599994,-16.148888]},"faces":{"down":{"uv":[9.65625,0.375,9.15625,0.4375],"rotation":0,"texture":"#0","tintindex":0},"east":{"uv":[2.0625,7.75,2.125,7.8125],"rotation":0,"texture":"#0","tintindex":0},"north":{"uv":[9.125,7.03125,9.625,7.09375],"rotation":0,"texture":"#0","tintindex":0},"south":{"uv":[9.125,7.09375,9.625,7.15625],"rotation":0,"texture":"#0","tintindex":0},"up":{"uv":[9.65625,0.375,9.15625,0.3125],"rotation":0,"texture":"#0","tintindex":0},"west":{"uv":[8.9375,4.71875,9.0,4.78125],"rotation":0,"texture":"#0","tintindex":0}}},{"name":"cube","from":[1.76,7.640001,3.4111152],"to":[5.96,9.440001,4.6111155],"rotation":{"angle":22.5,"axis":"z","origin":[3.8599997,8.840001,4.011115]},"faces":{"down":{"uv":[7.375,3.375,7.15625,3.4375],"rotation":0,"texture":"#0","tintindex":0},"east":{"uv":[7.5625,8.1875,7.625,8.28125],"rotation":0,"texture":"#0","tintindex":0},"north":{"uv":[8.21875,5.34375,8.4375,5.4375],"rotation":0,"texture":"#0","tintindex":0},"south":{"uv":[8.46875,6.59375,8.6875,6.6875],"rotation":0,"texture":"#0","tintindex":0},"up":{"uv":[3.5,6.9375,3.28125,6.875],"rotation":0,"texture":"#0","tintindex":0},"west":{"uv":[7.96875,8.5625,8.03125,8.65625],"rotation":0,"texture":"#0","tintindex":0}}},{"name":"cube","from":[7.04,7.640001,3.4111152],"to":[11.24,9.440001,4.6111155],"rotation":{"angle":-22.5,"axis":"z","origin":[9.139999,8.840001,4.011115]},"faces":{"down":{"uv":[10.09375,0.5625,9.875,0.625],"rotation":0,"texture":"#0","tintindex":0},"east":{"uv":[1.8125,9.09375,1.875,9.1875],"rotation":0,"texture":"#0","tintindex":0},"north":{"uv":[9.4375,8.34375,9.65625,8.4375],"rotation":0,"texture":"#0","tintindex":0},"south":{"uv":[9.125,9.4375,9.34375,9.53125],"rotation":0,"texture":"#0","tintindex":0},"up":{"uv":[8.375,6.75,8.15625,6.6875],"rotation":0,"texture":"#0","tintindex":0},"west":{"uv":[2.0625,9.1875,2.125,9.28125],"rotation":0,"texture":"#0","tintindex":0}}},{"name":"cube","from":[1.0249996,8.959999,4.6111155],"to":[2.8249998,10.16,11.811115],"rotation":{"angle":22.5,"axis":"z","origin":[6.5,8.0,8.331116]},"faces":{"down":{"uv":[6.21875,8.15625,6.125,8.53125],"rotation":0,"texture":"#0","tintindex":0},"east":{"uv":[9.21875,6.5625,9.59375,6.625],"rotation":0,"texture":"#0","tintindex":0},"north":{"uv":[3.625,7.375,3.71875,7.4375],"rotation":0,"texture":"#0","tintindex":0},"south":{"uv":[8.0625,4.0625,8.15625,4.125],"rotation":0,"texture":"#0","tintindex":0},"up":{"uv":[3.0,6.75,2.90625,6.375],"rotation":0,"texture":"#0","tintindex":0},"west":{"uv":[9.21875,6.625,9.59375,6.6875],"rotation":0,"texture":"#0","tintindex":0}}},{"name":"cube","from":[-0.046218872,7.4191346,4.971115],"to":[1.7537813,7.4191346,11.5711155],"rotation":{"angle":45.0,"axis":"z","origin":[1.2137809,7.239135,8.211115]},"faces":{"down":{"uv":[9.25,2.4375,9.15625,2.78125],"rotation":0,"texture":"#0","tintindex":0},"east":{"uv":[0.0,0.0,0.34375,0.0],"rotation":0,"texture":"#0","tintindex":0},"north":{"uv":[0.0,0.0,0.09375,0.0],"rotation":0,"texture":"#0","tintindex":0},"south":{"uv":[0.0,0.0,0.09375,0.0],"rotation":0,"texture":"#0","tintindex":0},"up":{"uv":[5.375,7.84375,5.28125,7.5],"rotation":0,"texture":"#0","tintindex":0},"west":{"uv":[0.0,0.0,0.34375,0.0],"rotation":0,"texture":"#0","tintindex":0}}},{"name":"cube","from":[0.1937809,5.2741337,4.971115],"to":[0.1937809,6.474134,11.5711155],"rotation":{"angle":0.0,"axis":"x","origin":[1.2137809,7.239135,8.211115]},"faces":{"down":{"uv":[0.0,0.0,0.0,0.34375],"rotation":0,"texture":"#0","tintindex":0},"east":{"uv":[7.40625,3.75,7.75,3.8125],"rotation":0,"texture":"#0","tintindex":0},"north":{"uv":[0.0,0.0,0.0,0.0625],"rotation":0,"texture":"#0","tintindex":0},"south":{"uv":[0.0,0.0,0.0,0.0625],"rotation":0,"texture":"#0","tintindex":0},"up":{"uv":[0.0,0.34375,0.0,0.0],"rotation":0,"texture":"#0","tintindex":0},"west":{"uv":[8.46875,0.21875,8.8125,0.28125],"rotation":0,"texture":"#0","tintindex":0}}},{"name":"cube","from":[0.613781,-0.0058658123,4.971115],"to":[0.613781,4.194134,11.5711155],"rotation":{"angle":0.0,"axis":"x","origin":[1.6337808,4.959135,8.211115]},"faces":{"down":{"uv":[0.0,0.0,0.0,0.34375],"rotation":0,"texture":"#0","tintindex":0},"east":{"uv":[8.375,6.6875,8.71875,6.90625],"rotation":0,"texture":"#0","tintindex":0},"north":{"uv":[0.0,0.0,0.0,0.21875],"rotation":0,"texture":"#0","tintindex":0},"south":{"uv":[0.0,0.0,0.0,0.21875],"rotation":0,"texture":"#0","tintindex":0},"up":{"uv":[0.0,0.34375,0.0,0.0],"rotation":0,"texture":"#0","tintindex":0},"west":{"uv":[8.4375,5.84375,8.78125,6.0625],"rotation":0,"texture":"#0","tintindex":0}}},{"name":"cube","from":[-0.25621915,4.1791334,4.971115],"to":[-0.25621915,5.379133,11.5711155],"rotation":{"angle":22.5,"axis":"z","origin":[0.1937809,6.459135,8.271115]},"faces":{"down":{"uv":[0.0,0.0,0.0,0.34375],"rotation":0,"texture":"#0","tintindex":0},"east":{"uv":[9.25,1.4375,9.59375,1.5],"rotation":0,"texture":"#0","tintindex":0},"north":{"uv":[0.0,0.0,0.0,0.0625],"rotation":0,"texture":"#0","tintindex":0},"south":{"uv":[0.0,0.0,0.0,0.0625],"rotation":0,"texture":"#0","tintindex":0},"up":{"uv":[0.0,0.34375,0.0,0.0],"rotation":0,"texture":"#0","tintindex":0},"west":{"uv":[9.40625,0.8125,9.75,0.875],"rotation":0,"texture":"#0","tintindex":0}}},{"name":"cube","from":[12.386219,-0.0058658123,4.971115],"to":[12.386219,4.194134,11.5711155],"rotation":{"angle":0.0,"axis":"x","origin":[11.3662195,4.959135,8.211115]},"faces":{"down":{"uv":[0.0,0.0,0.0,0.34375],"rotation":0,"texture":"#0","tintindex":0},"east":{"uv":[8.4375,7.78125,8.78125,8.0],"rotation":0,"texture":"#0","tintindex":0},"north":{"uv":[0.0,0.0,0.0,0.21875],"rotation":0,"texture":"#0","tintindex":0},"south":{"uv":[0.0,0.0,0.0,0.21875],"rotation":0,"texture":"#0","tintindex":0},"up":{"uv":[0.0,0.34375,0.0,0.0],"rotation":0,